scenario_id,dirt_score,load_kg,fabric_type,water_availability_pct
SC02-00001,6.39,0.69,synthetic,31
SC02-00002,2.23,6.02,delicate,75
SC02-00003,4.22,0.72,cotton,29
SC02-00004,5.05,0.7,cotton,91
SC02-00005,6.5,4.59,cotton,57
SC02-00006,5.89,6.57,delicate,97
SC02-00007,8.06,5.74,synthetic,35
SC02-00008,1.55,7.68,synthetic,13
SC02-00009,0.93,1.23,synthetic,77
SC02-00010,2.65,0.83,heavy,68
SC02-00011,1.25,7.42,delicate,70
SC02-00012,2.93,5.21,synthetic,73
SC02-00013,1.92,1.02,cotton,98
SC02-00014,2.89,1.1,cotton,12
SC02-00015,3.8,3.9,synthetic,20
SC02-00016,3.7,2.07,synthetic,89
SC02-00017,9.37,5.36,cotton,68
SC02-00018,7.29,1.73,heavy,34
SC02-00019,9.9,5.3,cotton,87
SC02-00020,3.24,6.26,delicate,29
SC02-00021,8.22,6.54,heavy,34
SC02-00022,0.66,7.35,synthetic,27
SC02-00023,6.55,3.47,heavy,18
SC02-00024,2.65,2.35,synthetic,95
SC02-00025,5.85,7.23,heavy,46
SC02-00026,2.19,7.98,heavy,11
SC02-00027,7.56,6.96,cotton,80
SC02-00028,1.6,5.6,delicate,49
SC02-00029,3.82,7.97,synthetic,70
SC02-00030,8.61,0.59,delicate,87
SC02-00031,8.85,6.13,synthetic,14
SC02-00032,2.94,1.69,delicate,92
SC02-00033,8.76,2.48,cotton,64
SC02-00034,9.13,7.03,synthetic,81
SC02-00035,5.08,1.99,synthetic,97
SC02-00036,1.62,7.65,delicate,76
SC02-00037,3.24,0.65,synthetic,39
SC02-00038,2.39,2.31,delicate,10
SC02-00039,7.32,6.62,cotton,16
SC02-00040,6.6,7.6,cotton,33
SC02-00041,5.28,5.05,cotton,69
SC02-00042,7.55,5.67,synthetic,51
SC02-00043,9.95,5.37,heavy,66
SC02-00044,4.51,2.36,delicate,43
SC02-00045,0.21,4.65,cotton,0
SC02-00046,0.71,5.23,cotton,8
SC02-00047,9.05,6.95,delicate,65
SC02-00048,2.38,5.52,cotton,69
SC02-00049,1.32,7.52,heavy,31
SC02-00050,7.85,6.56,cotton,12
SC02-00051,0.97,3.73,heavy,52
SC02-00052,4.67,5.97,delicate,7
SC02-00053,4.03,3.04,delicate,31
SC02-00054,1.92,4.52,cotton,54
SC02-00055,1.83,3.97,delicate,56
SC02-00056,8.08,6.92,delicate,6
SC02-00057,6.52,4.55,delicate,11
SC02-00058,9.26,6.87,cotton,52
SC02-00059,4.86,2.1,heavy,7
SC02-00060,1.65,0.52,heavy,33
SC02-00061,9.27,6.39,synthetic,54
SC02-00062,6.97,5.98,heavy,19
SC02-00063,1.9,2.13,delicate,74
SC02-00064,7.36,0.96,synthetic,7
SC02-00065,0.5,4.08,cotton,7
SC02-00066,9.61,1.1,cotton,8
SC02-00067,5.95,5.56,cotton,51
SC02-00068,1.2,7.18,cotton,74
SC02-00069,5.95,5.15,heavy,84
SC02-00070,5.84,4.42,synthetic,26
SC02-00071,6.7,2.86,synthetic,50
SC02-00072,1.31,5.34,heavy,40
SC02-00073,9.29,7.52,delicate,58
SC02-00074,6.21,4.72,delicate,9
SC02-00075,5.38,4.29,cotton,44
SC02-00076,8.81,7.09,synthetic,36
SC02-00077,1.58,6.75,synthetic,78
SC02-00078,9.84,6.55,delicate,85
SC02-00079,8.17,2.75,delicate,17
SC02-00080,2.64,7.17,cotton,34
SC02-00081,2.82,2.08,synthetic,26
SC02-00082,6.87,6.9,heavy,32
SC02-00083,9.05,6.85,delicate,81
SC02-00084,4.24,2.58,delicate,42
SC02-00085,7.71,5.28,synthetic,20
SC02-00086,7.41,4.64,heavy,71
SC02-00087,0.1,1.06,cotton,69
SC02-00088,0.36,3.27,cotton,55
SC02-00089,1.27,2.81,delicate,45
SC02-00090,2.1,2.37,delicate,45
SC02-00091,7.8,7.13,heavy,79
SC02-00092,7.49,7.44,cotton,20
SC02-00093,9.76,6.58,heavy,3
SC02-00094,1.79,7.43,heavy,85
SC02-00095,8.64,6.58,synthetic,20
SC02-00096,7.87,1.31,delicate,60
SC02-00097,2.22,6.62,heavy,44
SC02-00098,3.05,6.47,cotton,28
SC02-00099,0.24,1.95,synthetic,35
SC02-00100,8.64,7.75,synthetic,44
SC02-00101,6.41,3.5,synthetic,3
SC02-00102,1.15,7.78,cotton,74
SC02-00103,9.63,2.49,delicate,76
SC02-00104,4.35,5.96,synthetic,55
SC02-00105,6.06,4.34,heavy,73
SC02-00106,1.9,0.83,heavy,0
SC02-00107,5.2,6.55,cotton,46
SC02-00108,4.31,7.62,synthetic,79
SC02-00109,3.14,6.86,synthetic,64
SC02-00110,3.09,3.56,heavy,89
SC02-00111,2.96,1.45,heavy,85
SC02-00112,9.4,5.58,cotton,78
SC02-00113,5.69,3.55,delicate,38
SC02-00114,2.87,3.72,synthetic,59
SC02-00115,4.42,5.57,heavy,94
SC02-00116,1.7,1.14,synthetic,11
SC02-00117,8.18,6.13,synthetic,28
SC02-00118,8.07,1.61,delicate,31
SC02-00119,9.84,5.08,delicate,58
SC02-00120,4.14,5.22,cotton,91
SC02-00121,6.96,4.21,cotton,18
SC02-00122,6.56,0.54,delicate,99
SC02-00123,4.25,1.82,heavy,6
SC02-00124,5.57,7.38,delicate,58
SC02-00125,1.33,3.98,synthetic,96
SC02-00126,8.91,5.09,heavy,70
SC02-00127,4.46,1.69,heavy,57
SC02-00128,2.59,2.35,synthetic,98
SC02-00129,7.78,4.13,cotton,35
SC02-00130,4.4,5.85,cotton,34
SC02-00131,3.36,7.2,delicate,17
SC02-00132,1.51,3.37,cotton,90
SC02-00133,2.14,3.61,synthetic,69
SC02-00134,4.66,0.97,heavy,49
SC02-00135,9.05,4.88,delicate,97
SC02-00136,5.76,4.08,synthetic,38
SC02-00137,7.53,6.9,heavy,68
SC02-00138,7.48,4.6,cotton,62
SC02-00139,2.19,3.77,delicate,49
SC02-00140,3.36,5.59,heavy,92
SC02-00141,1.65,4.01,cotton,79
SC02-00142,5.34,7.3,delicate,10
SC02-00143,6.43,1.52,heavy,23
SC02-00144,0.5,3.34,cotton,58
SC02-00145,3.27,6.21,heavy,35
SC02-00146,7.52,6.74,synthetic,10
SC02-00147,4.7,6.12,delicate,44
SC02-00148,2.24,1.01,delicate,96
SC02-00149,0.31,2.35,delicate,79
SC02-00150,1.52,1.45,delicate,72
SC02-00151,9.48,3.99,synthetic,98
SC02-00152,3.69,5.04,delicate,99
SC02-00153,8.19,7.74,delicate,74
SC02-00154,0.26,2.84,heavy,50
SC02-00155,9.41,1.99,cotton,13
SC02-00156,6.97,2.76,delicate,72
SC02-00157,7.83,3.1,heavy,84
SC02-00158,3.71,4.29,synthetic,1
SC02-00159,8.5,6.67,delicate,55
SC02-00160,9.61,5.27,heavy,90
SC02-00161,1.53,1.82,synthetic,78
SC02-00162,8.08,4.54,heavy,59
SC02-00163,4.36,5.98,synthetic,41
SC02-00164,8.52,6.73,delicate,35
SC02-00165,8.82,2.33,heavy,72
SC02-00166,6.1,3.34,delicate,63
SC02-00167,8.51,1.86,cotton,45
SC02-00168,7.98,3.05,synthetic,71
SC02-00169,0.1,7.61,delicate,30
SC02-00170,7.2,4.16,cotton,88
SC02-00171,4.76,5.84,heavy,2
SC02-00172,0.93,2.16,cotton,39
SC02-00173,6.64,3.27,synthetic,54
SC02-00174,9.97,4.63,synthetic,89
SC02-00175,4.54,2.8,cotton,15
SC02-00176,7.21,2.87,cotton,24
SC02-00177,2.16,4.13,synthetic,12
SC02-00178,8.33,2.72,synthetic,22
SC02-00179,3.02,5.81,cotton,35
SC02-00180,0.46,0.91,synthetic,89
SC02-00181,9.44,5.28,heavy,13
SC02-00182,8.73,4.81,heavy,61
SC02-00183,4.4,1.88,delicate,32
SC02-00184,9.41,4.08,delicate,51
SC02-00185,4.92,4.83,delicate,19
SC02-00186,1.49,4.72,synthetic,10
SC02-00187,9.94,1.39,heavy,77
SC02-00188,5.96,5.14,heavy,57
SC02-00189,9.09,2.73,heavy,39
SC02-00190,5.69,0.95,delicate,97
SC02-00191,2.08,2.08,delicate,20
SC02-00192,2.4,4.64,cotton,0
SC02-00193,4.09,5.67,heavy,37
SC02-00194,0.33,2.66,synthetic,89
SC02-00195,8.6,1.03,cotton,33
SC02-00196,7.88,5.19,cotton,54
SC02-00197,1.15,2.19,cotton,34
SC02-00198,8.27,1.04,cotton,39
SC02-00199,5.95,6.68,synthetic,56
SC02-00200,1.24,5.67,heavy,34
SC02-00201,5.0,4.2,delicate,76
SC02-00202,0.4,3.74,synthetic,77
SC02-00203,2.5,1.18,delicate,97
SC02-00204,6.72,2.52,delicate,97
SC02-00205,7.56,4.03,heavy,35
SC02-00206,1.81,4.89,heavy,11
SC02-00207,4.7,3.56,synthetic,85
SC02-00208,1.05,1.71,heavy,88
SC02-00209,4.95,5.47,heavy,97
SC02-00210,5.5,3.91,synthetic,32
SC02-00211,3.23,7.78,heavy,65
SC02-00212,8.25,0.51,heavy,52
SC02-00213,0.54,4.39,heavy,80
SC02-00214,4.42,0.89,synthetic,70
SC02-00215,1.31,2.66,heavy,15
SC02-00216,0.29,5.23,cotton,90
SC02-00217,1.58,4.63,heavy,11
SC02-00218,2.25,6.81,delicate,59
SC02-00219,9.47,5.36,cotton,63
SC02-00220,9.33,2.69,synthetic,53
SC02-00221,8.35,7.85,cotton,58
SC02-00222,5.51,3.38,cotton,8
SC02-00223,2.76,6.43,heavy,43
SC02-00224,9.34,4.31,delicate,36
SC02-00225,7.26,6.78,heavy,19
SC02-00226,4.47,4.13,synthetic,70
SC02-00227,7.63,3.33,synthetic,24
SC02-00228,9.81,2.29,heavy,29
SC02-00229,8.56,3.58,synthetic,95
SC02-00230,4.73,7.35,heavy,49
SC02-00231,9.88,6.44,cotton,63
SC02-00232,9.65,1.45,synthetic,12
SC02-00233,8.74,3.8,heavy,1
SC02-00234,7.22,3.57,cotton,9
SC02-00235,4.69,7.77,synthetic,79
SC02-00236,6.93,5.37,synthetic,86
SC02-00237,8.59,3.35,synthetic,80
SC02-00238,7.19,6.2,delicate,79
SC02-00239,0.68,5.23,synthetic,29
SC02-00240,7.47,3.75,delicate,97
SC02-00241,6.34,7.04,heavy,21
SC02-00242,6.94,7.28,delicate,41
SC02-00243,7.96,2.7,synthetic,55
SC02-00244,1.46,4.48,cotton,21
SC02-00245,1.75,5.07,heavy,79
SC02-00246,6.83,4.23,cotton,29
SC02-00247,4.61,2.4,synthetic,85
SC02-00248,0.09,6.53,synthetic,86
SC02-00249,5.47,1.05,synthetic,75
SC02-00250,2.99,7.72,synthetic,58
SC02-00251,8.45,1.99,heavy,61
SC02-00252,1.07,3.36,synthetic,73
SC02-00253,2.96,5.74,delicate,84
SC02-00254,3.96,0.56,delicate,77
SC02-00255,7.45,6.75,synthetic,99
SC02-00256,7.99,5.05,synthetic,28
SC02-00257,6.37,5.16,cotton,80
SC02-00258,0.97,5.21,delicate,39
SC02-00259,7.89,0.75,synthetic,93
SC02-00260,1.31,7.32,synthetic,95
SC02-00261,4.16,2.01,synthetic,67
SC02-00262,5.02,2.54,cotton,32
SC02-00263,9.14,7.58,synthetic,95
SC02-00264,8.7,6.53,heavy,9
SC02-00265,1.41,7.75,heavy,71
SC02-00266,3.66,6.43,delicate,33
SC02-00267,5.37,3.91,synthetic,74
SC02-00268,3.81,5.29,synthetic,13
SC02-00269,6.75,4.04,synthetic,78
SC02-00270,2.21,0.97,heavy,89
SC02-00271,3.02,3.56,cotton,5
SC02-00272,9.46,2.78,heavy,14
SC02-00273,0.97,7.15,cotton,49
SC02-00274,4.54,5.53,heavy,75
SC02-00275,7.42,1.66,heavy,83
SC02-00276,0.99,4.17,heavy,35
SC02-00277,0.33,3.28,heavy,56
SC02-00278,9.51,6.92,delicate,87
SC02-00279,3.67,7.26,synthetic,7
SC02-00280,3.98,1.92,delicate,58
SC02-00281,0.92,2.09,delicate,6
SC02-00282,7.87,2.33,cotton,100
SC02-00283,5.65,1.01,cotton,75
SC02-00284,2.16,7.02,synthetic,99
SC02-00285,1.48,7.25,delicate,35
SC02-00286,8.58,1.59,cotton,69
SC02-00287,2.51,1.81,delicate,16
SC02-00288,0.15,6.42,cotton,75
SC02-00289,3.24,1.81,delicate,16
SC02-00290,7.42,4.45,delicate,60
SC02-00291,4.48,3.22,delicate,57
SC02-00292,5.04,7.59,delicate,93
SC02-00293,7.83,7.0,synthetic,58
SC02-00294,6.43,0.73,heavy,51
SC02-00295,4.26,1.31,heavy,9
SC02-00296,8.99,2.92,cotton,8
SC02-00297,1.26,5.18,synthetic,48
SC02-00298,9.95,4.48,heavy,64
SC02-00299,6.05,1.24,delicate,83
SC02-00300,6.51,6.27,cotton,55
SC02-00301,4.52,2.21,synthetic,58
SC02-00302,3.99,5.97,synthetic,54
SC02-00303,3.13,2.41,cotton,87
SC02-00304,9.23,1.0,delicate,11
SC02-00305,4.32,6.08,synthetic,16
SC02-00306,5.56,4.9,synthetic,85
SC02-00307,1.22,3.15,heavy,92
SC02-00308,0.51,2.66,synthetic,45
SC02-00309,1.04,4.31,cotton,84
SC02-00310,4.82,6.85,synthetic,71
SC02-00311,3.68,6.22,cotton,54
SC02-00312,8.45,7.81,delicate,77
SC02-00313,9.29,6.72,synthetic,3
SC02-00314,1.8,5.77,synthetic,43
SC02-00315,3.51,1.86,cotton,72
SC02-00316,6.57,1.02,delicate,11
SC02-00317,7.46,2.11,heavy,58
SC02-00318,3.41,3.28,synthetic,99
SC02-00319,9.41,4.97,delicate,19
SC02-00320,1.57,5.13,delicate,34
SC02-00321,4.43,3.68,heavy,53
SC02-00322,2.73,6.16,delicate,44
SC02-00323,4.3,2.62,heavy,67
SC02-00324,6.67,0.84,heavy,76
SC02-00325,0.55,2.03,cotton,98
SC02-00326,1.37,2.42,synthetic,15
SC02-00327,0.08,6.1,cotton,16
SC02-00328,3.8,5.78,synthetic,9
SC02-00329,3.97,6.07,heavy,2
SC02-00330,4.6,1.08,synthetic,73
SC02-00331,4.29,3.53,heavy,37
SC02-00332,1.15,0.66,synthetic,21
SC02-00333,8.01,5.14,synthetic,11
SC02-00334,4.37,1.29,heavy,75
SC02-00335,4.0,1.09,synthetic,95
SC02-00336,3.4,3.0,cotton,9
SC02-00337,5.1,1.36,cotton,99
SC02-00338,3.49,5.96,cotton,30
SC02-00339,1.03,2.42,cotton,77
SC02-00340,1.53,6.19,delicate,22
SC02-00341,9.51,5.21,heavy,96
SC02-00342,5.64,4.85,synthetic,80
SC02-00343,3.16,3.8,heavy,56
SC02-00344,6.31,6.47,delicate,45
SC02-00345,5.07,2.83,heavy,4
SC02-00346,0.57,6.74,delicate,82
SC02-00347,8.64,6.91,heavy,59
SC02-00348,5.8,7.66,delicate,57
SC02-00349,9.09,4.79,cotton,41
SC02-00350,6.05,4.26,delicate,57
SC02-00351,1.04,7.24,synthetic,91
SC02-00352,0.84,5.35,delicate,31
SC02-00353,7.08,7.93,cotton,46
SC02-00354,3.73,2.62,heavy,99
SC02-00355,3.38,4.98,synthetic,8
SC02-00356,3.3,4.68,heavy,36
SC02-00357,2.52,6.89,cotton,42
SC02-00358,0.82,5.48,synthetic,39
SC02-00359,9.68,5.74,heavy,16
SC02-00360,5.95,7.54,synthetic,71
SC02-00361,3.77,6.44,cotton,85
SC02-00362,7.03,7.6,delicate,82
SC02-00363,6.7,4.31,delicate,46
SC02-00364,3.09,7.63,synthetic,98
SC02-00365,4.86,2.2,cotton,19
SC02-00366,0.77,6.83,delicate,64
SC02-00367,7.71,6.76,delicate,84
SC02-00368,3.37,6.25,cotton,76
SC02-00369,3.77,1.72,cotton,92
SC02-00370,4.38,3.58,cotton,56
SC02-00371,6.11,6.14,heavy,29
SC02-00372,5.34,2.82,heavy,24
SC02-00373,3.68,7.6,heavy,59
SC02-00374,7.69,6.34,heavy,20
SC02-00375,8.17,6.51,cotton,32
SC02-00376,0.52,4.1,synthetic,70
SC02-00377,9.34,5.84,delicate,36
SC02-00378,0.84,1.7,heavy,65
SC02-00379,1.47,3.78,cotton,57
SC02-00380,8.85,7.48,heavy,6
SC02-00381,3.96,3.3,heavy,10
SC02-00382,3.75,0.71,delicate,91
SC02-00383,6.5,6.44,cotton,4
SC02-00384,2.87,6.72,cotton,97
SC02-00385,7.06,3.86,delicate,10
SC02-00386,0.19,2.12,cotton,70
SC02-00387,9.4,5.07,heavy,14
SC02-00388,7.76,2.28,delicate,6
SC02-00389,2.38,5.29,heavy,8
SC02-00390,1.11,7.29,delicate,80
SC02-00391,5.15,2.31,cotton,37
SC02-00392,4.29,5.11,cotton,73
SC02-00393,4.17,5.48,delicate,67
SC02-00394,9.75,1.01,delicate,49
SC02-00395,8.73,0.83,heavy,47
SC02-00396,2.54,0.62,delicate,44
SC02-00397,2.41,5.43,delicate,98
SC02-00398,5.82,6.18,cotton,5
SC02-00399,3.52,3.04,cotton,99
SC02-00400,6.85,7.86,heavy,80
SC02-00401,1.82,1.51,heavy,4
SC02-00402,2.93,0.83,cotton,5
SC02-00403,3.16,2.83,heavy,69
SC02-00404,4.73,0.77,cotton,36
SC02-00405,3.57,6.36,synthetic,34
SC02-00406,1.24,3.26,heavy,95
SC02-00407,4.4,7.67,synthetic,23
SC02-00408,4.96,4.23,synthetic,10
SC02-00409,7.27,1.09,cotton,69
SC02-00410,2.94,1.27,synthetic,84
SC02-00411,2.96,3.84,heavy,21
SC02-00412,6.9,3.14,delicate,93
SC02-00413,8.7,3.14,heavy,35
SC02-00414,6.39,6.44,delicate,9
SC02-00415,6.71,3.55,cotton,3
SC02-00416,1.43,5.06,heavy,4
SC02-00417,1.26,2.27,synthetic,46
SC02-00418,3.83,4.75,cotton,86
SC02-00419,4.5,3.28,heavy,97
SC02-00420,0.77,1.53,synthetic,50
SC02-00421,3.14,2.59,delicate,3
SC02-00422,7.36,4.24,heavy,71
SC02-00423,1.18,6.31,heavy,27
SC02-00424,9.96,2.64,heavy,25
SC02-00425,1.23,6.9,heavy,22
SC02-00426,8.99,3.84,delicate,87
SC02-00427,9.68,7.9,synthetic,90
SC02-00428,0.65,4.57,synthetic,20
SC02-00429,7.12,7.45,cotton,46
SC02-00430,5.09,1.41,cotton,17
SC02-00431,2.37,4.21,synthetic,70
SC02-00432,5.72,4.01,cotton,78
SC02-00433,8.84,0.99,heavy,91
SC02-00434,7.19,4.44,heavy,73
SC02-00435,0.74,7.79,delicate,57
SC02-00436,4.66,4.38,cotton,99
SC02-00437,5.51,4.91,cotton,55
SC02-00438,5.03,7.01,delicate,66
SC02-00439,1.53,1.73,synthetic,90
SC02-00440,2.25,7.61,synthetic,10
SC02-00441,2.51,5.26,synthetic,16
SC02-00442,6.25,5.11,delicate,64
SC02-00443,6.41,4.94,cotton,21
SC02-00444,6.59,5.9,synthetic,72
SC02-00445,0.41,6.98,delicate,5
SC02-00446,9.49,6.28,synthetic,83
SC02-00447,2.11,4.79,delicate,63
SC02-00448,8.89,4.59,synthetic,61
SC02-00449,2.45,6.56,heavy,38
SC02-00450,4.54,5.66,cotton,56
SC02-00451,4.16,3.98,synthetic,77
SC02-00452,1.44,6.96,synthetic,93
SC02-00453,9.88,3.09,heavy,16
SC02-00454,7.61,4.36,delicate,40
SC02-00455,2.42,1.42,heavy,31
SC02-00456,1.41,0.88,heavy,78
SC02-00457,4.18,7.72,cotton,41
SC02-00458,9.34,5.91,cotton,97
SC02-00459,1.59,7.97,heavy,63
SC02-00460,8.79,4.23,delicate,50
SC02-00461,5.05,7.75,cotton,74
SC02-00462,3.53,0.88,heavy,76
SC02-00463,8.82,5.41,heavy,36
SC02-00464,5.37,6.85,heavy,17
SC02-00465,8.82,5.96,heavy,46
SC02-00466,0.45,0.88,cotton,46
SC02-00467,5.53,1.05,heavy,97
SC02-00468,5.5,6.69,delicate,16
SC02-00469,9.75,3.45,synthetic,71
SC02-00470,9.39,6.16,cotton,77
SC02-00471,5.09,4.25,delicate,4
SC02-00472,1.37,3.0,heavy,66
SC02-00473,4.57,5.05,cotton,41
SC02-00474,9.31,2.89,heavy,78
SC02-00475,7.39,2.74,synthetic,64
SC02-00476,8.28,4.49,synthetic,60
SC02-00477,8.16,3.26,delicate,53
SC02-00478,5.84,6.48,delicate,76
SC02-00479,4.75,7.75,cotton,92
SC02-00480,0.51,4.1,heavy,18
SC02-00481,8.22,2.32,delicate,24
SC02-00482,0.19,2.85,cotton,52
SC02-00483,6.91,3.58,heavy,94
SC02-00484,7.27,5.79,cotton,71
SC02-00485,3.25,5.47,heavy,40
SC02-00486,9.57,3.95,synthetic,69
SC02-00487,3.54,6.29,synthetic,78
SC02-00488,4.84,7.68,synthetic,71
SC02-00489,2.98,7.56,synthetic,98
SC02-00490,2.89,2.05,heavy,40
SC02-00491,4.8,4.7,synthetic,36
SC02-00492,1.22,5.57,heavy,50
SC02-00493,8.18,7.66,cotton,37
SC02-00494,0.42,7.66,delicate,44
SC02-00495,9.24,5.42,heavy,27
SC02-00496,2.02,4.54,synthetic,17
SC02-00497,1.09,6.06,cotton,31
SC02-00498,0.51,7.29,cotton,81
SC02-00499,2.33,1.25,synthetic,91
SC02-00500,4.72,5.61,cotton,0
SC02-00501,9.65,7.83,cotton,52
SC02-00502,6.53,7.1,heavy,61
SC02-00503,6.51,6.17,synthetic,41
SC02-00504,2.85,0.94,delicate,83
SC02-00505,5.74,4.51,delicate,22
SC02-00506,4.18,6.78,delicate,50
SC02-00507,7.88,1.9,synthetic,4
SC02-00508,0.09,4.76,delicate,42
SC02-00509,2.85,7.92,heavy,17
SC02-00510,8.51,4.01,cotton,14
SC02-00511,3.31,5.98,synthetic,91
SC02-00512,1.86,6.02,synthetic,72
SC02-00513,6.74,1.95,heavy,54
SC02-00514,5.15,1.15,delicate,23
SC02-00515,9.82,4.08,cotton,0
SC02-00516,2.61,2.27,synthetic,42
SC02-00517,3.02,5.92,delicate,33
SC02-00518,6.54,5.7,delicate,85
SC02-00519,1.18,2.8,heavy,87
SC02-00520,5.03,7.21,synthetic,88
SC02-00521,1.17,7.37,synthetic,47
SC02-00522,6.15,2.14,cotton,61
SC02-00523,1.53,6.11,synthetic,53
SC02-00524,7.02,7.35,cotton,97
SC02-00525,2.47,6.16,delicate,67
SC02-00526,4.47,5.78,delicate,72
SC02-00527,1.12,6.72,cotton,73
SC02-00528,5.37,1.73,heavy,14
SC02-00529,6.8,5.88,heavy,11
SC02-00530,8.99,3.84,delicate,58
SC02-00531,1.32,3.62,delicate,71
SC02-00532,4.62,6.55,delicate,50
SC02-00533,2.54,0.52,cotton,74
SC02-00534,0.73,3.68,delicate,69
SC02-00535,9.94,7.51,delicate,60
SC02-00536,0.32,3.57,cotton,98
SC02-00537,6.42,5.97,heavy,47
SC02-00538,9.93,3.37,heavy,48
SC02-00539,0.8,7.73,cotton,83
SC02-00540,8.6,1.39,heavy,67
SC02-00541,1.27,7.84,delicate,96
SC02-00542,0.23,2.74,heavy,68
SC02-00543,3.79,2.22,heavy,44
SC02-00544,1.55,1.91,delicate,4
SC02-00545,8.09,3.64,delicate,30
SC02-00546,2.06,1.26,delicate,57
SC02-00547,5.98,5.77,delicate,31
SC02-00548,7.41,3.52,cotton,69
SC02-00549,2.17,6.98,delicate,17
SC02-00550,5.04,2.67,synthetic,73
SC02-00551,5.98,5.54,synthetic,30
SC02-00552,3.02,1.57,cotton,52
SC02-00553,3.01,0.96,cotton,80
SC02-00554,6.79,4.67,delicate,44
SC02-00555,9.42,5.54,synthetic,89
SC02-00556,4.16,1.62,heavy,23
SC02-00557,7.54,4.05,cotton,38
SC02-00558,8.58,1.58,heavy,7
SC02-00559,5.62,7.76,cotton,49
SC02-00560,2.43,2.03,delicate,57
SC02-00561,8.47,1.19,cotton,6
SC02-00562,2.68,5.55,delicate,9
SC02-00563,1.88,6.21,cotton,61
SC02-00564,2.09,7.3,synthetic,1
SC02-00565,2.12,1.93,delicate,95
SC02-00566,10.0,4.09,cotton,89
SC02-00567,6.04,2.03,cotton,70
SC02-00568,3.22,2.62,heavy,68
SC02-00569,6.49,2.81,synthetic,65
SC02-00570,8.83,4.0,heavy,97
SC02-00571,8.4,7.36,synthetic,40
SC02-00572,4.14,4.72,cotton,94
SC02-00573,1.46,2.46,heavy,37
SC02-00574,1.52,2.97,heavy,72
SC02-00575,8.33,4.24,synthetic,32
SC02-00576,7.63,4.16,heavy,58
SC02-00577,1.68,6.46,cotton,17
SC02-00578,7.2,4.16,delicate,67
SC02-00579,0.34,6.85,delicate,97
SC02-00580,0.06,1.53,cotton,8
SC02-00581,7.07,0.57,heavy,47
SC02-00582,0.6,5.28,heavy,84
SC02-00583,4.88,0.55,heavy,1
SC02-00584,0.17,5.92,synthetic,2
SC02-00585,5.02,5.73,heavy,22
SC02-00586,1.07,1.22,cotton,30
SC02-00587,1.92,4.45,synthetic,34
SC02-00588,7.95,1.09,heavy,58
SC02-00589,5.65,7.93,cotton,38
SC02-00590,6.84,6.86,delicate,11
SC02-00591,4.05,3.33,heavy,7
SC02-00592,6.37,5.77,delicate,63
SC02-00593,8.45,5.34,synthetic,72
SC02-00594,9.77,7.8,delicate,29
SC02-00595,2.11,7.01,heavy,34
SC02-00596,0.47,1.06,synthetic,69
SC02-00597,5.64,0.75,synthetic,2
SC02-00598,9.61,4.9,heavy,9
SC02-00599,2.99,4.73,heavy,86
SC02-00600,8.97,2.99,cotton,88
SC02-00601,7.24,4.26,synthetic,6
SC02-00602,0.98,2.24,delicate,43
SC02-00603,6.05,5.1,heavy,99
SC02-00604,3.26,5.26,heavy,62
SC02-00605,2.28,4.65,heavy,55
SC02-00606,1.86,4.89,heavy,10
SC02-00607,7.72,2.72,cotton,91
SC02-00608,0.74,2.51,heavy,91
SC02-00609,7.84,1.66,heavy,40
SC02-00610,3.61,1.19,synthetic,56
SC02-00611,3.6,2.52,cotton,11
SC02-00612,1.87,3.87,heavy,13
SC02-00613,0.26,3.15,delicate,76
SC02-00614,5.98,2.93,heavy,1
SC02-00615,2.92,3.41,delicate,92
SC02-00616,9.01,7.29,cotton,73
SC02-00617,5.21,5.64,cotton,17
SC02-00618,2.69,2.51,cotton,8
SC02-00619,1.67,2.57,synthetic,61
SC02-00620,7.83,3.21,cotton,92
SC02-00621,6.25,4.95,cotton,58
SC02-00622,1.07,2.78,heavy,42
SC02-00623,8.42,3.35,synthetic,56
SC02-00624,3.35,6.62,cotton,38
SC02-00625,3.21,7.6,cotton,61
SC02-00626,3.14,7.73,synthetic,37
SC02-00627,7.35,5.25,cotton,41
SC02-00628,3.76,6.62,heavy,46
SC02-00629,1.14,4.73,cotton,87
SC02-00630,7.68,0.7,heavy,90
SC02-00631,2.1,6.48,delicate,52
SC02-00632,6.73,1.54,synthetic,30
SC02-00633,2.53,1.66,heavy,48
SC02-00634,0.74,7.93,heavy,74
SC02-00635,4.01,4.3,heavy,69
SC02-00636,0.37,7.76,delicate,13
SC02-00637,7.69,5.43,synthetic,21
SC02-00638,6.47,0.83,heavy,96
SC02-00639,3.32,6.47,delicate,1
SC02-00640,0.99,2.17,cotton,57
SC02-00641,3.74,3.97,cotton,44
SC02-00642,9.98,4.12,synthetic,53
SC02-00643,9.21,1.14,cotton,44
SC02-00644,3.12,3.91,cotton,66
SC02-00645,4.83,4.07,heavy,92
SC02-00646,6.97,2.89,synthetic,5
SC02-00647,8.1,1.36,synthetic,82
SC02-00648,1.09,6.5,cotton,66
SC02-00649,1.74,1.7,heavy,59
SC02-00650,2.32,3.54,cotton,23
SC02-00651,6.4,3.74,delicate,94
SC02-00652,6.14,1.98,heavy,49
SC02-00653,0.04,2.11,synthetic,96
SC02-00654,7.04,6.47,delicate,68
SC02-00655,1.87,2.94,heavy,14
SC02-00656,2.62,6.97,synthetic,76
SC02-00657,3.89,3.44,delicate,44
SC02-00658,3.52,3.93,cotton,86
SC02-00659,7.06,2.73,delicate,86
SC02-00660,1.34,1.38,synthetic,14
SC02-00661,1.83,5.7,heavy,53
SC02-00662,5.96,4.81,heavy,23
SC02-00663,4.87,4.53,cotton,71
SC02-00664,1.67,2.67,cotton,40
SC02-00665,8.42,5.15,synthetic,1
SC02-00666,4.85,1.96,heavy,71
SC02-00667,5.05,4.21,heavy,53
SC02-00668,7.1,3.83,cotton,10
SC02-00669,5.65,6.47,cotton,37
SC02-00670,0.33,2.19,synthetic,21
SC02-00671,7.81,4.74,heavy,70
SC02-00672,5.11,4.8,synthetic,99
SC02-00673,5.43,7.93,delicate,97
SC02-00674,7.19,4.6,heavy,13
SC02-00675,7.36,5.4,cotton,38
SC02-00676,8.75,0.74,synthetic,44
SC02-00677,8.62,1.15,delicate,99
SC02-00678,8.12,2.07,synthetic,90
SC02-00679,6.1,3.71,cotton,100
SC02-00680,2.07,2.05,delicate,72
SC02-00681,3.51,2.61,cotton,41
SC02-00682,9.79,2.69,synthetic,65
SC02-00683,9.85,5.59,delicate,17
SC02-00684,9.63,6.39,delicate,35
SC02-00685,8.67,1.45,cotton,31
SC02-00686,1.46,2.92,cotton,97
SC02-00687,8.44,3.45,cotton,73
SC02-00688,6.32,5.21,heavy,57
SC02-00689,0.76,6.46,delicate,51
SC02-00690,5.16,2.59,synthetic,58
SC02-00691,9.5,2.95,delicate,99
SC02-00692,8.47,1.2,heavy,81
SC02-00693,6.64,3.19,delicate,68
SC02-00694,3.98,7.76,cotton,63
SC02-00695,2.69,6.71,synthetic,70
SC02-00696,5.78,4.75,heavy,100
SC02-00697,3.44,5.62,delicate,5
SC02-00698,1.0,6.38,heavy,2
SC02-00699,1.24,6.93,heavy,58
SC02-00700,0.01,7.69,cotton,88
SC02-00701,9.09,7.12,synthetic,20
SC02-00702,8.74,7.07,delicate,83
SC02-00703,3.6,1.12,cotton,6
SC02-00704,3.96,2.79,cotton,54
SC02-00705,6.55,5.78,delicate,27
SC02-00706,4.77,1.5,cotton,66
SC02-00707,6.8,0.57,synthetic,15
SC02-00708,9.88,3.67,cotton,61
SC02-00709,0.71,3.37,delicate,13
SC02-00710,3.13,7.11,cotton,48
SC02-00711,7.73,6.15,cotton,82
SC02-00712,9.93,1.57,delicate,78
SC02-00713,6.5,3.8,cotton,80
SC02-00714,7.48,7.4,heavy,27
SC02-00715,0.87,1.25,delicate,75
SC02-00716,7.3,3.14,heavy,40
SC02-00717,7.91,2.36,delicate,31
SC02-00718,5.53,5.0,synthetic,99
SC02-00719,9.41,0.7,synthetic,26
SC02-00720,5.18,4.32,heavy,37
SC02-00721,6.46,6.38,cotton,63
SC02-00722,3.86,2.31,delicate,67
SC02-00723,8.89,0.59,synthetic,40
SC02-00724,1.32,6.96,heavy,46
SC02-00725,5.46,1.8,heavy,98
SC02-00726,0.73,4.91,delicate,33
SC02-00727,2.16,7.42,heavy,64
SC02-00728,2.86,5.84,heavy,54
SC02-00729,7.02,1.12,cotton,35
SC02-00730,0.84,1.09,cotton,19
SC02-00731,5.36,3.43,delicate,39
SC02-00732,6.99,5.97,cotton,7
SC02-00733,2.44,7.43,delicate,58
SC02-00734,6.12,0.91,cotton,15
SC02-00735,0.13,1.53,delicate,20
SC02-00736,4.96,3.1,synthetic,21
SC02-00737,3.72,6.12,synthetic,93
SC02-00738,8.86,6.29,delicate,42
SC02-00739,8.07,2.54,delicate,33
SC02-00740,7.12,4.82,delicate,63
SC02-00741,4.55,3.2,heavy,72
SC02-00742,1.67,1.68,delicate,73
SC02-00743,6.74,1.37,delicate,5
SC02-00744,8.59,0.59,delicate,60
SC02-00745,3.64,7.4,cotton,4
SC02-00746,5.53,7.35,heavy,28
SC02-00747,3.22,3.62,synthetic,34
SC02-00748,8.26,4.79,delicate,64
SC02-00749,6.73,0.9,cotton,66
SC02-00750,9.81,7.66,delicate,59
SC02-00751,8.66,6.3,synthetic,41
SC02-00752,0.86,3.93,synthetic,25
SC02-00753,2.92,6.38,cotton,59
SC02-00754,3.68,7.79,cotton,93
SC02-00755,9.0,6.2,cotton,19
SC02-00756,0.06,3.58,cotton,69
SC02-00757,3.46,6.8,delicate,42
SC02-00758,0.01,5.43,synthetic,13
SC02-00759,2.05,7.87,heavy,62
SC02-00760,9.61,7.79,cotton,91
SC02-00761,2.8,0.83,cotton,66
SC02-00762,4.13,7.22,heavy,95
SC02-00763,0.85,1.22,cotton,81
SC02-00764,8.2,1.06,delicate,55
SC02-00765,6.62,1.48,synthetic,33
SC02-00766,8.51,7.45,heavy,89
SC02-00767,8.32,2.95,heavy,34
SC02-00768,2.34,7.58,cotton,99
SC02-00769,7.7,1.32,delicate,21
SC02-00770,4.5,2.86,delicate,68
SC02-00771,3.58,6.28,heavy,39
SC02-00772,4.63,6.89,delicate,20
SC02-00773,8.08,2.78,delicate,27
SC02-00774,8.36,2.96,delicate,91
SC02-00775,2.48,3.17,delicate,86
SC02-00776,2.99,6.65,cotton,3
SC02-00777,9.52,6.91,cotton,12
SC02-00778,4.62,6.53,cotton,15
SC02-00779,0.12,6.73,cotton,16
SC02-00780,1.98,3.5,delicate,74
SC02-00781,5.86,7.38,delicate,2
SC02-00782,9.97,1.98,heavy,16
SC02-00783,0.92,6.85,synthetic,15
SC02-00784,0.43,3.96,cotton,73
SC02-00785,4.33,5.93,heavy,3
SC02-00786,3.83,3.7,synthetic,27
SC02-00787,9.08,2.56,heavy,19
SC02-00788,0.35,5.14,cotton,82
SC02-00789,2.95,3.59,heavy,7
SC02-00790,0.88,3.37,heavy,25
SC02-00791,6.43,6.48,cotton,80
SC02-00792,9.94,4.58,delicate,48
SC02-00793,7.82,3.19,heavy,44
SC02-00794,9.13,4.27,heavy,34
SC02-00795,1.8,2.89,cotton,3
SC02-00796,8.96,6.34,delicate,60
SC02-00797,5.29,6.25,cotton,20
SC02-00798,1.0,5.43,synthetic,68
SC02-00799,8.16,7.38,delicate,97
SC02-00800,9.96,2.15,heavy,45
SC02-00801,9.35,7.94,cotton,22
SC02-00802,2.37,2.89,synthetic,75
SC02-00803,0.28,5.75,cotton,72
SC02-00804,9.48,6.78,heavy,69
SC02-00805,3.09,4.18,delicate,7
SC02-00806,2.33,2.14,heavy,0
SC02-00807,3.32,5.11,cotton,43
SC02-00808,7.17,7.39,synthetic,7
SC02-00809,0.22,4.9,cotton,99
SC02-00810,1.11,4.45,synthetic,9
SC02-00811,3.74,7.56,heavy,75
SC02-00812,1.01,2.76,cotton,20
SC02-00813,7.32,3.78,heavy,83
SC02-00814,3.17,5.8,synthetic,28
SC02-00815,6.66,6.61,heavy,39
SC02-00816,7.34,2.71,cotton,93
SC02-00817,0.02,5.77,heavy,98
SC02-00818,9.65,0.74,synthetic,78
SC02-00819,2.21,4.74,heavy,18
SC02-00820,3.31,1.08,synthetic,40
SC02-00821,1.68,7.14,delicate,90
SC02-00822,6.7,5.97,synthetic,57
SC02-00823,0.11,2.07,delicate,44
SC02-00824,2.57,1.31,delicate,6
SC02-00825,3.86,5.99,cotton,52
SC02-00826,4.93,3.34,heavy,12
SC02-00827,8.29,6.42,cotton,20
SC02-00828,4.51,6.49,delicate,37
SC02-00829,0.2,2.46,delicate,9
SC02-00830,3.42,7.16,cotton,93
SC02-00831,0.75,7.56,delicate,43
SC02-00832,5.94,5.1,heavy,90
SC02-00833,0.31,7.57,cotton,77
SC02-00834,8.9,1.68,delicate,42
SC02-00835,2.06,1.92,synthetic,84
SC02-00836,2.82,2.28,delicate,50
SC02-00837,5.72,6.8,cotton,6
SC02-00838,3.61,3.71,synthetic,84
SC02-00839,6.25,4.1,delicate,3
SC02-00840,2.07,5.29,delicate,60
SC02-00841,8.44,2.81,heavy,60
SC02-00842,4.89,5.46,delicate,82
SC02-00843,5.44,1.89,heavy,47
SC02-00844,1.87,0.83,heavy,59
SC02-00845,2.63,6.78,delicate,19
SC02-00846,7.52,5.51,delicate,85
SC02-00847,3.44,4.56,cotton,70
SC02-00848,0.61,3.4,heavy,68
SC02-00849,6.87,7.52,cotton,60
SC02-00850,2.99,3.46,delicate,64
SC02-00851,5.71,4.38,cotton,15
SC02-00852,9.49,3.87,cotton,27
SC02-00853,8.08,1.45,heavy,10
SC02-00854,9.88,3.77,cotton,76
SC02-00855,2.58,7.33,delicate,11
SC02-00856,3.88,3.48,synthetic,35
SC02-00857,5.2,7.38,delicate,100
SC02-00858,7.0,4.91,heavy,14
SC02-00859,4.14,1.61,delicate,13
SC02-00860,5.63,1.26,synthetic,68
SC02-00861,8.8,7.08,synthetic,49
SC02-00862,6.55,4.79,heavy,4
SC02-00863,1.72,3.52,heavy,4
SC02-00864,3.96,7.09,cotton,6
SC02-00865,7.46,7.41,synthetic,2
SC02-00866,3.38,6.45,synthetic,35
SC02-00867,8.43,6.94,delicate,29
SC02-00868,1.34,7.81,heavy,99
SC02-00869,8.26,2.52,heavy,77
SC02-00870,6.46,1.91,cotton,52
SC02-00871,7.41,6.2,synthetic,7
SC02-00872,5.15,1.69,synthetic,90
SC02-00873,5.07,1.52,delicate,22
SC02-00874,1.93,6.75,delicate,31
SC02-00875,0.33,0.88,synthetic,90
SC02-00876,1.99,3.26,heavy,64
SC02-00877,3.97,7.42,delicate,30
SC02-00878,3.72,4.96,cotton,60
SC02-00879,5.87,3.12,cotton,33
SC02-00880,7.49,5.67,synthetic,3
SC02-00881,3.87,1.72,cotton,28
SC02-00882,6.47,5.58,synthetic,83
SC02-00883,4.1,0.65,delicate,60
SC02-00884,9.12,5.36,delicate,28
SC02-00885,2.52,6.54,synthetic,91
SC02-00886,9.67,5.32,heavy,48
SC02-00887,8.52,3.94,cotton,59
SC02-00888,3.02,4.4,heavy,74
SC02-00889,1.02,4.34,synthetic,71
SC02-00890,6.47,5.07,synthetic,87
SC02-00891,1.08,0.98,synthetic,81
SC02-00892,3.25,2.58,synthetic,24
SC02-00893,1.5,6.24,delicate,76
SC02-00894,4.04,2.9,cotton,92
SC02-00895,0.25,4.23,synthetic,33
SC02-00896,9.07,3.53,delicate,74
SC02-00897,7.08,4.79,cotton,43
SC02-00898,7.27,2.17,heavy,85
SC02-00899,3.58,2.75,cotton,84
SC02-00900,8.76,1.86,delicate,60
SC02-00901,1.28,2.44,cotton,87
SC02-00902,9.0,5.41,cotton,45
SC02-00903,2.23,7.04,heavy,100
SC02-00904,8.87,3.29,synthetic,59
SC02-00905,8.51,4.03,delicate,60
SC02-00906,8.89,4.25,heavy,67
SC02-00907,2.98,0.91,cotton,17
SC02-00908,9.92,3.07,heavy,18
SC02-00909,3.16,5.87,delicate,62
SC02-00910,3.33,7.9,synthetic,81
SC02-00911,0.58,3.89,cotton,97
SC02-00912,7.74,4.82,cotton,62
SC02-00913,7.85,6.35,cotton,78
SC02-00914,4.34,3.72,heavy,61
SC02-00915,3.83,0.78,cotton,93
SC02-00916,3.73,0.61,synthetic,96
SC02-00917,8.33,1.93,delicate,80
SC02-00918,7.34,2.2,synthetic,39
SC02-00919,1.29,3.38,synthetic,21
SC02-00920,0.65,0.84,synthetic,58
SC02-00921,7.28,4.97,synthetic,55
SC02-00922,8.88,7.97,synthetic,62
SC02-00923,3.59,1.91,heavy,2
SC02-00924,2.28,5.95,cotton,27
SC02-00925,7.34,4.92,cotton,15
SC02-00926,3.67,5.38,delicate,48
SC02-00927,8.77,2.42,delicate,76
SC02-00928,9.95,5.46,delicate,6
SC02-00929,6.9,3.63,heavy,15
SC02-00930,5.47,4.06,cotton,26
SC02-00931,6.95,5.23,synthetic,53
SC02-00932,6.62,5.47,synthetic,79
SC02-00933,6.06,1.53,delicate,65
SC02-00934,7.19,1.38,delicate,100
SC02-00935,1.06,1.99,cotton,99
SC02-00936,2.63,4.42,cotton,45
SC02-00937,7.03,2.72,delicate,70
SC02-00938,4.96,2.06,heavy,42
SC02-00939,2.35,0.6,delicate,14
SC02-00940,8.35,5.52,cotton,11
SC02-00941,7.8,1.06,delicate,32
SC02-00942,6.44,3.93,synthetic,33
SC02-00943,4.64,1.25,cotton,5
SC02-00944,8.52,3.2,synthetic,54
SC02-00945,7.39,1.21,delicate,1
SC02-00946,8.52,5.48,cotton,42
SC02-00947,3.58,3.78,synthetic,93
SC02-00948,0.93,6.61,cotton,14
SC02-00949,4.01,7.72,synthetic,49
SC02-00950,6.9,4.09,heavy,83
SC02-00951,8.86,1.75,cotton,89
SC02-00952,7.26,7.86,cotton,13
SC02-00953,4.16,4.93,heavy,23
SC02-00954,6.11,6.34,delicate,87
SC02-00955,8.8,5.95,cotton,61
SC02-00956,9.2,1.35,heavy,56
SC02-00957,0.46,2.46,synthetic,1
SC02-00958,7.05,5.58,cotton,85
SC02-00959,8.73,4.39,delicate,55
SC02-00960,6.62,2.36,synthetic,84
SC02-00961,6.76,3.39,delicate,1
SC02-00962,6.43,1.68,heavy,63
SC02-00963,8.69,1.06,heavy,41
SC02-00964,2.41,7.78,delicate,64
SC02-00965,2.23,5.32,heavy,30
SC02-00966,0.79,3.83,heavy,11
SC02-00967,8.57,3.85,delicate,63
SC02-00968,7.45,0.63,heavy,52
SC02-00969,0.36,4.62,delicate,77
SC02-00970,9.63,5.28,cotton,83
SC02-00971,6.71,7.63,synthetic,6
SC02-00972,8.17,6.83,synthetic,71
SC02-00973,7.67,5.0,synthetic,91
SC02-00974,4.53,1.23,cotton,0
SC02-00975,3.41,6.72,synthetic,70
SC02-00976,5.22,5.77,delicate,21
SC02-00977,4.92,6.66,heavy,13
SC02-00978,2.54,1.97,delicate,50
SC02-00979,2.16,6.68,cotton,91
SC02-00980,3.38,6.18,delicate,81
SC02-00981,8.37,4.92,heavy,58
SC02-00982,6.58,7.67,cotton,63
SC02-00983,0.04,6.02,heavy,74
SC02-00984,4.83,4.31,cotton,88
SC02-00985,5.79,5.98,cotton,13
SC02-00986,3.87,5.0,synthetic,64
SC02-00987,8.81,3.64,cotton,35
SC02-00988,3.98,3.07,synthetic,57
SC02-00989,8.05,1.54,synthetic,89
SC02-00990,5.48,2.85,cotton,25
SC02-00991,2.1,5.86,synthetic,86
SC02-00992,1.33,5.83,cotton,64
SC02-00993,5.42,5.28,delicate,97
SC02-00994,3.52,4.1,heavy,86
SC02-00995,7.48,6.81,synthetic,54
SC02-00996,8.08,4.42,delicate,48
SC02-00997,1.45,5.53,cotton,34
SC02-00998,7.5,1.71,synthetic,87
SC02-00999,2.51,6.8,synthetic,26
SC02-01000,7.54,0.74,heavy,13
SC02-01001,6.16,5.57,cotton,95
SC02-01002,6.47,3.42,synthetic,88
SC02-01003,6.64,7.45,heavy,53
SC02-01004,9.57,7.82,synthetic,70
SC02-01005,0.54,6.08,cotton,79
SC02-01006,8.69,6.95,heavy,28
SC02-01007,9.11,5.78,synthetic,96
SC02-01008,5.88,6.04,cotton,99
SC02-01009,7.25,1.95,heavy,22
SC02-01010,9.83,1.06,cotton,94
SC02-01011,5.14,3.33,heavy,35
SC02-01012,5.57,1.48,synthetic,0
SC02-01013,3.31,5.82,cotton,5
SC02-01014,1.54,2.92,delicate,99
SC02-01015,9.32,5.12,synthetic,62
SC02-01016,7.9,4.63,delicate,100
SC02-01017,7.08,4.44,cotton,66
SC02-01018,0.68,4.29,heavy,69
SC02-01019,5.37,1.19,cotton,27
SC02-01020,6.63,2.98,synthetic,27
SC02-01021,9.5,5.14,heavy,71
SC02-01022,8.24,7.86,delicate,14
SC02-01023,6.69,3.84,cotton,5
SC02-01024,6.83,2.91,delicate,49
SC02-01025,2.57,5.93,delicate,66
SC02-01026,8.22,3.31,heavy,62
SC02-01027,0.44,7.24,cotton,41
SC02-01028,5.14,7.61,cotton,98
SC02-01029,5.38,0.55,delicate,26
SC02-01030,6.7,6.3,heavy,13
SC02-01031,2.06,6.72,heavy,82
SC02-01032,8.17,1.04,cotton,3
SC02-01033,4.59,2.99,delicate,9
SC02-01034,0.54,6.46,delicate,73
SC02-01035,8.22,7.33,heavy,49
SC02-01036,4.51,3.53,synthetic,2
SC02-01037,3.9,1.39,delicate,82
SC02-01038,7.2,0.97,delicate,89
SC02-01039,8.48,3.18,delicate,37
SC02-01040,7.87,2.76,delicate,36
SC02-01041,7.65,3.78,heavy,84
SC02-01042,0.31,1.67,cotton,17
SC02-01043,7.47,6.48,synthetic,81
SC02-01044,1.44,5.58,synthetic,1
SC02-01045,5.54,4.66,delicate,5
SC02-01046,0.05,4.97,delicate,39
SC02-01047,2.1,6.06,synthetic,27
SC02-01048,4.13,5.34,cotton,20
SC02-01049,1.84,5.13,synthetic,24
SC02-01050,1.15,5.53,delicate,96
SC02-01051,9.32,7.96,heavy,82
SC02-01052,5.5,2.68,delicate,32
SC02-01053,0.98,5.94,heavy,42
SC02-01054,3.57,5.53,cotton,12
SC02-01055,2.85,1.02,cotton,40
SC02-01056,4.86,2.96,synthetic,88
SC02-01057,5.84,4.74,synthetic,40
SC02-01058,9.59,1.76,synthetic,31
SC02-01059,7.86,5.84,heavy,35
SC02-01060,8.4,1.51,synthetic,61
SC02-01061,4.63,3.19,synthetic,62
SC02-01062,5.52,1.82,delicate,35
SC02-01063,8.59,1.55,cotton,33
SC02-01064,7.34,5.2,delicate,2
SC02-01065,8.5,5.24,heavy,98
SC02-01066,5.9,7.3,synthetic,69
SC02-01067,8.94,4.55,cotton,46
SC02-01068,3.92,7.19,synthetic,17
SC02-01069,4.65,4.33,heavy,46
SC02-01070,5.02,5.47,cotton,96
SC02-01071,5.14,3.85,cotton,72
SC02-01072,9.49,5.45,cotton,94
SC02-01073,7.32,7.54,delicate,28
SC02-01074,7.61,2.24,synthetic,47
SC02-01075,2.34,5.51,synthetic,49
SC02-01076,4.7,3.91,delicate,5
SC02-01077,9.81,2.93,synthetic,94
SC02-01078,2.63,4.58,cotton,48
SC02-01079,6.54,3.24,delicate,66
SC02-01080,2.52,7.8,cotton,66
SC02-01081,4.06,6.63,synthetic,62
SC02-01082,7.93,7.15,delicate,64
SC02-01083,8.82,3.8,cotton,9
SC02-01084,5.15,2.61,cotton,23
SC02-01085,1.57,5.02,delicate,84
SC02-01086,2.3,6.58,delicate,61
SC02-01087,6.75,4.09,cotton,82
SC02-01088,8.33,0.67,delicate,16
SC02-01089,5.73,1.71,delicate,73
SC02-01090,1.47,1.75,cotton,66
SC02-01091,9.58,5.0,delicate,92
SC02-01092,7.28,6.66,delicate,27
SC02-01093,4.49,7.95,heavy,21
SC02-01094,2.19,3.58,cotton,74
SC02-01095,8.2,1.86,synthetic,21
SC02-01096,7.24,3.07,heavy,76
SC02-01097,5.91,2.22,heavy,16
SC02-01098,1.09,2.02,heavy,19
SC02-01099,6.06,1.83,delicate,100
SC02-01100,5.31,6.14,delicate,61
SC02-01101,6.59,7.26,delicate,99
SC02-01102,6.79,3.74,heavy,47
SC02-01103,8.75,5.73,heavy,29
SC02-01104,9.38,4.12,heavy,44
SC02-01105,5.89,6.06,delicate,54
SC02-01106,1.34,4.08,cotton,10
SC02-01107,2.83,7.08,heavy,32
SC02-01108,1.89,5.82,delicate,73
SC02-01109,5.23,4.4,heavy,83
SC02-01110,2.05,6.53,heavy,46
SC02-01111,1.07,3.7,synthetic,33
SC02-01112,8.55,3.68,synthetic,78
SC02-01113,2.76,5.6,cotton,52
SC02-01114,5.52,4.68,cotton,47
SC02-01115,5.59,4.13,synthetic,73
SC02-01116,3.44,5.79,cotton,84
SC02-01117,1.19,2.22,cotton,12
SC02-01118,2.14,3.5,synthetic,70
SC02-01119,6.14,5.63,delicate,20
SC02-01120,3.89,5.27,delicate,18
SC02-01121,4.72,5.0,delicate,8
SC02-01122,2.63,3.28,delicate,92
SC02-01123,3.84,7.88,synthetic,91
SC02-01124,9.64,0.93,cotton,81
SC02-01125,4.94,0.58,synthetic,24
SC02-01126,0.34,5.0,cotton,78
SC02-01127,1.69,0.77,cotton,83
SC02-01128,0.0,1.68,synthetic,99
SC02-01129,3.99,5.52,heavy,75
SC02-01130,2.0,0.62,delicate,11
SC02-01131,5.5,5.95,synthetic,44
SC02-01132,9.63,2.57,cotton,58
SC02-01133,9.3,4.81,synthetic,22
SC02-01134,4.07,1.3,delicate,64
SC02-01135,2.94,7.6,synthetic,68
SC02-01136,8.13,4.81,heavy,48
SC02-01137,5.63,6.27,synthetic,99
SC02-01138,4.59,3.96,delicate,61
SC02-01139,1.16,1.01,cotton,86
SC02-01140,7.01,6.5,heavy,45
SC02-01141,5.17,0.57,synthetic,31
SC02-01142,2.87,3.49,synthetic,9
SC02-01143,5.55,1.84,synthetic,45
SC02-01144,2.19,4.8,cotton,95
SC02-01145,6.83,7.32,heavy,94
SC02-01146,2.0,6.02,synthetic,26
SC02-01147,2.29,6.76,synthetic,19
SC02-01148,7.79,1.4,delicate,86
SC02-01149,9.56,4.19,delicate,97
SC02-01150,8.57,7.68,heavy,47
SC02-01151,6.21,4.19,synthetic,62
SC02-01152,1.83,6.23,synthetic,50
SC02-01153,2.22,4.82,delicate,67
SC02-01154,7.99,4.09,delicate,64
SC02-01155,3.47,6.95,cotton,58
SC02-01156,9.77,5.74,heavy,40
SC02-01157,6.89,0.59,cotton,48
SC02-01158,5.81,2.94,synthetic,23
SC02-01159,5.49,2.28,heavy,78
SC02-01160,3.43,1.88,heavy,26
SC02-01161,4.19,6.14,synthetic,51
SC02-01162,2.8,1.85,cotton,73
SC02-01163,6.86,6.61,synthetic,30
SC02-01164,5.55,6.92,cotton,18
SC02-01165,8.0,6.04,heavy,1
SC02-01166,1.77,4.25,synthetic,100
SC02-01167,4.87,2.38,delicate,50
SC02-01168,0.99,1.73,cotton,32
SC02-01169,4.77,5.22,heavy,95
SC02-01170,3.35,3.21,synthetic,44
SC02-01171,0.2,1.41,cotton,73
SC02-01172,5.76,5.37,cotton,99
SC02-01173,2.85,2.94,heavy,99
SC02-01174,7.37,7.17,heavy,78
SC02-01175,2.87,5.24,cotton,21
SC02-01176,6.41,7.46,heavy,80
SC02-01177,6.12,3.54,delicate,10
SC02-01178,1.62,2.21,synthetic,83
SC02-01179,2.91,2.51,heavy,34
SC02-01180,8.88,6.36,synthetic,95
SC02-01181,5.87,7.74,heavy,21
SC02-01182,1.84,0.67,cotton,84
SC02-01183,2.52,6.08,delicate,26
SC02-01184,1.67,1.27,delicate,60
SC02-01185,5.48,0.7,heavy,67
SC02-01186,7.65,1.12,synthetic,79
SC02-01187,1.55,5.41,heavy,39
SC02-01188,2.29,6.03,heavy,80
SC02-01189,1.26,4.45,cotton,3
SC02-01190,0.35,3.18,synthetic,60
SC02-01191,4.67,7.03,synthetic,70
SC02-01192,4.45,7.77,cotton,75
SC02-01193,5.98,5.23,heavy,67
SC02-01194,6.4,4.5,synthetic,61
SC02-01195,5.4,6.54,heavy,39
SC02-01196,3.66,2.45,synthetic,1
SC02-01197,0.0,6.62,cotton,44
SC02-01198,2.87,4.51,heavy,96
SC02-01199,4.77,0.57,heavy,37
SC02-01200,5.97,6.48,synthetic,24
SC02-01201,4.12,4.7,heavy,31
SC02-01202,1.63,6.03,heavy,48
SC02-01203,2.21,1.09,cotton,66
SC02-01204,7.65,7.32,synthetic,36
SC02-01205,6.48,4.49,synthetic,52
SC02-01206,1.88,1.01,cotton,37
SC02-01207,1.1,3.92,heavy,34
SC02-01208,7.0,4.19,synthetic,2
SC02-01209,1.52,7.77,delicate,23
SC02-01210,9.72,2.62,cotton,91
SC02-01211,4.38,0.56,delicate,19
SC02-01212,0.15,2.13,heavy,39
SC02-01213,7.86,4.24,synthetic,59
SC02-01214,6.97,0.74,delicate,96
SC02-01215,9.52,0.92,heavy,9
SC02-01216,5.43,1.86,synthetic,48
SC02-01217,8.28,1.41,cotton,49
SC02-01218,7.71,3.82,delicate,25
SC02-01219,4.61,6.28,cotton,60
SC02-01220,3.89,7.71,synthetic,20
SC02-01221,6.29,0.82,delicate,32
SC02-01222,4.81,2.74,synthetic,6
SC02-01223,8.64,2.13,delicate,30
SC02-01224,6.33,2.93,cotton,35
SC02-01225,5.85,3.47,cotton,1
SC02-01226,9.69,4.86,heavy,88
SC02-01227,5.96,3.29,delicate,31
SC02-01228,1.58,1.19,synthetic,97
SC02-01229,6.25,0.95,cotton,89
SC02-01230,5.36,1.31,heavy,29
SC02-01231,3.17,4.69,synthetic,56
SC02-01232,7.33,0.66,heavy,45
SC02-01233,7.24,2.38,delicate,62
SC02-01234,7.07,4.69,heavy,24
SC02-01235,5.67,4.58,synthetic,93
SC02-01236,4.68,7.01,cotton,8
SC02-01237,5.31,3.87,synthetic,69
SC02-01238,3.67,0.51,heavy,93
SC02-01239,1.86,0.64,synthetic,99
SC02-01240,6.2,2.91,delicate,84
SC02-01241,9.67,6.64,cotton,67
SC02-01242,6.83,6.24,cotton,78
SC02-01243,2.83,3.57,synthetic,14
SC02-01244,0.96,5.44,delicate,16
SC02-01245,1.79,0.73,delicate,62
SC02-01246,1.92,0.74,heavy,84
SC02-01247,4.9,5.18,synthetic,6
SC02-01248,3.66,5.04,delicate,1
SC02-01249,9.3,2.07,heavy,10
SC02-01250,4.68,5.29,synthetic,71
SC02-01251,7.43,7.18,synthetic,90
SC02-01252,0.58,5.13,delicate,93
SC02-01253,0.7,2.78,cotton,66
SC02-01254,0.97,5.94,heavy,24
SC02-01255,1.93,5.43,cotton,71
SC02-01256,7.49,3.61,delicate,98
SC02-01257,6.39,3.18,heavy,89
SC02-01258,6.65,7.12,cotton,23
SC02-01259,5.5,4.29,cotton,68
SC02-01260,9.98,3.82,synthetic,40
SC02-01261,5.5,7.98,synthetic,52
SC02-01262,7.64,3.73,synthetic,77
SC02-01263,2.41,4.59,heavy,98
SC02-01264,5.5,6.08,synthetic,57
SC02-01265,4.47,3.48,delicate,36
SC02-01266,5.96,4.38,synthetic,0
SC02-01267,3.0,2.16,synthetic,2
SC02-01268,7.72,7.58,synthetic,70
SC02-01269,5.11,4.78,cotton,12
SC02-01270,0.38,3.17,cotton,33
SC02-01271,3.67,4.87,cotton,32
SC02-01272,8.11,1.19,heavy,72
SC02-01273,9.18,6.01,synthetic,61
SC02-01274,1.73,6.69,delicate,76
SC02-01275,6.42,0.78,heavy,10
SC02-01276,7.8,7.41,synthetic,44
SC02-01277,8.8,3.76,delicate,98
SC02-01278,2.27,5.4,delicate,81
SC02-01279,7.77,3.37,synthetic,67
SC02-01280,0.41,4.55,cotton,41
SC02-01281,5.02,2.16,delicate,86
SC02-01282,7.32,3.45,heavy,96
SC02-01283,5.95,4.29,cotton,55
SC02-01284,2.9,3.46,cotton,43
SC02-01285,0.83,4.79,delicate,70
SC02-01286,3.99,1.14,heavy,99
SC02-01287,6.98,6.22,heavy,71
SC02-01288,1.98,3.46,cotton,71
SC02-01289,6.16,6.02,cotton,31
SC02-01290,0.72,6.33,synthetic,87
SC02-01291,9.24,1.17,heavy,54
SC02-01292,3.65,1.93,synthetic,76
SC02-01293,6.55,6.27,cotton,44
SC02-01294,6.16,7.93,heavy,79
SC02-01295,1.46,0.84,cotton,25
SC02-01296,6.85,1.67,delicate,14
SC02-01297,7.4,2.32,cotton,36
SC02-01298,0.14,5.7,delicate,39
SC02-01299,4.5,0.67,cotton,94
SC02-01300,5.38,2.03,synthetic,70
SC02-01301,4.83,5.97,cotton,88
SC02-01302,6.99,0.64,delicate,32
SC02-01303,1.7,2.63,synthetic,6
SC02-01304,4.65,7.59,delicate,49
SC02-01305,6.6,5.47,synthetic,13
SC02-01306,0.19,7.01,heavy,29
SC02-01307,9.8,4.31,delicate,40
SC02-01308,4.85,4.98,delicate,23
SC02-01309,1.99,7.75,delicate,5
SC02-01310,2.47,4.47,synthetic,62
SC02-01311,3.93,1.68,synthetic,87
SC02-01312,3.52,5.19,cotton,64
SC02-01313,2.76,0.97,synthetic,49
SC02-01314,8.9,6.61,delicate,71
SC02-01315,9.49,2.19,synthetic,50
SC02-01316,6.57,1.16,heavy,66
SC02-01317,9.61,5.09,cotton,53
SC02-01318,2.4,1.65,synthetic,77
SC02-01319,3.29,4.57,cotton,83
SC02-01320,1.39,4.56,cotton,17
SC02-01321,3.09,5.79,cotton,55
SC02-01322,9.96,7.82,cotton,83
SC02-01323,9.33,7.38,synthetic,8
SC02-01324,5.57,7.61,delicate,23
SC02-01325,3.18,7.1,delicate,97
SC02-01326,3.19,7.8,heavy,38
SC02-01327,4.43,7.5,synthetic,19
SC02-01328,7.79,1.3,cotton,3
SC02-01329,7.62,5.09,synthetic,77
SC02-01330,5.67,2.23,cotton,29
SC02-01331,6.87,3.19,heavy,17
SC02-01332,5.02,5.04,synthetic,23
SC02-01333,8.52,4.19,cotton,20
SC02-01334,1.93,0.74,delicate,34
SC02-01335,9.5,2.17,cotton,96
SC02-01336,2.05,1.83,heavy,78
SC02-01337,4.9,2.94,heavy,31
SC02-01338,4.28,6.32,heavy,92
SC02-01339,3.13,5.09,delicate,66
SC02-01340,1.09,3.93,delicate,31
SC02-01341,5.19,3.47,delicate,71
SC02-01342,3.87,6.24,delicate,24
SC02-01343,2.91,3.49,synthetic,99
SC02-01344,8.28,3.96,heavy,37
SC02-01345,6.13,0.91,cotton,59
SC02-01346,8.3,3.89,delicate,23
SC02-01347,7.79,7.53,cotton,50
SC02-01348,4.14,3.88,cotton,58
SC02-01349,5.9,5.84,cotton,58
SC02-01350,0.9,2.93,cotton,91
SC02-01351,7.33,1.18,heavy,81
SC02-01352,3.63,4.43,heavy,93
SC02-01353,7.91,4.34,cotton,48
SC02-01354,5.5,0.83,cotton,42
SC02-01355,5.65,5.45,cotton,20
SC02-01356,8.69,1.84,delicate,53
SC02-01357,3.08,5.98,heavy,36
SC02-01358,6.26,1.38,cotton,25
SC02-01359,0.04,6.24,delicate,58
SC02-01360,4.98,4.24,delicate,77
SC02-01361,8.83,2.28,heavy,58
SC02-01362,4.1,1.1,delicate,31
SC02-01363,8.82,2.59,cotton,6
SC02-01364,1.85,0.91,synthetic,4
SC02-01365,1.45,0.74,synthetic,42
SC02-01366,9.2,0.87,heavy,22
SC02-01367,1.61,2.63,cotton,58
SC02-01368,7.49,3.2,delicate,11
SC02-01369,7.69,2.92,heavy,8
SC02-01370,7.58,6.82,delicate,37
SC02-01371,4.71,1.42,synthetic,42
SC02-01372,5.27,4.43,cotton,78
SC02-01373,0.58,4.79,delicate,61
SC02-01374,7.24,5.04,synthetic,54
SC02-01375,6.09,2.87,synthetic,16
SC02-01376,6.14,4.22,heavy,63
SC02-01377,8.08,7.13,cotton,90
SC02-01378,2.9,1.95,delicate,3
SC02-01379,4.65,6.48,cotton,78
SC02-01380,9.99,3.61,synthetic,44
SC02-01381,5.6,5.28,delicate,81
SC02-01382,2.01,2.61,delicate,39
SC02-01383,3.0,4.62,delicate,14
SC02-01384,6.86,3.06,delicate,22
SC02-01385,1.94,6.75,heavy,60
SC02-01386,7.97,5.34,heavy,19
SC02-01387,6.27,7.19,synthetic,59
SC02-01388,7.84,3.6,delicate,66
SC02-01389,2.99,5.94,synthetic,71
SC02-01390,5.36,2.06,synthetic,45
SC02-01391,0.66,1.62,delicate,43
SC02-01392,9.84,5.2,cotton,73
SC02-01393,6.06,1.91,delicate,100
SC02-01394,7.52,5.79,synthetic,90
SC02-01395,0.32,3.6,heavy,30
SC02-01396,3.72,6.72,synthetic,27
SC02-01397,5.25,1.81,synthetic,100
SC02-01398,0.37,2.02,delicate,56
SC02-01399,5.06,6.49,cotton,24
SC02-01400,3.4,4.13,synthetic,99
SC02-01401,3.27,6.27,delicate,66
SC02-01402,6.77,1.5,delicate,58
SC02-01403,3.88,6.99,delicate,0
SC02-01404,3.11,0.83,delicate,42
SC02-01405,4.67,0.85,synthetic,2
SC02-01406,5.78,2.84,cotton,41
SC02-01407,2.01,2.65,synthetic,98
SC02-01408,4.41,1.38,cotton,20
SC02-01409,2.74,0.61,delicate,26
SC02-01410,5.43,4.62,synthetic,18
SC02-01411,9.43,6.53,cotton,21
SC02-01412,0.71,5.1,synthetic,69
SC02-01413,4.44,1.48,heavy,86
SC02-01414,0.5,3.38,delicate,54
SC02-01415,3.92,5.79,heavy,78
SC02-01416,3.56,2.99,cotton,91
SC02-01417,7.58,6.57,delicate,96
SC02-01418,7.64,4.76,delicate,89
SC02-01419,4.68,3.92,heavy,60
SC02-01420,2.32,2.18,synthetic,46
SC02-01421,3.92,5.75,synthetic,100
SC02-01422,8.61,2.94,heavy,3
SC02-01423,0.65,1.35,heavy,59
SC02-01424,8.46,2.62,synthetic,77
SC02-01425,5.75,4.31,heavy,91
SC02-01426,7.97,2.94,delicate,38
SC02-01427,5.33,3.51,heavy,30
SC02-01428,6.21,4.61,heavy,49
SC02-01429,0.66,2.06,heavy,100
SC02-01430,9.8,4.75,synthetic,69
SC02-01431,6.94,1.8,delicate,94
SC02-01432,9.31,4.81,heavy,14
SC02-01433,5.92,3.97,delicate,56
SC02-01434,1.76,7.67,delicate,76
SC02-01435,1.09,6.61,heavy,41
SC02-01436,4.94,5.45,delicate,27
SC02-01437,8.17,7.15,delicate,96
SC02-01438,1.47,1.62,synthetic,49
SC02-01439,6.16,3.85,cotton,87
SC02-01440,8.77,2.75,synthetic,55
SC02-01441,7.18,7.36,delicate,74
SC02-01442,0.08,7.9,heavy,16
SC02-01443,8.53,0.97,delicate,0
SC02-01444,7.03,6.66,synthetic,14
SC02-01445,8.61,6.99,cotton,55
SC02-01446,7.02,3.46,synthetic,91
SC02-01447,3.83,3.36,cotton,84
SC02-01448,1.73,1.54,heavy,46
SC02-01449,8.4,1.66,cotton,17
SC02-01450,0.12,5.36,cotton,92
SC02-01451,8.85,5.43,cotton,10
SC02-01452,1.37,6.54,heavy,100
SC02-01453,6.95,7.48,cotton,58
SC02-01454,5.09,4.64,heavy,49
SC02-01455,3.55,1.89,delicate,73
SC02-01456,4.98,5.98,synthetic,52
SC02-01457,9.27,4.82,delicate,4
SC02-01458,5.68,5.79,delicate,74
SC02-01459,4.82,5.68,cotton,93
SC02-01460,7.31,7.88,synthetic,59
SC02-01461,5.17,4.43,delicate,31
SC02-01462,4.72,6.06,delicate,87
SC02-01463,6.34,6.49,synthetic,78
SC02-01464,0.53,3.08,delicate,60
SC02-01465,4.54,7.3,synthetic,53
SC02-01466,3.53,7.83,synthetic,37
SC02-01467,1.68,5.71,synthetic,93
SC02-01468,7.85,2.45,heavy,74
SC02-01469,1.69,0.89,synthetic,94
SC02-01470,6.24,2.65,delicate,16
SC02-01471,5.06,6.89,synthetic,32
SC02-01472,1.33,2.61,synthetic,1
SC02-01473,7.41,5.03,cotton,84
SC02-01474,4.47,6.56,synthetic,100
SC02-01475,7.01,4.14,delicate,43
SC02-01476,9.84,7.76,cotton,63
SC02-01477,7.53,3.6,heavy,30
SC02-01478,6.61,5.94,cotton,26
SC02-01479,5.78,6.81,delicate,82
SC02-01480,2.64,6.65,delicate,21
SC02-01481,4.64,4.07,heavy,95
SC02-01482,9.48,7.42,cotton,48
SC02-01483,6.84,3.43,synthetic,18
SC02-01484,5.3,3.76,synthetic,57
SC02-01485,3.82,2.87,delicate,12
SC02-01486,9.18,5.28,heavy,78
SC02-01487,9.18,6.94,synthetic,34
SC02-01488,2.67,1.24,heavy,59
SC02-01489,7.73,6.12,cotton,66
SC02-01490,3.37,5.68,cotton,40
SC02-01491,5.48,5.55,delicate,1
SC02-01492,4.11,4.44,heavy,44
SC02-01493,2.19,2.62,cotton,4
SC02-01494,0.24,1.19,cotton,76
SC02-01495,6.38,5.81,delicate,11
SC02-01496,8.56,1.47,cotton,14
SC02-01497,6.96,2.4,heavy,84
SC02-01498,9.36,5.29,synthetic,98
SC02-01499,4.27,7.28,synthetic,32
SC02-01500,1.62,1.05,delicate,48
SC02-01501,3.89,7.97,synthetic,33
SC02-01502,1.78,1.02,cotton,78
SC02-01503,3.93,5.34,delicate,18
SC02-01504,5.41,3.73,delicate,56
SC02-01505,7.15,1.27,delicate,9
SC02-01506,5.71,2.38,heavy,2
SC02-01507,8.97,1.62,delicate,4
SC02-01508,6.65,2.5,synthetic,50
SC02-01509,5.75,4.37,heavy,61
SC02-01510,4.36,6.83,delicate,69
SC02-01511,2.26,3.38,heavy,15
SC02-01512,5.67,7.51,synthetic,42
SC02-01513,6.82,3.5,delicate,46
SC02-01514,5.35,7.71,delicate,58
SC02-01515,7.6,2.67,cotton,22
SC02-01516,5.54,7.76,cotton,38
SC02-01517,6.96,7.22,synthetic,62
SC02-01518,0.85,5.25,cotton,17
SC02-01519,0.36,0.69,cotton,62
SC02-01520,3.89,6.45,synthetic,63
SC02-01521,5.34,6.76,heavy,2
SC02-01522,0.37,0.92,delicate,51
SC02-01523,1.18,6.55,heavy,86
SC02-01524,8.7,4.52,cotton,9
SC02-01525,0.37,1.56,delicate,60
SC02-01526,9.07,5.14,cotton,89
SC02-01527,6.49,0.61,delicate,39
SC02-01528,8.21,1.23,cotton,75
SC02-01529,0.64,6.63,delicate,63
SC02-01530,5.95,5.12,delicate,25
SC02-01531,4.26,6.59,heavy,41
SC02-01532,1.21,5.63,cotton,41
SC02-01533,8.36,6.45,delicate,75
SC02-01534,1.73,0.97,synthetic,18
SC02-01535,7.58,1.76,synthetic,70
SC02-01536,1.65,2.33,delicate,17
SC02-01537,1.0,6.86,heavy,99
SC02-01538,1.58,7.1,delicate,0
SC02-01539,0.07,7.45,synthetic,53
SC02-01540,6.94,6.44,heavy,88
SC02-01541,1.27,1.57,synthetic,66
SC02-01542,4.5,2.29,cotton,78
SC02-01543,6.92,4.97,heavy,78
SC02-01544,9.5,5.2,synthetic,44
SC02-01545,4.19,4.68,cotton,15
SC02-01546,9.87,7.83,synthetic,97
SC02-01547,9.87,4.31,heavy,98
SC02-01548,6.26,2.06,delicate,24
SC02-01549,1.13,1.62,heavy,63
SC02-01550,1.76,5.53,delicate,6
SC02-01551,6.45,2.64,heavy,32
SC02-01552,3.34,6.54,heavy,5
SC02-01553,1.04,0.89,cotton,20
SC02-01554,7.85,4.14,delicate,9
SC02-01555,8.95,5.91,synthetic,53
SC02-01556,1.99,5.58,synthetic,29
SC02-01557,7.79,2.95,delicate,30
SC02-01558,7.38,7.02,heavy,28
SC02-01559,0.74,4.89,delicate,55
SC02-01560,1.45,7.46,heavy,22
SC02-01561,3.87,1.52,cotton,80
SC02-01562,3.59,2.52,synthetic,16
SC02-01563,0.32,4.76,synthetic,17
SC02-01564,1.11,3.99,heavy,21
SC02-01565,7.6,2.15,synthetic,77
SC02-01566,1.57,6.46,cotton,73
SC02-01567,9.7,6.91,delicate,52
SC02-01568,8.57,4.17,cotton,75
SC02-01569,4.73,3.97,delicate,93
SC02-01570,4.28,7.04,cotton,41
SC02-01571,4.34,2.17,cotton,73
SC02-01572,8.98,3.63,delicate,5
SC02-01573,9.91,6.0,delicate,54
SC02-01574,5.31,4.09,delicate,57
SC02-01575,4.95,1.12,delicate,88
SC02-01576,7.32,7.62,cotton,45
SC02-01577,2.96,5.36,delicate,2
SC02-01578,4.8,2.79,heavy,73
SC02-01579,7.47,0.68,heavy,59
SC02-01580,7.72,7.06,heavy,23
SC02-01581,7.9,3.28,heavy,90
SC02-01582,6.33,6.95,delicate,49
SC02-01583,8.93,3.0,delicate,37
SC02-01584,4.26,2.52,cotton,100
SC02-01585,6.85,5.15,synthetic,94
SC02-01586,9.32,4.36,synthetic,6
SC02-01587,1.11,3.24,delicate,46
SC02-01588,3.66,5.36,delicate,71
SC02-01589,7.09,2.04,synthetic,30
SC02-01590,5.4,5.37,cotton,96
SC02-01591,7.45,2.19,synthetic,34
SC02-01592,5.04,3.67,delicate,8
SC02-01593,3.73,3.89,delicate,60
SC02-01594,7.1,5.59,synthetic,57
SC02-01595,6.21,6.5,delicate,24
SC02-01596,8.92,3.93,delicate,50
SC02-01597,8.98,2.66,delicate,13
SC02-01598,1.65,1.34,cotton,63
SC02-01599,1.5,2.03,delicate,37
SC02-01600,4.17,5.62,cotton,60
SC02-01601,3.47,3.83,delicate,37
SC02-01602,1.89,0.67,cotton,66
SC02-01603,6.45,3.59,synthetic,83
SC02-01604,6.46,2.95,heavy,58
SC02-01605,3.04,1.49,synthetic,21
SC02-01606,7.89,2.2,synthetic,36
SC02-01607,7.7,0.85,synthetic,36
SC02-01608,4.56,1.75,cotton,91
SC02-01609,5.35,1.87,cotton,90
SC02-01610,6.93,5.5,cotton,20
SC02-01611,2.38,0.81,synthetic,73
SC02-01612,1.26,2.45,cotton,26
SC02-01613,5.62,0.76,synthetic,44
SC02-01614,1.48,3.86,cotton,68
SC02-01615,3.02,7.4,heavy,63
SC02-01616,7.69,7.61,synthetic,19
SC02-01617,0.04,6.04,synthetic,82
SC02-01618,7.05,4.05,synthetic,96
SC02-01619,9.81,4.8,cotton,72
SC02-01620,7.29,7.42,synthetic,88
SC02-01621,1.12,4.09,delicate,17
SC02-01622,6.78,1.38,delicate,51
SC02-01623,6.18,2.15,synthetic,11
SC02-01624,3.26,5.06,cotton,74
SC02-01625,5.26,6.36,synthetic,25
SC02-01626,0.23,4.54,heavy,86
SC02-01627,6.72,1.16,heavy,24
SC02-01628,4.9,5.02,delicate,85
SC02-01629,3.61,1.61,heavy,47
SC02-01630,3.86,0.59,synthetic,44
SC02-01631,3.08,3.84,delicate,27
SC02-01632,7.28,3.83,heavy,56
SC02-01633,2.89,6.54,heavy,93
SC02-01634,8.96,1.55,delicate,18
SC02-01635,2.08,4.06,synthetic,8
SC02-01636,9.33,4.93,heavy,11
SC02-01637,0.07,5.29,synthetic,53
SC02-01638,1.75,3.97,cotton,25
SC02-01639,1.86,3.36,heavy,5
SC02-01640,8.23,2.76,synthetic,63
SC02-01641,5.59,3.98,delicate,0
SC02-01642,1.54,2.75,heavy,15
SC02-01643,6.54,7.2,heavy,22
SC02-01644,4.92,5.66,cotton,3
SC02-01645,1.19,2.58,delicate,76
SC02-01646,7.46,4.86,heavy,33
SC02-01647,6.28,4.07,delicate,47
SC02-01648,5.13,4.81,synthetic,20
SC02-01649,5.82,1.6,heavy,88
SC02-01650,1.35,1.72,synthetic,46
SC02-01651,4.2,7.34,synthetic,6
SC02-01652,2.9,4.47,delicate,65
SC02-01653,1.94,5.21,delicate,76
SC02-01654,7.53,4.58,synthetic,87
SC02-01655,8.0,2.54,synthetic,12
SC02-01656,5.34,3.14,cotton,1
SC02-01657,1.37,2.61,heavy,52
SC02-01658,3.4,7.33,delicate,27
SC02-01659,1.55,2.16,cotton,71
SC02-01660,6.13,6.74,delicate,53
SC02-01661,4.6,1.07,cotton,2
SC02-01662,4.8,2.84,synthetic,17
SC02-01663,8.17,7.17,synthetic,22
SC02-01664,7.1,0.72,delicate,28
SC02-01665,1.29,5.71,cotton,39
SC02-01666,1.25,1.48,delicate,54
SC02-01667,6.91,6.38,delicate,2
SC02-01668,7.75,6.18,delicate,25
SC02-01669,1.08,6.45,delicate,60
SC02-01670,1.19,2.4,delicate,38
SC02-01671,6.68,6.16,delicate,77
SC02-01672,2.05,7.26,cotton,85
SC02-01673,3.52,1.18,synthetic,74
SC02-01674,3.48,1.7,cotton,64
SC02-01675,5.7,1.24,delicate,67
SC02-01676,2.17,1.94,synthetic,21
SC02-01677,9.02,4.53,delicate,27
SC02-01678,9.2,6.88,heavy,46
SC02-01679,6.98,1.89,delicate,23
SC02-01680,8.35,7.86,heavy,27
SC02-01681,5.14,3.56,synthetic,15
SC02-01682,4.66,4.4,heavy,97
SC02-01683,3.61,2.66,delicate,10
SC02-01684,3.28,1.37,synthetic,58
SC02-01685,6.0,2.84,heavy,28
SC02-01686,5.54,2.68,heavy,24
SC02-01687,8.57,7.21,heavy,86
SC02-01688,3.67,0.6,heavy,86
SC02-01689,1.05,3.79,delicate,15
SC02-01690,1.43,3.5,delicate,94
SC02-01691,9.25,7.83,delicate,46
SC02-01692,9.75,3.04,heavy,15
SC02-01693,2.33,3.69,heavy,35
SC02-01694,7.65,6.24,synthetic,96
SC02-01695,7.89,5.33,heavy,45
SC02-01696,4.76,5.02,heavy,62
SC02-01697,5.11,1.61,heavy,13
SC02-01698,1.22,4.17,cotton,80
SC02-01699,9.42,0.72,delicate,8
SC02-01700,4.98,0.7,cotton,48
SC02-01701,6.05,2.95,synthetic,79
SC02-01702,6.23,6.2,heavy,59
SC02-01703,2.02,5.47,heavy,64
SC02-01704,2.62,3.08,delicate,97
SC02-01705,0.32,3.73,delicate,49
SC02-01706,4.5,6.9,heavy,58
SC02-01707,0.36,1.83,synthetic,90
SC02-01708,1.64,3.73,synthetic,91
SC02-01709,3.89,6.23,heavy,84
SC02-01710,5.54,4.55,heavy,60
SC02-01711,5.62,1.67,delicate,50
SC02-01712,2.63,4.93,heavy,78
SC02-01713,6.76,6.25,synthetic,41
SC02-01714,0.61,4.93,cotton,46
SC02-01715,3.49,6.07,delicate,97
SC02-01716,8.91,3.06,delicate,54
SC02-01717,3.45,3.18,synthetic,7
SC02-01718,6.61,2.36,synthetic,75
SC02-01719,0.85,5.66,synthetic,14
SC02-01720,3.38,0.65,synthetic,4
SC02-01721,4.61,6.98,heavy,34
SC02-01722,0.2,4.02,delicate,40
SC02-01723,3.78,3.43,delicate,62
SC02-01724,1.0,5.56,synthetic,63
SC02-01725,5.03,6.24,synthetic,21
SC02-01726,6.15,3.23,heavy,25
SC02-01727,4.97,6.86,delicate,68
SC02-01728,2.14,2.49,synthetic,73
SC02-01729,4.02,2.19,delicate,91
SC02-01730,8.44,1.21,synthetic,34
SC02-01731,0.67,6.51,heavy,54
SC02-01732,2.1,6.47,synthetic,64
SC02-01733,8.04,3.75,synthetic,25
SC02-01734,4.14,2.38,heavy,85
SC02-01735,7.63,1.85,delicate,80
SC02-01736,7.03,6.97,heavy,27
SC02-01737,6.61,6.68,heavy,34
SC02-01738,9.37,4.5,heavy,72
SC02-01739,7.27,0.95,cotton,46
SC02-01740,4.62,2.3,synthetic,55
SC02-01741,4.1,6.95,delicate,81
SC02-01742,2.04,3.59,synthetic,82
SC02-01743,1.61,5.65,cotton,51
SC02-01744,2.38,1.62,delicate,31
SC02-01745,7.97,2.83,heavy,71
SC02-01746,9.91,3.67,delicate,25
SC02-01747,1.59,1.52,synthetic,35
SC02-01748,6.59,1.82,delicate,92
SC02-01749,4.86,0.65,delicate,40
SC02-01750,6.02,7.0,heavy,46
SC02-01751,6.72,7.14,heavy,92
SC02-01752,8.43,2.27,delicate,66
SC02-01753,6.64,4.85,synthetic,63
SC02-01754,8.85,2.29,delicate,98
SC02-01755,8.07,2.97,heavy,95
SC02-01756,7.44,7.52,cotton,18
SC02-01757,1.07,2.11,synthetic,56
SC02-01758,4.08,6.97,delicate,62
SC02-01759,5.33,5.75,delicate,40
SC02-01760,5.46,4.06,cotton,35
SC02-01761,8.79,7.53,synthetic,60
SC02-01762,7.16,6.66,delicate,82
SC02-01763,9.67,5.04,delicate,88
SC02-01764,9.17,5.54,synthetic,70
SC02-01765,3.85,5.29,synthetic,87
SC02-01766,1.22,7.0,heavy,49
SC02-01767,0.08,7.71,synthetic,38
SC02-01768,0.9,6.67,cotton,38
SC02-01769,2.1,7.18,heavy,80
SC02-01770,3.17,6.59,heavy,4
SC02-01771,2.74,1.1,heavy,60
SC02-01772,7.37,7.45,synthetic,91
SC02-01773,4.22,7.39,delicate,20
SC02-01774,6.98,4.3,synthetic,53
SC02-01775,6.02,6.6,synthetic,58
SC02-01776,6.95,6.21,cotton,80
SC02-01777,4.43,5.31,delicate,51
SC02-01778,2.0,2.79,delicate,14
SC02-01779,1.58,4.37,cotton,76
SC02-01780,6.86,6.44,synthetic,57
SC02-01781,4.78,6.01,synthetic,22
SC02-01782,6.87,6.7,synthetic,25
SC02-01783,0.84,3.26,heavy,48
SC02-01784,9.45,7.13,cotton,2
SC02-01785,9.48,7.42,cotton,11
SC02-01786,9.74,1.99,cotton,6
SC02-01787,4.01,3.72,synthetic,19
SC02-01788,0.89,3.26,delicate,1
SC02-01789,7.19,3.76,heavy,86
SC02-01790,4.94,2.18,cotton,24
SC02-01791,9.46,6.6,synthetic,36
SC02-01792,7.46,3.37,heavy,26
SC02-01793,6.0,7.96,synthetic,93
SC02-01794,6.77,3.64,heavy,18
SC02-01795,0.29,7.82,cotton,79
SC02-01796,4.51,2.36,heavy,10
SC02-01797,0.1,1.5,synthetic,88
SC02-01798,3.98,2.09,heavy,90
SC02-01799,4.23,4.98,delicate,12
SC02-01800,5.57,0.89,cotton,60
SC02-01801,9.08,7.98,delicate,0
SC02-01802,2.54,5.15,synthetic,50
SC02-01803,6.71,1.49,delicate,74
SC02-01804,1.79,1.77,heavy,43
SC02-01805,8.78,1.49,synthetic,90
SC02-01806,5.3,1.56,delicate,40
SC02-01807,0.44,1.46,synthetic,95
SC02-01808,3.61,3.73,synthetic,78
SC02-01809,8.3,7.45,synthetic,55
SC02-01810,8.93,2.87,heavy,97
SC02-01811,9.5,4.67,heavy,6
SC02-01812,1.89,0.91,cotton,4
SC02-01813,4.7,1.73,heavy,55
SC02-01814,1.16,7.21,heavy,5
SC02-01815,4.42,7.92,heavy,58
SC02-01816,4.93,6.84,cotton,15
SC02-01817,3.5,2.03,synthetic,23
SC02-01818,8.35,6.12,synthetic,72
SC02-01819,8.91,4.89,delicate,67
SC02-01820,7.67,1.85,delicate,31
SC02-01821,7.68,5.58,synthetic,3
SC02-01822,2.84,7.86,delicate,50
SC02-01823,3.74,7.47,delicate,41
SC02-01824,1.54,1.11,heavy,58
SC02-01825,6.28,2.52,delicate,42
SC02-01826,9.7,5.42,heavy,41
SC02-01827,9.47,8.0,cotton,27
SC02-01828,8.63,6.51,synthetic,41
SC02-01829,7.98,6.08,heavy,11
SC02-01830,3.99,1.84,heavy,11
SC02-01831,0.21,2.06,heavy,99
SC02-01832,4.02,5.35,cotton,15
SC02-01833,2.99,6.51,synthetic,87
SC02-01834,6.04,3.19,delicate,47
SC02-01835,5.13,4.17,heavy,60
SC02-01836,2.68,5.0,delicate,96
SC02-01837,4.23,3.26,cotton,55
SC02-01838,6.31,1.2,synthetic,59
SC02-01839,6.76,5.36,cotton,63
SC02-01840,5.27,5.35,delicate,37
SC02-01841,4.68,1.09,heavy,38
SC02-01842,1.49,1.46,synthetic,31
SC02-01843,5.23,2.72,delicate,70
SC02-01844,0.77,0.84,delicate,65
SC02-01845,4.25,1.21,synthetic,45
SC02-01846,2.55,1.11,delicate,14
SC02-01847,7.41,3.97,cotton,50
SC02-01848,0.45,3.62,synthetic,40
SC02-01849,5.87,3.91,heavy,79
SC02-01850,8.08,3.06,cotton,27
SC02-01851,1.85,6.1,synthetic,86
SC02-01852,1.06,4.51,delicate,50
SC02-01853,1.17,1.79,heavy,58
SC02-01854,6.92,7.02,heavy,38
SC02-01855,6.18,7.8,synthetic,88
SC02-01856,6.74,5.68,heavy,38
SC02-01857,0.88,1.51,cotton,14
SC02-01858,8.16,5.72,cotton,3
SC02-01859,2.09,5.36,cotton,55
SC02-01860,8.42,6.94,cotton,11
SC02-01861,3.01,3.98,heavy,54
SC02-01862,0.22,1.75,cotton,94
SC02-01863,7.03,7.73,heavy,2
SC02-01864,8.6,4.89,cotton,37
SC02-01865,5.69,6.75,delicate,42
SC02-01866,0.08,5.23,heavy,53
SC02-01867,8.49,6.03,synthetic,4
SC02-01868,4.87,4.15,heavy,29
SC02-01869,7.14,4.46,heavy,73
SC02-01870,3.16,0.98,heavy,60
SC02-01871,1.17,5.17,synthetic,57
SC02-01872,6.98,0.66,synthetic,92
SC02-01873,1.92,3.08,cotton,64
SC02-01874,2.2,7.32,synthetic,77
SC02-01875,8.53,5.86,heavy,16
SC02-01876,8.83,5.92,heavy,53
SC02-01877,8.33,5.55,synthetic,60
SC02-01878,8.0,6.83,cotton,36
SC02-01879,6.91,1.15,heavy,16
SC02-01880,1.73,1.67,heavy,12
SC02-01881,7.93,7.57,heavy,38
SC02-01882,2.35,4.68,delicate,45
SC02-01883,8.81,3.18,cotton,22
SC02-01884,8.28,7.21,delicate,8
SC02-01885,3.38,1.35,cotton,15
SC02-01886,5.62,4.15,synthetic,100
SC02-01887,3.55,0.85,synthetic,19
SC02-01888,8.53,7.05,delicate,90
SC02-01889,0.5,7.6,heavy,96
SC02-01890,1.11,1.29,delicate,71
SC02-01891,0.42,1.29,delicate,26
SC02-01892,9.11,1.68,synthetic,90
SC02-01893,4.42,4.29,delicate,19
SC02-01894,6.47,3.01,cotton,15
SC02-01895,8.49,3.79,heavy,98
SC02-01896,7.69,2.34,heavy,43
SC02-01897,2.87,1.78,synthetic,47
SC02-01898,7.15,3.61,cotton,19
SC02-01899,7.53,4.47,cotton,17
SC02-01900,8.02,3.6,heavy,58
SC02-01901,9.52,4.37,synthetic,3
SC02-01902,4.43,6.28,delicate,10
SC02-01903,3.38,3.51,cotton,55
SC02-01904,0.61,6.19,cotton,73
SC02-01905,0.58,5.24,synthetic,53
SC02-01906,4.02,5.61,synthetic,92
SC02-01907,7.43,7.32,delicate,35
SC02-01908,9.0,5.08,cotton,89
SC02-01909,4.04,5.33,heavy,89
SC02-01910,3.45,6.59,heavy,99
SC02-01911,1.97,2.76,delicate,68
SC02-01912,3.34,5.94,cotton,66
SC02-01913,9.92,2.63,delicate,65
SC02-01914,5.52,4.41,cotton,2
SC02-01915,0.28,6.47,synthetic,30
SC02-01916,8.32,2.78,heavy,64
SC02-01917,1.1,0.95,synthetic,33
SC02-01918,6.27,3.16,delicate,96
SC02-01919,6.51,1.44,synthetic,73
SC02-01920,7.37,3.9,cotton,95
SC02-01921,9.89,4.74,cotton,44
SC02-01922,2.99,5.5,cotton,91
SC02-01923,3.78,6.03,delicate,41
SC02-01924,5.16,1.94,synthetic,58
SC02-01925,0.98,5.84,heavy,10
SC02-01926,0.92,3.69,cotton,60
SC02-01927,2.15,1.09,heavy,75
SC02-01928,5.59,6.34,synthetic,74
SC02-01929,4.99,3.68,heavy,88
SC02-01930,9.31,4.17,heavy,20
SC02-01931,1.44,1.45,heavy,16
SC02-01932,9.68,4.35,delicate,88
SC02-01933,2.13,4.05,cotton,71
SC02-01934,3.69,7.64,heavy,14
SC02-01935,1.21,4.79,delicate,66
SC02-01936,1.53,3.29,synthetic,38
SC02-01937,2.94,0.71,cotton,18
SC02-01938,7.84,3.66,synthetic,36
SC02-01939,2.16,6.64,heavy,0
SC02-01940,1.22,3.11,delicate,53
SC02-01941,4.81,2.82,heavy,43
SC02-01942,7.81,4.06,cotton,97
SC02-01943,1.39,5.27,heavy,85
SC02-01944,4.49,7.0,synthetic,11
SC02-01945,8.0,5.48,heavy,49
SC02-01946,2.33,3.47,delicate,85
SC02-01947,8.9,6.02,delicate,21
SC02-01948,7.07,4.79,synthetic,71
SC02-01949,6.45,5.33,delicate,24
SC02-01950,9.55,4.56,delicate,72
SC02-01951,5.22,6.13,delicate,15
SC02-01952,6.58,4.49,delicate,35
SC02-01953,7.87,2.34,heavy,10
SC02-01954,8.07,5.05,heavy,75
SC02-01955,0.45,6.96,delicate,43
SC02-01956,4.37,3.61,synthetic,48
SC02-01957,2.57,1.36,delicate,69
SC02-01958,1.68,1.58,synthetic,98
SC02-01959,0.9,2.8,heavy,86
SC02-01960,1.69,5.11,synthetic,23
SC02-01961,0.27,0.94,heavy,12
SC02-01962,3.2,3.6,synthetic,33
SC02-01963,3.76,6.71,delicate,6
SC02-01964,2.03,6.14,cotton,63
SC02-01965,5.09,4.28,delicate,34
SC02-01966,0.61,3.99,heavy,8
SC02-01967,4.84,3.56,cotton,2
SC02-01968,2.69,7.73,delicate,31
SC02-01969,7.63,5.39,cotton,38
SC02-01970,5.68,3.84,cotton,100
SC02-01971,9.68,3.3,cotton,100
SC02-01972,2.45,7.64,heavy,5
SC02-01973,0.01,3.98,synthetic,83
SC02-01974,9.72,0.5,heavy,34
SC02-01975,5.98,6.8,heavy,44
SC02-01976,8.42,2.1,synthetic,5
SC02-01977,1.61,4.51,delicate,38
SC02-01978,0.9,5.74,cotton,92
SC02-01979,5.56,2.6,heavy,26
SC02-01980,6.1,7.68,synthetic,87
SC02-01981,9.45,5.26,heavy,34
SC02-01982,2.46,7.87,synthetic,26
SC02-01983,4.6,5.0,delicate,88
SC02-01984,1.34,7.42,heavy,0
SC02-01985,9.01,5.55,heavy,71
SC02-01986,8.95,5.77,heavy,68
SC02-01987,0.81,7.08,delicate,68
SC02-01988,0.31,6.74,heavy,86
SC02-01989,1.23,7.79,heavy,76
SC02-01990,3.58,1.83,delicate,15
SC02-01991,4.63,7.52,heavy,1
SC02-01992,2.22,0.65,synthetic,87
SC02-01993,9.21,3.18,delicate,78
SC02-01994,6.25,6.56,cotton,29
SC02-01995,9.8,7.75,delicate,35
SC02-01996,4.93,5.78,cotton,0
SC02-01997,1.96,6.66,heavy,14
SC02-01998,8.7,4.77,heavy,21
SC02-01999,5.52,5.45,cotton,8
SC02-02000,5.88,6.09,cotton,33
SC02-02001,9.34,6.92,synthetic,24
SC02-02002,8.48,0.67,synthetic,87
SC02-02003,5.6,3.9,heavy,82
SC02-02004,6.73,5.38,synthetic,55
SC02-02005,8.44,3.55,delicate,87
SC02-02006,5.18,4.22,delicate,92
SC02-02007,2.25,2.58,heavy,68
SC02-02008,4.49,0.54,cotton,42
SC02-02009,0.82,4.79,delicate,94
SC02-02010,2.26,5.67,delicate,31
SC02-02011,1.97,2.97,delicate,80
SC02-02012,6.25,0.71,heavy,3
SC02-02013,5.93,5.2,synthetic,32
SC02-02014,2.47,4.05,synthetic,6
SC02-02015,8.22,4.4,cotton,9
SC02-02016,7.76,5.15,delicate,80
SC02-02017,4.46,1.44,delicate,4
SC02-02018,3.77,7.18,delicate,100
SC02-02019,1.28,7.39,heavy,7
SC02-02020,3.01,5.2,delicate,13
SC02-02021,6.78,4.69,synthetic,48
SC02-02022,4.02,5.13,heavy,29
SC02-02023,8.65,6.41,delicate,58
SC02-02024,3.84,6.46,delicate,43
SC02-02025,6.51,5.57,delicate,58
SC02-02026,5.17,4.91,delicate,13
SC02-02027,0.12,5.85,cotton,73
SC02-02028,1.26,4.32,synthetic,53
SC02-02029,4.81,5.16,cotton,31
SC02-02030,1.38,0.83,cotton,39
SC02-02031,5.85,4.35,synthetic,39
SC02-02032,5.84,4.56,cotton,18
SC02-02033,4.7,5.02,synthetic,47
SC02-02034,9.7,4.38,cotton,7
SC02-02035,2.37,6.64,delicate,54
SC02-02036,3.44,7.82,cotton,100
SC02-02037,0.68,1.92,heavy,88
SC02-02038,6.92,4.01,synthetic,74
SC02-02039,5.66,3.02,synthetic,53
SC02-02040,3.29,1.29,delicate,63
SC02-02041,2.19,0.53,cotton,88
SC02-02042,2.3,5.18,cotton,61
SC02-02043,7.35,7.64,synthetic,94
SC02-02044,3.76,3.5,delicate,46
SC02-02045,0.1,3.18,delicate,18
SC02-02046,2.91,1.96,synthetic,5
SC02-02047,9.75,1.99,synthetic,22
SC02-02048,2.19,2.46,cotton,43
SC02-02049,8.48,2.34,cotton,2
SC02-02050,1.76,2.46,delicate,2
SC02-02051,8.31,1.53,delicate,43
SC02-02052,9.36,2.79,cotton,47
SC02-02053,8.09,5.46,heavy,91
SC02-02054,0.65,1.58,cotton,24
SC02-02055,1.92,3.34,synthetic,40
SC02-02056,6.0,7.83,cotton,5
SC02-02057,7.63,4.9,synthetic,19
SC02-02058,3.28,0.9,synthetic,16
SC02-02059,8.52,7.76,heavy,26
SC02-02060,7.27,6.38,delicate,21
SC02-02061,5.09,6.13,synthetic,63
SC02-02062,5.19,1.84,synthetic,67
SC02-02063,6.95,5.87,heavy,60
SC02-02064,2.68,3.51,delicate,26
SC02-02065,2.2,2.02,cotton,50
SC02-02066,2.19,3.69,heavy,73
SC02-02067,1.57,6.82,synthetic,70
SC02-02068,0.85,6.14,synthetic,56
SC02-02069,5.19,2.23,delicate,59
SC02-02070,5.12,3.02,heavy,59
SC02-02071,4.33,3.26,heavy,40
SC02-02072,2.73,0.69,heavy,29
SC02-02073,2.66,1.07,delicate,37
SC02-02074,8.43,4.35,delicate,100
SC02-02075,2.76,2.21,delicate,9
SC02-02076,3.6,4.6,synthetic,25
SC02-02077,6.75,2.38,synthetic,24
SC02-02078,7.06,7.98,synthetic,1
SC02-02079,7.7,2.61,synthetic,100
SC02-02080,9.97,7.59,delicate,60
SC02-02081,6.54,7.92,cotton,50
SC02-02082,2.28,5.93,cotton,60
SC02-02083,2.34,4.9,heavy,92
SC02-02084,8.14,3.05,delicate,40
SC02-02085,8.46,3.72,heavy,26
SC02-02086,4.39,6.9,delicate,47
SC02-02087,1.39,7.05,synthetic,94
SC02-02088,0.1,6.58,synthetic,43
SC02-02089,2.25,3.69,heavy,97
SC02-02090,7.79,4.53,synthetic,75
SC02-02091,0.23,6.39,cotton,19
SC02-02092,9.77,7.96,heavy,48
SC02-02093,2.04,3.43,heavy,24
SC02-02094,4.75,2.97,heavy,81
SC02-02095,8.95,1.2,delicate,86
SC02-02096,5.53,0.74,heavy,3
SC02-02097,1.87,1.02,heavy,36
SC02-02098,2.06,2.68,delicate,58
SC02-02099,0.57,4.39,cotton,41
SC02-02100,8.6,3.58,cotton,14
SC02-02101,1.29,3.64,delicate,49
SC02-02102,9.55,6.99,cotton,26
SC02-02103,3.1,6.63,heavy,20
SC02-02104,6.04,7.54,cotton,64
SC02-02105,7.17,3.94,cotton,0
SC02-02106,9.91,3.84,heavy,77
SC02-02107,8.08,4.44,heavy,58
SC02-02108,4.63,0.79,delicate,36
SC02-02109,6.46,7.39,synthetic,89
SC02-02110,8.43,6.44,heavy,78
SC02-02111,8.23,6.87,heavy,31
SC02-02112,1.8,5.13,heavy,58
SC02-02113,3.85,5.44,delicate,50
SC02-02114,6.99,0.83,cotton,35
SC02-02115,8.83,4.53,delicate,89
SC02-02116,7.27,7.27,heavy,52
SC02-02117,9.92,4.65,synthetic,9
SC02-02118,7.55,4.28,synthetic,52
SC02-02119,4.51,2.4,delicate,59
SC02-02120,0.27,5.29,heavy,48
SC02-02121,3.44,3.5,cotton,50
SC02-02122,0.38,2.38,cotton,41
SC02-02123,6.7,3.98,heavy,8
SC02-02124,0.83,5.43,heavy,17
SC02-02125,4.71,2.59,cotton,21
SC02-02126,8.38,5.05,cotton,37
SC02-02127,1.24,6.06,cotton,9
SC02-02128,6.71,0.58,synthetic,19
SC02-02129,4.41,1.83,delicate,86
SC02-02130,5.32,3.82,delicate,81
SC02-02131,8.12,5.31,delicate,49
SC02-02132,6.9,3.83,delicate,6
SC02-02133,7.72,6.25,cotton,47
SC02-02134,9.09,2.0,delicate,53
SC02-02135,0.28,0.61,cotton,87
SC02-02136,6.69,2.15,delicate,85
SC02-02137,1.68,1.75,heavy,65
SC02-02138,1.08,2.95,cotton,79
SC02-02139,2.07,4.56,heavy,15
SC02-02140,2.32,1.29,synthetic,22
SC02-02141,0.15,5.4,delicate,49
SC02-02142,2.13,2.15,synthetic,83
SC02-02143,6.24,0.83,cotton,52
SC02-02144,3.02,4.99,delicate,91
SC02-02145,5.36,7.93,cotton,32
SC02-02146,9.59,5.0,heavy,86
SC02-02147,9.25,6.29,cotton,42
SC02-02148,1.75,6.21,synthetic,85
SC02-02149,4.82,3.01,heavy,48
SC02-02150,5.11,6.06,delicate,29
SC02-02151,0.21,6.19,delicate,39
SC02-02152,2.36,3.71,cotton,79
SC02-02153,0.79,1.53,heavy,37
SC02-02154,2.02,3.32,delicate,30
SC02-02155,9.23,4.99,heavy,94
SC02-02156,8.77,1.51,synthetic,82
SC02-02157,7.87,0.8,heavy,82
SC02-02158,8.13,6.13,cotton,93
SC02-02159,3.31,2.32,delicate,85
SC02-02160,9.88,6.51,cotton,77
SC02-02161,8.73,4.41,cotton,56
SC02-02162,6.3,0.98,heavy,8
SC02-02163,9.54,0.89,cotton,26
SC02-02164,1.26,1.8,cotton,30
SC02-02165,5.07,3.7,heavy,39
SC02-02166,1.64,1.98,heavy,22
SC02-02167,6.06,2.77,heavy,81
SC02-02168,2.01,6.97,heavy,10
SC02-02169,9.51,3.2,heavy,21
SC02-02170,4.71,3.67,heavy,97
SC02-02171,1.56,7.65,heavy,2
SC02-02172,7.62,3.71,delicate,97
SC02-02173,9.06,2.75,cotton,70
SC02-02174,7.27,2.43,heavy,39
SC02-02175,4.54,3.31,heavy,9
SC02-02176,3.33,5.86,cotton,19
SC02-02177,9.16,0.53,synthetic,62
SC02-02178,4.05,3.62,heavy,95
SC02-02179,3.73,4.17,delicate,52
SC02-02180,8.85,7.94,delicate,49
SC02-02181,9.32,1.72,heavy,32
SC02-02182,7.71,6.14,synthetic,65
SC02-02183,7.09,5.26,synthetic,89
SC02-02184,0.58,3.39,heavy,94
SC02-02185,2.47,4.08,synthetic,80
SC02-02186,7.07,0.71,cotton,33
SC02-02187,6.05,7.58,cotton,32
SC02-02188,2.47,4.84,cotton,1
SC02-02189,1.17,1.19,heavy,50
SC02-02190,7.06,7.81,delicate,66
SC02-02191,9.1,7.07,cotton,54
SC02-02192,2.53,2.77,heavy,75
SC02-02193,3.08,3.59,delicate,13
SC02-02194,6.36,6.33,synthetic,18
SC02-02195,2.69,2.07,heavy,89
SC02-02196,3.08,7.9,heavy,0
SC02-02197,0.97,6.3,heavy,67
SC02-02198,4.17,2.66,heavy,21
SC02-02199,1.76,1.9,cotton,25
SC02-02200,4.86,4.27,delicate,57
SC02-02201,5.67,2.09,cotton,7
SC02-02202,7.5,6.57,cotton,33
SC02-02203,9.83,7.04,heavy,80
SC02-02204,9.13,1.32,cotton,10
SC02-02205,2.93,3.33,synthetic,8
SC02-02206,3.42,4.89,heavy,62
SC02-02207,6.73,1.26,delicate,34
SC02-02208,7.52,0.55,delicate,12
SC02-02209,2.11,6.44,heavy,77
SC02-02210,5.2,7.72,synthetic,62
SC02-02211,4.73,3.03,heavy,43
SC02-02212,3.71,7.18,synthetic,30
SC02-02213,9.41,5.49,heavy,78
SC02-02214,0.57,3.17,synthetic,12
SC02-02215,0.03,7.03,heavy,92
SC02-02216,8.35,7.44,delicate,77
SC02-02217,1.23,4.48,cotton,47
SC02-02218,4.52,5.65,heavy,65
SC02-02219,4.13,1.91,synthetic,2
SC02-02220,6.34,7.05,synthetic,86
SC02-02221,4.44,5.05,heavy,94
SC02-02222,6.13,1.11,heavy,60
SC02-02223,9.87,6.93,delicate,93
SC02-02224,3.85,5.05,cotton,66
SC02-02225,8.76,6.39,delicate,16
SC02-02226,4.98,1.15,heavy,21
SC02-02227,8.96,7.66,heavy,84
SC02-02228,5.41,2.33,cotton,96
SC02-02229,9.44,5.75,delicate,55
SC02-02230,9.93,0.72,synthetic,49
SC02-02231,7.66,2.15,synthetic,85
SC02-02232,4.76,7.23,delicate,85
SC02-02233,1.36,4.51,heavy,11
SC02-02234,7.96,3.0,cotton,73
SC02-02235,7.66,5.01,synthetic,48
SC02-02236,9.1,6.07,heavy,83
SC02-02237,6.42,4.71,heavy,29
SC02-02238,2.24,1.37,delicate,14
SC02-02239,0.89,6.05,cotton,95
SC02-02240,9.42,4.8,cotton,40
SC02-02241,9.54,4.83,delicate,39
SC02-02242,0.62,4.52,heavy,54
SC02-02243,3.2,3.24,cotton,66
SC02-02244,6.64,4.93,delicate,50
SC02-02245,0.09,6.89,synthetic,18
SC02-02246,8.16,2.73,cotton,63
SC02-02247,6.8,1.61,synthetic,18
SC02-02248,7.47,6.87,delicate,76
SC02-02249,3.2,4.27,delicate,35
SC02-02250,9.97,5.8,heavy,80
SC02-02251,8.29,4.21,heavy,7
SC02-02252,9.81,3.0,cotton,93
SC02-02253,9.34,2.19,delicate,99
SC02-02254,1.79,4.16,heavy,38
SC02-02255,9.84,5.44,cotton,2
SC02-02256,5.48,3.03,heavy,44
SC02-02257,7.58,3.43,synthetic,36
SC02-02258,6.96,1.96,heavy,12
SC02-02259,1.31,6.14,delicate,90
SC02-02260,3.04,5.41,cotton,56
SC02-02261,6.96,2.68,cotton,26
SC02-02262,2.18,6.11,delicate,46
SC02-02263,7.26,4.82,cotton,48
SC02-02264,9.5,3.7,cotton,7
SC02-02265,0.96,7.81,cotton,6
SC02-02266,1.17,4.37,synthetic,75
SC02-02267,4.34,1.61,heavy,31
SC02-02268,0.34,2.31,heavy,38
SC02-02269,6.88,7.66,heavy,99
SC02-02270,6.92,6.46,delicate,99
SC02-02271,4.64,6.64,heavy,35
SC02-02272,6.32,3.84,delicate,15
SC02-02273,1.17,1.42,cotton,2
SC02-02274,5.87,7.91,heavy,35
SC02-02275,6.94,1.21,cotton,49
SC02-02276,4.84,5.33,heavy,38
SC02-02277,5.71,1.25,delicate,91
SC02-02278,9.09,6.46,cotton,51
SC02-02279,8.13,0.65,heavy,8
SC02-02280,5.19,4.89,delicate,96
SC02-02281,7.53,7.74,delicate,23
SC02-02282,8.62,5.71,delicate,71
SC02-02283,4.47,2.86,delicate,16
SC02-02284,5.75,5.39,delicate,71
SC02-02285,2.57,6.15,delicate,15
SC02-02286,5.06,3.23,cotton,54
SC02-02287,9.77,5.44,cotton,38
SC02-02288,0.46,7.59,synthetic,84
SC02-02289,5.34,1.55,heavy,88
SC02-02290,3.13,7.33,synthetic,77
SC02-02291,5.38,2.07,delicate,84
SC02-02292,8.2,2.28,cotton,18
SC02-02293,3.0,6.74,cotton,77
SC02-02294,5.52,4.94,synthetic,16
SC02-02295,7.29,3.67,synthetic,33
SC02-02296,3.82,7.28,heavy,58
SC02-02297,0.83,2.41,heavy,88
SC02-02298,1.43,2.03,synthetic,81
SC02-02299,6.97,1.94,synthetic,72
SC02-02300,6.57,6.65,cotton,53
SC02-02301,8.22,2.87,heavy,48
SC02-02302,0.26,5.03,delicate,34
SC02-02303,1.25,1.32,heavy,8
SC02-02304,3.29,1.17,synthetic,99
SC02-02305,2.73,7.02,cotton,35
SC02-02306,0.1,3.33,cotton,48
SC02-02307,9.52,6.37,delicate,22
SC02-02308,5.26,7.07,heavy,12
SC02-02309,5.29,5.75,synthetic,70
SC02-02310,2.71,1.24,delicate,21
SC02-02311,3.18,6.14,cotton,44
SC02-02312,8.06,5.58,heavy,61
SC02-02313,5.92,2.44,cotton,84
SC02-02314,1.26,3.34,synthetic,6
SC02-02315,9.18,5.29,synthetic,90
SC02-02316,7.78,5.59,heavy,90
SC02-02317,4.58,3.79,synthetic,59
SC02-02318,5.02,2.57,heavy,66
SC02-02319,9.42,7.11,cotton,39
SC02-02320,6.36,1.15,synthetic,52
SC02-02321,7.71,6.84,delicate,9
SC02-02322,7.3,7.59,cotton,73
SC02-02323,0.57,6.08,heavy,1
SC02-02324,9.62,3.68,cotton,61
SC02-02325,4.98,5.64,delicate,51
SC02-02326,0.14,1.93,delicate,91
SC02-02327,4.25,4.51,synthetic,31
SC02-02328,9.94,5.46,delicate,77
SC02-02329,4.49,1.76,cotton,22
SC02-02330,0.75,6.8,synthetic,6
SC02-02331,4.23,3.34,synthetic,14
SC02-02332,3.38,5.59,delicate,37
SC02-02333,2.99,2.7,cotton,0
SC02-02334,7.38,4.77,cotton,39
SC02-02335,9.29,7.69,delicate,59
SC02-02336,8.92,6.86,delicate,45
SC02-02337,0.06,3.95,synthetic,45
SC02-02338,1.07,3.12,cotton,51
SC02-02339,3.55,1.26,heavy,25
SC02-02340,0.85,4.36,cotton,52
SC02-02341,1.24,4.16,cotton,98
SC02-02342,6.57,2.2,heavy,47
SC02-02343,2.99,3.71,cotton,68
SC02-02344,8.12,1.32,heavy,84
SC02-02345,8.39,1.71,synthetic,95
SC02-02346,4.34,3.19,cotton,14
SC02-02347,1.9,0.8,heavy,53
SC02-02348,7.44,7.26,cotton,85
SC02-02349,1.99,4.09,synthetic,15
SC02-02350,4.21,4.63,cotton,41
SC02-02351,7.51,6.35,heavy,64
SC02-02352,7.26,6.06,heavy,16
SC02-02353,1.1,1.31,delicate,16
SC02-02354,1.56,4.25,cotton,6
SC02-02355,6.78,3.07,delicate,55
SC02-02356,4.8,2.62,delicate,97
SC02-02357,4.29,5.13,cotton,31
SC02-02358,2.81,1.36,synthetic,89
SC02-02359,2.47,6.65,cotton,60
SC02-02360,7.06,6.57,cotton,24
SC02-02361,9.93,4.93,cotton,29
SC02-02362,1.2,3.51,synthetic,24
SC02-02363,9.29,3.7,cotton,11
SC02-02364,8.64,3.35,synthetic,89
SC02-02365,6.33,2.24,synthetic,54
SC02-02366,4.79,4.32,delicate,38
SC02-02367,1.1,3.23,synthetic,91
SC02-02368,4.18,2.9,delicate,23
SC02-02369,0.41,0.89,synthetic,27
SC02-02370,2.85,2.6,delicate,55
SC02-02371,1.85,7.61,synthetic,42
SC02-02372,3.04,1.23,delicate,87
SC02-02373,5.52,6.96,synthetic,46
SC02-02374,7.41,3.21,synthetic,30
SC02-02375,6.5,2.08,heavy,11
SC02-02376,8.87,1.48,delicate,5
SC02-02377,5.87,7.34,cotton,24
SC02-02378,7.05,7.44,delicate,69
SC02-02379,6.19,2.76,heavy,97
SC02-02380,2.02,5.91,delicate,16
SC02-02381,1.92,4.63,synthetic,97
SC02-02382,8.53,7.3,synthetic,46
SC02-02383,4.48,5.88,heavy,8
SC02-02384,4.83,4.43,delicate,21
SC02-02385,5.99,5.73,cotton,37
SC02-02386,0.45,4.75,cotton,94
SC02-02387,8.15,4.21,delicate,21
SC02-02388,4.38,4.32,heavy,51
SC02-02389,6.07,2.05,delicate,20
SC02-02390,5.72,4.94,delicate,65
SC02-02391,4.55,5.81,synthetic,38
SC02-02392,8.52,2.72,synthetic,70
SC02-02393,1.19,2.18,cotton,37
SC02-02394,0.39,1.61,synthetic,17
SC02-02395,2.7,6.43,cotton,26
SC02-02396,5.35,0.51,synthetic,80
SC02-02397,6.05,3.27,delicate,90
SC02-02398,8.84,2.48,cotton,52
SC02-02399,8.98,2.71,delicate,80
SC02-02400,8.16,6.68,cotton,93
SC02-02401,9.65,1.83,delicate,68
SC02-02402,6.57,7.01,delicate,92
SC02-02403,7.46,3.36,synthetic,80
SC02-02404,6.34,4.63,heavy,28
SC02-02405,3.24,2.03,heavy,19
SC02-02406,4.46,5.97,heavy,47
SC02-02407,1.48,4.09,heavy,23
SC02-02408,4.59,6.62,cotton,24
SC02-02409,5.7,7.58,cotton,82
SC02-02410,2.82,2.83,cotton,50
SC02-02411,6.87,1.91,cotton,9
SC02-02412,4.26,3.91,heavy,12
SC02-02413,7.24,1.53,delicate,77
SC02-02414,1.0,3.38,delicate,1
SC02-02415,7.63,5.33,delicate,16
SC02-02416,2.48,1.13,cotton,80
SC02-02417,6.0,6.44,delicate,13
SC02-02418,5.42,6.64,delicate,25
SC02-02419,1.39,6.2,heavy,20
SC02-02420,3.07,4.09,cotton,7
SC02-02421,5.44,2.51,delicate,2
SC02-02422,8.25,1.27,synthetic,13
SC02-02423,5.12,6.77,cotton,0
SC02-02424,9.12,0.68,heavy,49
SC02-02425,1.47,5.42,cotton,87
SC02-02426,3.85,7.13,delicate,62
SC02-02427,1.7,1.33,delicate,36
SC02-02428,3.57,5.12,delicate,46
SC02-02429,9.23,7.4,delicate,77
SC02-02430,1.51,3.71,synthetic,76
SC02-02431,1.81,3.69,synthetic,79
SC02-02432,8.18,3.11,delicate,34
SC02-02433,9.16,5.46,synthetic,91
SC02-02434,7.99,6.42,cotton,99
SC02-02435,6.56,2.9,heavy,57
SC02-02436,7.21,6.39,heavy,8
SC02-02437,1.13,3.71,synthetic,18
SC02-02438,0.9,7.96,cotton,98
SC02-02439,3.85,2.89,heavy,61
SC02-02440,6.93,3.6,synthetic,17
SC02-02441,8.02,5.4,cotton,49
SC02-02442,4.19,4.23,heavy,68
SC02-02443,5.36,2.23,delicate,74
SC02-02444,7.15,4.45,cotton,89
SC02-02445,0.87,3.21,cotton,2
SC02-02446,3.62,4.05,cotton,14
SC02-02447,0.6,3.12,cotton,37
SC02-02448,4.6,6.76,heavy,31
SC02-02449,2.11,2.18,cotton,15
SC02-02450,9.62,5.78,heavy,93
SC02-02451,0.26,7.74,synthetic,6
SC02-02452,7.01,5.47,delicate,61
SC02-02453,8.37,7.03,delicate,18
SC02-02454,3.65,1.09,delicate,1
SC02-02455,5.69,6.6,cotton,97
SC02-02456,1.82,6.08,synthetic,60
SC02-02457,4.12,3.03,delicate,36
SC02-02458,1.11,0.95,delicate,77
SC02-02459,7.51,4.27,delicate,50
SC02-02460,8.33,5.6,heavy,70
SC02-02461,7.11,2.44,synthetic,90
SC02-02462,2.27,7.49,synthetic,11
SC02-02463,5.22,7.83,cotton,95
SC02-02464,2.12,5.14,cotton,50
SC02-02465,1.84,6.09,delicate,88
SC02-02466,4.68,2.85,heavy,48
SC02-02467,1.65,6.53,heavy,24
SC02-02468,2.7,1.28,synthetic,77
SC02-02469,7.79,3.02,cotton,36
SC02-02470,1.63,1.3,cotton,76
SC02-02471,0.11,7.32,cotton,70
SC02-02472,2.02,7.47,cotton,34
SC02-02473,0.85,4.78,delicate,72
SC02-02474,9.86,4.13,delicate,40
SC02-02475,0.93,2.81,synthetic,96
SC02-02476,2.82,3.49,cotton,40
SC02-02477,7.52,5.94,cotton,89
SC02-02478,6.75,2.98,delicate,64
SC02-02479,8.07,1.63,heavy,61
SC02-02480,5.86,6.89,synthetic,20
SC02-02481,1.52,3.97,delicate,91
SC02-02482,2.32,2.12,cotton,98
SC02-02483,7.19,7.95,synthetic,57
SC02-02484,7.85,3.04,synthetic,79
SC02-02485,8.56,3.73,heavy,30
SC02-02486,2.09,5.08,delicate,19
SC02-02487,5.67,7.96,delicate,1
SC02-02488,1.43,7.03,delicate,63
SC02-02489,0.94,2.85,synthetic,20
SC02-02490,0.68,4.82,synthetic,11
SC02-02491,0.71,5.83,heavy,33
SC02-02492,9.86,7.84,heavy,83
SC02-02493,9.24,7.55,heavy,5
SC02-02494,3.63,2.65,heavy,79
SC02-02495,9.17,1.47,synthetic,65
SC02-02496,8.45,7.64,synthetic,10
SC02-02497,6.82,4.29,synthetic,87
SC02-02498,0.43,7.83,delicate,94
SC02-02499,7.91,5.75,delicate,19
SC02-02500,8.53,2.68,cotton,72
SC02-02501,3.99,1.05,heavy,59
SC02-02502,6.69,3.12,heavy,82
SC02-02503,5.35,6.64,delicate,10
SC02-02504,1.8,1.31,heavy,98
SC02-02505,4.33,3.51,delicate,40
SC02-02506,3.42,5.03,cotton,89
SC02-02507,7.41,1.36,heavy,4
SC02-02508,5.45,7.61,cotton,81
SC02-02509,2.13,4.76,heavy,7
SC02-02510,9.36,3.21,heavy,60
SC02-02511,2.13,2.09,delicate,97
SC02-02512,6.84,2.52,cotton,10
SC02-02513,1.42,2.55,delicate,38
SC02-02514,8.74,3.89,heavy,67
SC02-02515,2.14,7.2,cotton,6
SC02-02516,0.92,7.26,synthetic,96
SC02-02517,2.97,1.99,heavy,61
SC02-02518,4.75,5.67,cotton,89
SC02-02519,4.37,7.34,heavy,1
SC02-02520,5.61,7.2,cotton,9
SC02-02521,7.23,4.84,cotton,41
SC02-02522,6.64,6.68,synthetic,1
SC02-02523,1.51,3.94,cotton,63
SC02-02524,8.64,1.35,heavy,33
SC02-02525,5.21,0.53,heavy,16
SC02-02526,6.34,5.29,delicate,4
SC02-02527,2.19,7.84,heavy,89
SC02-02528,5.46,1.75,heavy,27
SC02-02529,3.48,7.64,delicate,47
SC02-02530,8.14,0.62,synthetic,64
SC02-02531,8.19,1.44,heavy,83
SC02-02532,9.99,3.61,synthetic,45
SC02-02533,8.28,3.69,synthetic,14
SC02-02534,9.26,3.94,synthetic,22
SC02-02535,5.53,1.72,heavy,48
SC02-02536,2.85,5.45,heavy,81
SC02-02537,2.83,5.15,delicate,11
SC02-02538,8.06,1.28,delicate,78
SC02-02539,9.32,1.28,delicate,81
SC02-02540,4.44,4.86,delicate,85
SC02-02541,2.9,3.65,cotton,99
SC02-02542,4.55,3.36,cotton,60
SC02-02543,9.51,3.13,heavy,52
SC02-02544,9.08,5.34,heavy,0
SC02-02545,9.4,6.37,synthetic,34
SC02-02546,8.8,2.48,heavy,86
SC02-02547,2.42,7.25,heavy,4
SC02-02548,0.16,1.65,synthetic,66
SC02-02549,8.2,5.0,synthetic,21
SC02-02550,9.59,7.95,cotton,71
SC02-02551,9.73,1.94,heavy,6
SC02-02552,8.01,4.83,cotton,81
SC02-02553,3.9,5.96,heavy,40
SC02-02554,5.17,3.78,delicate,90
SC02-02555,8.01,4.28,heavy,97
SC02-02556,6.27,2.45,cotton,41
SC02-02557,2.04,1.2,heavy,1
SC02-02558,6.29,4.95,delicate,79
SC02-02559,7.08,7.4,delicate,73
SC02-02560,3.82,6.07,cotton,58
SC02-02561,6.34,6.33,cotton,30
SC02-02562,6.53,2.16,cotton,68
SC02-02563,8.4,5.95,heavy,98
SC02-02564,2.6,0.89,delicate,18
SC02-02565,6.27,5.29,delicate,14
SC02-02566,4.59,4.97,delicate,18
SC02-02567,2.82,7.21,delicate,9
SC02-02568,4.94,3.21,cotton,50
SC02-02569,1.01,6.47,heavy,9
SC02-02570,4.87,5.19,cotton,87
SC02-02571,4.2,7.17,heavy,20
SC02-02572,1.8,0.58,cotton,84
SC02-02573,5.67,5.05,delicate,15
SC02-02574,9.76,7.95,heavy,78
SC02-02575,6.0,0.54,synthetic,15
SC02-02576,1.93,0.72,delicate,66
SC02-02577,5.12,1.64,synthetic,14
SC02-02578,8.99,0.72,cotton,28
SC02-02579,0.83,5.69,cotton,34
SC02-02580,2.74,1.99,delicate,44
SC02-02581,7.08,5.39,heavy,95
SC02-02582,8.09,3.77,heavy,24
SC02-02583,2.5,1.98,synthetic,50
SC02-02584,1.03,6.45,synthetic,21
SC02-02585,7.94,7.65,heavy,55
SC02-02586,8.83,3.68,synthetic,40
SC02-02587,6.23,5.05,heavy,25
SC02-02588,5.67,3.3,delicate,57
SC02-02589,1.67,0.75,synthetic,75
SC02-02590,4.1,5.03,synthetic,50
SC02-02591,0.3,1.85,synthetic,54
SC02-02592,7.91,3.18,delicate,27
SC02-02593,6.57,3.29,synthetic,15
SC02-02594,0.1,5.66,synthetic,27
SC02-02595,4.65,6.46,cotton,71
SC02-02596,0.66,2.63,cotton,67
SC02-02597,2.17,4.71,delicate,73
SC02-02598,8.93,3.66,heavy,40
SC02-02599,8.13,1.99,delicate,63
SC02-02600,4.99,7.93,heavy,15
SC02-02601,1.24,1.78,synthetic,75
SC02-02602,3.83,4.82,synthetic,2
SC02-02603,6.44,6.92,delicate,59
SC02-02604,2.84,6.81,heavy,4
SC02-02605,8.96,7.39,delicate,43
SC02-02606,6.45,1.02,delicate,53
SC02-02607,7.23,2.56,synthetic,51
SC02-02608,0.8,6.31,heavy,78
SC02-02609,0.47,2.74,heavy,63
SC02-02610,8.49,7.75,delicate,47
SC02-02611,9.38,1.27,cotton,6
SC02-02612,8.25,1.54,synthetic,88
SC02-02613,7.24,2.2,delicate,24
SC02-02614,7.24,6.59,delicate,88
SC02-02615,8.68,2.45,delicate,14
SC02-02616,0.48,2.78,synthetic,42
SC02-02617,6.88,6.44,heavy,34
SC02-02618,6.99,7.44,heavy,15
SC02-02619,1.26,6.96,heavy,81
SC02-02620,4.47,1.42,cotton,73
SC02-02621,4.78,4.18,synthetic,41
SC02-02622,7.73,4.12,delicate,33
SC02-02623,7.66,5.84,synthetic,71
SC02-02624,8.36,2.32,cotton,88
SC02-02625,0.78,7.79,delicate,27
SC02-02626,0.13,2.12,heavy,24
SC02-02627,4.88,3.05,synthetic,97
SC02-02628,9.44,5.81,cotton,64
SC02-02629,1.06,1.48,synthetic,49
SC02-02630,9.75,7.01,cotton,99
SC02-02631,4.0,1.01,heavy,21
SC02-02632,6.86,7.64,delicate,18
SC02-02633,4.61,1.3,delicate,30
SC02-02634,0.17,3.96,synthetic,3
SC02-02635,4.76,4.48,synthetic,33
SC02-02636,1.18,4.63,synthetic,55
SC02-02637,2.12,3.48,heavy,65
SC02-02638,3.34,3.81,synthetic,12
SC02-02639,0.49,3.37,heavy,24
SC02-02640,2.94,3.52,synthetic,67
SC02-02641,6.07,4.39,delicate,87
SC02-02642,0.5,2.37,delicate,28
SC02-02643,1.15,7.21,synthetic,30
SC02-02644,0.66,1.26,cotton,79
SC02-02645,7.0,3.53,heavy,12
SC02-02646,2.2,6.68,synthetic,63
SC02-02647,2.06,6.39,synthetic,81
SC02-02648,2.88,4.97,delicate,12
SC02-02649,1.85,7.31,heavy,94
SC02-02650,3.05,7.3,cotton,21
SC02-02651,3.15,1.02,cotton,42
SC02-02652,9.0,1.56,delicate,85
SC02-02653,4.75,3.01,cotton,33
SC02-02654,8.81,1.78,delicate,76
SC02-02655,3.52,4.05,delicate,62
SC02-02656,8.73,4.04,delicate,2
SC02-02657,5.67,7.93,cotton,67
SC02-02658,5.03,6.16,delicate,12
SC02-02659,3.05,6.02,heavy,62
SC02-02660,7.35,7.92,synthetic,84
SC02-02661,4.86,3.23,delicate,45
SC02-02662,3.01,3.0,heavy,14
SC02-02663,2.7,4.39,delicate,18
SC02-02664,9.79,6.92,cotton,45
SC02-02665,4.98,2.33,heavy,46
SC02-02666,2.06,1.17,heavy,81
SC02-02667,1.08,2.55,heavy,67
SC02-02668,1.75,7.33,synthetic,42
SC02-02669,3.91,3.63,synthetic,39
SC02-02670,1.91,4.85,synthetic,78
SC02-02671,1.23,6.46,synthetic,36
SC02-02672,1.1,0.56,cotton,59
SC02-02673,6.81,4.42,synthetic,79
SC02-02674,5.58,1.72,heavy,36
SC02-02675,0.65,2.71,heavy,5
SC02-02676,2.17,6.69,delicate,6
SC02-02677,4.88,0.54,synthetic,84
SC02-02678,8.34,0.87,cotton,44
SC02-02679,8.79,6.39,cotton,11
SC02-02680,7.13,1.57,cotton,55
SC02-02681,5.85,1.11,cotton,4
SC02-02682,4.73,3.16,heavy,54
SC02-02683,3.99,7.28,synthetic,38
SC02-02684,5.97,1.8,heavy,86
SC02-02685,8.76,6.53,cotton,87
SC02-02686,7.68,2.38,heavy,70
SC02-02687,2.0,2.79,synthetic,72
SC02-02688,9.27,3.96,cotton,48
SC02-02689,7.82,6.75,delicate,17
SC02-02690,5.27,5.71,synthetic,59
SC02-02691,3.54,4.0,heavy,59
SC02-02692,0.28,4.69,heavy,11
SC02-02693,7.56,5.11,synthetic,100
SC02-02694,2.43,4.34,cotton,79
SC02-02695,5.43,4.74,synthetic,6
SC02-02696,7.55,3.44,heavy,85
SC02-02697,0.06,6.56,heavy,6
SC02-02698,0.85,2.53,delicate,42
SC02-02699,5.94,6.66,heavy,88
SC02-02700,3.31,0.96,delicate,89
SC02-02701,2.05,1.58,heavy,17
SC02-02702,2.24,5.57,cotton,38
SC02-02703,6.28,5.89,delicate,62
SC02-02704,6.24,2.01,delicate,0
SC02-02705,1.53,7.1,delicate,31
SC02-02706,2.04,4.05,heavy,50
SC02-02707,0.56,1.41,heavy,61
SC02-02708,9.83,6.65,synthetic,78
SC02-02709,6.81,6.94,delicate,55
SC02-02710,1.46,0.66,cotton,95
SC02-02711,6.57,1.78,cotton,60
SC02-02712,4.8,2.67,delicate,75
SC02-02713,4.93,5.51,heavy,49
SC02-02714,6.98,1.31,heavy,54
SC02-02715,1.48,2.63,delicate,72
SC02-02716,3.89,4.85,delicate,82
SC02-02717,6.5,5.43,heavy,5
SC02-02718,9.08,3.16,cotton,59
SC02-02719,8.82,3.94,delicate,20
SC02-02720,3.58,6.92,cotton,44
SC02-02721,9.03,4.44,delicate,22
SC02-02722,6.56,3.14,synthetic,58
SC02-02723,7.15,6.4,synthetic,100
SC02-02724,7.63,2.77,heavy,8
SC02-02725,9.16,5.34,heavy,60
SC02-02726,6.06,1.85,synthetic,16
SC02-02727,6.98,4.92,synthetic,74
SC02-02728,6.17,3.53,delicate,3
SC02-02729,8.52,1.69,delicate,85
SC02-02730,1.06,7.51,heavy,41
SC02-02731,7.6,7.86,cotton,13
SC02-02732,9.0,1.8,heavy,96
SC02-02733,9.73,7.42,delicate,78
SC02-02734,2.5,0.78,delicate,56
SC02-02735,7.63,5.05,delicate,22
SC02-02736,3.21,5.74,heavy,17
SC02-02737,9.89,4.8,cotton,25
SC02-02738,2.52,3.78,synthetic,28
SC02-02739,2.01,1.72,cotton,11
SC02-02740,5.82,5.22,delicate,26
SC02-02741,0.33,1.55,delicate,46
SC02-02742,7.74,4.76,delicate,43
SC02-02743,1.85,5.97,heavy,24
SC02-02744,8.32,4.78,heavy,64
SC02-02745,3.52,5.14,cotton,8
SC02-02746,4.39,5.19,delicate,72
SC02-02747,0.78,6.37,synthetic,12
SC02-02748,1.18,2.23,synthetic,2
SC02-02749,2.24,7.55,synthetic,49
SC02-02750,7.03,1.01,cotton,36
SC02-02751,0.75,4.82,synthetic,51
SC02-02752,6.19,4.59,delicate,74
SC02-02753,4.71,7.38,synthetic,83
SC02-02754,0.3,3.04,synthetic,25
SC02-02755,3.35,6.24,cotton,26
SC02-02756,5.47,6.0,delicate,30
SC02-02757,4.94,6.54,delicate,44
SC02-02758,9.81,7.62,delicate,70
SC02-02759,4.79,1.47,delicate,13
SC02-02760,0.36,4.31,synthetic,55
SC02-02761,4.78,6.36,cotton,2
SC02-02762,9.31,0.7,cotton,68
SC02-02763,6.08,3.35,delicate,70
SC02-02764,4.82,3.4,heavy,89
SC02-02765,1.25,5.76,cotton,14
SC02-02766,4.38,7.23,synthetic,45
SC02-02767,1.94,3.77,delicate,30
SC02-02768,2.32,4.91,cotton,52
SC02-02769,7.47,7.16,delicate,1
SC02-02770,8.73,2.37,delicate,9
SC02-02771,0.57,3.79,synthetic,5
SC02-02772,3.14,5.02,cotton,37
SC02-02773,1.3,3.48,delicate,84
SC02-02774,0.77,2.38,cotton,63
SC02-02775,7.05,6.6,cotton,56
SC02-02776,7.13,7.56,synthetic,83
SC02-02777,2.44,7.2,synthetic,89
SC02-02778,5.41,1.28,synthetic,52
SC02-02779,7.06,5.16,synthetic,10
SC02-02780,2.04,1.53,cotton,39
SC02-02781,7.42,2.08,synthetic,92
SC02-02782,8.16,1.56,cotton,89
SC02-02783,4.4,6.23,delicate,2
SC02-02784,4.99,0.75,synthetic,75
SC02-02785,3.84,6.7,delicate,7
SC02-02786,2.79,5.07,heavy,2
SC02-02787,8.63,3.38,delicate,28
SC02-02788,2.06,1.88,heavy,68
SC02-02789,0.52,2.79,synthetic,3
SC02-02790,9.1,6.16,synthetic,33
SC02-02791,8.1,4.93,delicate,43
SC02-02792,7.26,5.16,heavy,100
SC02-02793,7.29,6.02,delicate,13
SC02-02794,5.53,7.64,synthetic,68
SC02-02795,4.64,4.79,synthetic,20
SC02-02796,9.6,4.0,cotton,16
SC02-02797,9.08,2.61,synthetic,10
SC02-02798,9.99,6.29,synthetic,43
SC02-02799,5.71,0.79,synthetic,46
SC02-02800,2.69,2.38,delicate,15
SC02-02801,3.07,5.46,synthetic,22
SC02-02802,4.44,0.63,delicate,59
SC02-02803,0.37,3.19,cotton,52
SC02-02804,0.59,7.54,synthetic,78
SC02-02805,5.51,7.65,heavy,23
SC02-02806,2.58,6.4,synthetic,63
SC02-02807,1.27,5.23,cotton,79
SC02-02808,6.56,2.25,delicate,23
SC02-02809,6.84,6.95,synthetic,5
SC02-02810,5.53,2.21,synthetic,32
SC02-02811,0.16,6.84,synthetic,69
SC02-02812,7.18,5.0,synthetic,13
SC02-02813,0.77,3.83,delicate,30
SC02-02814,2.04,4.78,heavy,9
SC02-02815,6.42,7.07,cotton,3
SC02-02816,3.27,6.41,synthetic,52
SC02-02817,8.97,3.31,synthetic,79
SC02-02818,0.31,3.26,synthetic,19
SC02-02819,9.12,0.69,cotton,40
SC02-02820,5.11,6.36,synthetic,27
SC02-02821,3.79,4.87,cotton,48
SC02-02822,7.63,5.37,delicate,28
SC02-02823,5.65,7.98,heavy,68
SC02-02824,7.33,6.86,delicate,77
SC02-02825,4.72,4.43,heavy,40
SC02-02826,2.69,6.77,synthetic,31
SC02-02827,3.29,6.49,synthetic,29
SC02-02828,4.56,6.11,delicate,88
SC02-02829,2.41,6.0,heavy,46
SC02-02830,0.8,4.7,delicate,46
SC02-02831,6.53,5.04,heavy,100
SC02-02832,4.19,4.77,cotton,68
SC02-02833,2.45,7.32,cotton,77
SC02-02834,2.6,2.65,synthetic,15
SC02-02835,0.82,3.66,cotton,73
SC02-02836,4.94,7.11,cotton,23
SC02-02837,8.76,0.62,delicate,53
SC02-02838,2.63,4.66,heavy,95
SC02-02839,1.01,7.02,heavy,3
SC02-02840,6.9,7.92,cotton,65
SC02-02841,8.67,7.39,heavy,45
SC02-02842,1.27,5.73,cotton,91
SC02-02843,2.93,3.03,synthetic,75
SC02-02844,6.09,1.31,delicate,9
SC02-02845,7.39,3.16,heavy,52
SC02-02846,6.31,6.06,heavy,37
SC02-02847,7.58,5.75,cotton,92
SC02-02848,7.66,7.37,delicate,19
SC02-02849,8.96,4.95,synthetic,86
SC02-02850,6.49,3.35,heavy,22
SC02-02851,5.09,4.91,delicate,29
SC02-02852,2.97,3.06,heavy,36
SC02-02853,3.23,2.89,cotton,18
SC02-02854,0.42,7.59,cotton,55
SC02-02855,5.19,4.81,synthetic,12
SC02-02856,3.47,1.74,synthetic,35
SC02-02857,4.87,2.18,cotton,36
SC02-02858,9.39,2.45,delicate,29
SC02-02859,6.66,1.56,cotton,70
SC02-02860,8.39,6.16,delicate,76
SC02-02861,9.03,7.7,cotton,0
SC02-02862,4.88,6.67,synthetic,26
SC02-02863,2.82,7.61,heavy,93
SC02-02864,4.45,1.45,heavy,37
SC02-02865,9.18,5.87,delicate,56
SC02-02866,8.89,4.2,delicate,17
SC02-02867,9.93,5.99,delicate,45
SC02-02868,8.04,6.08,cotton,93
SC02-02869,0.74,1.68,synthetic,35
SC02-02870,4.53,6.02,delicate,90
SC02-02871,6.88,7.19,delicate,55
SC02-02872,1.0,5.79,synthetic,24
SC02-02873,8.41,5.46,delicate,81
SC02-02874,6.27,2.34,heavy,28
SC02-02875,6.73,2.49,cotton,62
SC02-02876,8.14,6.0,synthetic,16
SC02-02877,1.99,7.07,cotton,0
SC02-02878,4.34,4.18,cotton,90
SC02-02879,1.78,3.64,synthetic,78
SC02-02880,3.8,4.88,synthetic,61
SC02-02881,5.3,7.66,synthetic,29
SC02-02882,8.75,5.51,heavy,80
SC02-02883,3.92,3.18,heavy,37
SC02-02884,0.97,1.34,synthetic,53
SC02-02885,9.69,2.94,heavy,14
SC02-02886,1.76,7.67,delicate,44
SC02-02887,6.97,5.79,heavy,62
SC02-02888,6.01,5.65,delicate,37
SC02-02889,2.68,2.11,heavy,7
SC02-02890,5.62,2.92,synthetic,52
SC02-02891,3.91,3.81,heavy,33
SC02-02892,9.12,2.51,cotton,43
SC02-02893,6.36,0.84,heavy,52
SC02-02894,2.21,7.07,cotton,99
SC02-02895,6.25,7.61,synthetic,16
SC02-02896,6.05,0.65,delicate,48
SC02-02897,0.9,5.79,synthetic,98
SC02-02898,7.66,0.98,delicate,66
SC02-02899,2.1,4.52,cotton,68
SC02-02900,3.96,5.88,synthetic,20
SC02-02901,9.11,2.99,cotton,70
SC02-02902,7.33,7.55,delicate,2
SC02-02903,7.55,4.45,heavy,62
SC02-02904,0.42,2.62,delicate,29
SC02-02905,6.32,5.66,delicate,34
SC02-02906,7.5,6.6,heavy,83
SC02-02907,4.01,6.64,synthetic,10
SC02-02908,0.77,4.28,heavy,2
SC02-02909,0.15,6.73,cotton,12
SC02-02910,7.36,6.44,cotton,77
SC02-02911,8.59,6.39,heavy,65
SC02-02912,7.43,2.77,heavy,25
SC02-02913,1.0,7.77,heavy,48
SC02-02914,2.91,1.2,heavy,71
SC02-02915,2.79,2.63,cotton,48
SC02-02916,0.17,4.23,heavy,47
SC02-02917,7.63,5.86,heavy,28
SC02-02918,5.78,0.69,cotton,57
SC02-02919,3.7,4.72,synthetic,42
SC02-02920,1.44,5.22,delicate,12
SC02-02921,5.61,2.06,heavy,75
SC02-02922,2.5,1.56,heavy,66
SC02-02923,7.23,4.75,cotton,7
SC02-02924,7.67,2.39,synthetic,94
SC02-02925,3.38,1.63,synthetic,88
SC02-02926,5.65,3.55,delicate,34
SC02-02927,6.9,6.16,heavy,69
SC02-02928,5.0,7.7,cotton,41
SC02-02929,4.61,4.12,delicate,13
SC02-02930,4.26,1.08,cotton,96
SC02-02931,0.14,4.4,delicate,21
SC02-02932,1.97,7.02,delicate,4
SC02-02933,8.86,4.21,heavy,17
SC02-02934,7.49,4.6,heavy,1
SC02-02935,2.97,3.77,synthetic,92
SC02-02936,9.22,5.58,synthetic,78
SC02-02937,8.9,4.73,cotton,18
SC02-02938,2.9,5.64,synthetic,66
SC02-02939,6.05,4.04,cotton,42
SC02-02940,9.27,5.9,cotton,21
SC02-02941,5.24,6.72,delicate,40
SC02-02942,4.16,1.63,delicate,0
SC02-02943,3.12,1.91,delicate,68
SC02-02944,4.59,1.21,heavy,76
SC02-02945,1.56,3.13,cotton,44
SC02-02946,6.29,7.46,synthetic,36
SC02-02947,8.21,7.01,synthetic,47
SC02-02948,6.25,3.52,synthetic,71
SC02-02949,5.41,5.45,delicate,75
SC02-02950,1.52,5.98,synthetic,22
SC02-02951,2.63,1.27,heavy,42
SC02-02952,5.76,6.9,synthetic,94
SC02-02953,8.71,5.51,heavy,26
SC02-02954,1.68,6.38,cotton,11
SC02-02955,9.3,5.11,cotton,21
SC02-02956,4.75,0.5,delicate,6
SC02-02957,1.37,6.55,heavy,85
SC02-02958,4.72,2.77,delicate,30
SC02-02959,5.6,3.33,heavy,90
SC02-02960,4.74,2.84,synthetic,67
SC02-02961,0.78,5.04,cotton,21
SC02-02962,9.45,6.75,cotton,55
SC02-02963,5.6,4.18,synthetic,87
SC02-02964,1.2,7.25,synthetic,22
SC02-02965,0.25,3.24,heavy,98
SC02-02966,6.7,5.96,cotton,78
SC02-02967,5.6,7.98,cotton,48
SC02-02968,3.74,7.5,delicate,25
SC02-02969,4.42,4.45,delicate,75
SC02-02970,3.1,1.21,synthetic,32
SC02-02971,5.03,0.6,synthetic,4
SC02-02972,6.47,5.31,heavy,5
SC02-02973,9.96,5.78,synthetic,80
SC02-02974,0.57,4.79,delicate,91
SC02-02975,9.28,7.98,heavy,62
SC02-02976,1.74,6.12,delicate,4
SC02-02977,3.7,5.1,cotton,90
SC02-02978,7.36,7.03,cotton,10
SC02-02979,4.2,6.84,delicate,56
SC02-02980,6.37,0.97,delicate,69
SC02-02981,2.77,6.89,delicate,42
SC02-02982,8.37,6.86,synthetic,90
SC02-02983,1.69,7.9,synthetic,66
SC02-02984,0.14,5.48,heavy,85
SC02-02985,6.7,0.99,cotton,93
SC02-02986,2.67,1.79,delicate,35
SC02-02987,6.09,5.67,heavy,22
SC02-02988,6.35,6.82,delicate,39
SC02-02989,2.74,3.13,synthetic,59
SC02-02990,5.68,5.72,heavy,11
SC02-02991,1.16,1.18,delicate,23
SC02-02992,3.18,5.2,delicate,98
SC02-02993,1.69,0.58,synthetic,58
SC02-02994,0.81,5.93,cotton,39
SC02-02995,8.37,5.32,cotton,95
SC02-02996,7.56,1.5,delicate,48
SC02-02997,7.06,1.84,cotton,72
SC02-02998,3.16,2.19,cotton,34
SC02-02999,8.84,1.83,synthetic,33
SC02-03000,6.98,2.48,heavy,45
SC02-03001,5.79,3.12,heavy,80
SC02-03002,6.87,1.78,heavy,19
SC02-03003,5.38,2.08,heavy,44
SC02-03004,6.46,5.62,synthetic,26
SC02-03005,3.42,7.76,synthetic,11
SC02-03006,5.13,2.08,cotton,59
SC02-03007,2.61,7.41,cotton,60
SC02-03008,1.4,4.9,synthetic,72
SC02-03009,3.78,4.91,delicate,41
SC02-03010,7.01,5.22,delicate,20
SC02-03011,4.21,3.01,delicate,23
SC02-03012,9.13,2.8,heavy,69
SC02-03013,1.86,0.66,heavy,75
SC02-03014,5.76,3.76,heavy,60
SC02-03015,8.34,2.39,synthetic,76
SC02-03016,3.38,5.59,synthetic,5
SC02-03017,9.71,7.08,delicate,53
SC02-03018,4.26,2.52,heavy,75
SC02-03019,0.29,4.34,synthetic,76
SC02-03020,9.65,7.57,cotton,72
SC02-03021,7.52,1.47,synthetic,100
SC02-03022,9.6,7.78,synthetic,98
SC02-03023,1.41,3.1,heavy,21
SC02-03024,4.61,5.44,cotton,22
SC02-03025,3.01,1.1,cotton,26
SC02-03026,4.37,5.93,cotton,87
SC02-03027,5.55,6.32,delicate,61
SC02-03028,1.59,1.25,heavy,89
SC02-03029,2.12,4.04,heavy,59
SC02-03030,7.06,6.22,delicate,49
SC02-03031,1.29,6.22,cotton,51
SC02-03032,7.73,7.24,heavy,76
SC02-03033,3.94,1.04,heavy,85
SC02-03034,7.4,4.9,cotton,77
SC02-03035,1.78,2.26,synthetic,43
SC02-03036,5.01,0.51,heavy,9
SC02-03037,6.46,1.54,cotton,5
SC02-03038,2.11,3.77,synthetic,49
SC02-03039,6.54,3.69,synthetic,39
SC02-03040,3.87,6.66,delicate,33
SC02-03041,9.59,3.66,cotton,50
SC02-03042,6.82,6.76,heavy,10
SC02-03043,3.46,6.0,heavy,1
SC02-03044,1.61,1.47,heavy,87
SC02-03045,4.55,4.15,heavy,54
SC02-03046,7.71,2.77,synthetic,94
SC02-03047,6.34,5.03,heavy,64
SC02-03048,3.73,4.05,synthetic,68
SC02-03049,9.72,1.34,cotton,54
SC02-03050,5.32,3.38,delicate,19
SC02-03051,0.07,7.61,synthetic,25
SC02-03052,5.15,5.11,heavy,55
SC02-03053,0.49,2.61,delicate,62
SC02-03054,4.6,0.88,synthetic,32
SC02-03055,4.26,5.56,delicate,69
SC02-03056,2.67,2.7,heavy,2
SC02-03057,4.47,2.73,delicate,76
SC02-03058,1.12,5.99,heavy,31
SC02-03059,1.75,4.51,cotton,93
SC02-03060,1.45,4.2,synthetic,44
SC02-03061,9.72,5.67,cotton,93
SC02-03062,8.2,4.77,delicate,9
SC02-03063,3.27,0.79,delicate,48
SC02-03064,5.13,5.94,synthetic,81
SC02-03065,7.49,3.67,delicate,23
SC02-03066,9.5,2.43,delicate,55
SC02-03067,9.65,6.45,synthetic,38
SC02-03068,6.16,4.54,cotton,88
SC02-03069,7.99,3.31,heavy,27
SC02-03070,7.61,3.78,cotton,35
SC02-03071,5.02,0.84,heavy,23
SC02-03072,6.78,2.55,heavy,26
SC02-03073,0.19,3.61,cotton,35
SC02-03074,2.67,4.99,synthetic,12
SC02-03075,2.21,0.64,synthetic,28
SC02-03076,0.64,2.66,heavy,75
SC02-03077,4.21,4.96,heavy,60
SC02-03078,9.3,0.59,synthetic,40
SC02-03079,3.46,3.83,heavy,95
SC02-03080,4.99,4.49,cotton,86
SC02-03081,3.9,3.52,delicate,80
SC02-03082,4.87,7.89,delicate,26
SC02-03083,7.48,4.47,synthetic,37
SC02-03084,7.51,3.89,heavy,3
SC02-03085,1.56,4.89,synthetic,72
SC02-03086,4.32,7.97,delicate,96
SC02-03087,9.73,4.67,heavy,30
SC02-03088,3.75,4.53,heavy,77
SC02-03089,9.49,1.43,heavy,27
SC02-03090,2.11,1.33,synthetic,22
SC02-03091,8.65,6.25,heavy,70
SC02-03092,4.09,6.13,heavy,76
SC02-03093,2.79,6.28,delicate,85
SC02-03094,8.85,7.7,synthetic,64
SC02-03095,5.36,3.44,heavy,63
SC02-03096,7.57,2.65,heavy,20
SC02-03097,9.24,1.83,synthetic,0
SC02-03098,5.33,3.01,heavy,83
SC02-03099,1.72,7.3,heavy,74
SC02-03100,6.53,7.81,heavy,24
SC02-03101,6.36,5.14,cotton,78
SC02-03102,6.2,7.99,heavy,2
SC02-03103,3.25,2.37,heavy,87
SC02-03104,0.91,3.28,heavy,70
SC02-03105,5.11,1.95,cotton,58
SC02-03106,3.69,7.06,cotton,60
SC02-03107,9.37,7.41,synthetic,16
SC02-03108,2.93,7.21,cotton,73
SC02-03109,4.61,2.34,heavy,30
SC02-03110,7.97,7.8,delicate,77
SC02-03111,8.38,7.04,cotton,31
SC02-03112,4.62,7.72,delicate,95
SC02-03113,0.32,5.58,heavy,49
SC02-03114,0.7,3.63,synthetic,91
SC02-03115,5.37,5.87,delicate,56
SC02-03116,4.81,5.95,synthetic,50
SC02-03117,8.28,5.94,delicate,46
SC02-03118,3.99,7.46,heavy,54
SC02-03119,7.87,1.28,synthetic,97
SC02-03120,8.25,6.15,delicate,92
SC02-03121,1.69,3.6,synthetic,18
SC02-03122,9.13,6.47,cotton,33
SC02-03123,0.97,5.32,delicate,58
SC02-03124,8.99,4.19,cotton,96
SC02-03125,2.6,2.71,heavy,42
SC02-03126,7.87,5.75,synthetic,76
SC02-03127,0.36,1.55,synthetic,3
SC02-03128,2.21,3.28,synthetic,91
SC02-03129,2.91,7.59,cotton,72
SC02-03130,6.34,4.06,heavy,86
SC02-03131,2.95,6.08,cotton,18
SC02-03132,6.07,6.94,synthetic,81
SC02-03133,2.28,6.88,synthetic,18
SC02-03134,5.84,2.45,heavy,61
SC02-03135,6.18,1.78,synthetic,82
SC02-03136,1.56,6.89,synthetic,66
SC02-03137,3.74,6.99,heavy,82
SC02-03138,1.69,4.44,cotton,61
SC02-03139,8.97,0.61,delicate,43
SC02-03140,2.25,2.05,cotton,35
SC02-03141,6.09,5.97,delicate,83
SC02-03142,1.97,4.24,delicate,95
SC02-03143,8.46,6.37,cotton,94
SC02-03144,2.03,5.48,heavy,80
SC02-03145,0.99,2.97,delicate,34
SC02-03146,5.53,4.51,delicate,7
SC02-03147,4.47,4.42,cotton,32
SC02-03148,7.97,1.87,cotton,29
SC02-03149,6.9,3.92,delicate,77
SC02-03150,2.66,2.58,cotton,93
SC02-03151,8.31,0.98,cotton,66
SC02-03152,3.03,2.06,cotton,74
SC02-03153,7.62,4.08,delicate,68
SC02-03154,8.82,0.88,delicate,25
SC02-03155,4.78,3.81,heavy,25
SC02-03156,1.0,4.92,heavy,38
SC02-03157,5.69,4.86,delicate,92
SC02-03158,8.87,6.33,cotton,75
SC02-03159,8.06,5.11,heavy,0
SC02-03160,2.52,3.55,synthetic,63
SC02-03161,6.31,2.96,heavy,65
SC02-03162,2.84,5.34,synthetic,68
SC02-03163,2.49,2.56,synthetic,80
SC02-03164,4.4,7.83,cotton,62
SC02-03165,0.07,7.2,heavy,63
SC02-03166,1.63,0.99,heavy,86
SC02-03167,3.05,7.44,heavy,43
SC02-03168,6.38,4.54,cotton,24
SC02-03169,7.79,6.22,cotton,39
SC02-03170,5.02,2.9,heavy,13
SC02-03171,6.85,7.46,cotton,73
SC02-03172,6.72,2.93,cotton,98
SC02-03173,3.96,1.79,cotton,78
SC02-03174,6.63,2.94,heavy,83
SC02-03175,5.95,3.63,synthetic,29
SC02-03176,9.33,4.04,synthetic,47
SC02-03177,1.45,3.0,synthetic,95
SC02-03178,3.15,2.81,heavy,97
SC02-03179,4.17,6.22,heavy,7
SC02-03180,9.69,3.15,cotton,58
SC02-03181,7.67,0.65,cotton,26
SC02-03182,6.62,2.42,synthetic,3
SC02-03183,3.22,6.43,synthetic,71
SC02-03184,5.6,2.0,cotton,79
SC02-03185,5.03,6.92,delicate,9
SC02-03186,2.43,2.94,heavy,92
SC02-03187,5.93,7.64,delicate,99
SC02-03188,6.59,5.66,heavy,31
SC02-03189,2.8,5.05,heavy,7
SC02-03190,1.01,5.3,synthetic,68
SC02-03191,3.69,7.43,delicate,60
SC02-03192,1.34,6.12,synthetic,99
SC02-03193,7.32,6.68,cotton,75
SC02-03194,2.99,2.0,delicate,56
SC02-03195,2.45,4.8,synthetic,71
SC02-03196,5.31,2.69,delicate,17
SC02-03197,7.72,1.01,synthetic,46
SC02-03198,9.05,3.84,cotton,23
SC02-03199,3.21,2.21,synthetic,42
SC02-03200,1.99,7.79,synthetic,32
SC02-03201,6.04,7.5,cotton,15
SC02-03202,6.42,3.7,heavy,6
SC02-03203,8.32,0.95,synthetic,2
SC02-03204,5.66,7.97,synthetic,68
SC02-03205,4.92,4.81,delicate,94
SC02-03206,0.76,1.19,delicate,68
SC02-03207,1.58,4.35,delicate,73
SC02-03208,9.22,5.08,cotton,96
SC02-03209,0.73,5.63,synthetic,59
SC02-03210,4.51,7.1,cotton,83
SC02-03211,3.3,1.86,synthetic,58
SC02-03212,5.28,5.69,heavy,2
SC02-03213,4.01,2.7,heavy,2
SC02-03214,0.09,2.92,cotton,33
SC02-03215,8.56,4.88,synthetic,68
SC02-03216,4.58,5.49,synthetic,91
SC02-03217,8.67,1.64,cotton,26
SC02-03218,3.08,1.26,delicate,99
SC02-03219,1.27,3.11,delicate,41
SC02-03220,8.71,7.46,cotton,25
SC02-03221,3.03,3.68,synthetic,29
SC02-03222,9.36,2.13,synthetic,3
SC02-03223,1.37,7.24,heavy,15
SC02-03224,8.34,3.31,heavy,95
SC02-03225,8.54,2.06,delicate,57
SC02-03226,4.39,1.99,heavy,75
SC02-03227,8.14,1.2,cotton,64
SC02-03228,9.13,5.93,delicate,20
SC02-03229,7.57,1.4,heavy,94
SC02-03230,6.05,6.12,synthetic,53
SC02-03231,1.91,7.89,synthetic,61
SC02-03232,2.55,1.34,heavy,2
SC02-03233,0.07,6.53,heavy,12
SC02-03234,3.55,7.59,delicate,55
SC02-03235,9.46,5.39,cotton,89
SC02-03236,0.84,5.33,heavy,60
SC02-03237,0.16,7.73,synthetic,5
SC02-03238,1.41,2.37,delicate,16
SC02-03239,5.19,1.55,heavy,97
SC02-03240,0.39,4.97,cotton,94
SC02-03241,6.61,3.29,heavy,20
SC02-03242,4.19,1.81,cotton,94
SC02-03243,8.09,5.52,synthetic,14
SC02-03244,7.87,0.72,cotton,39
SC02-03245,4.04,3.3,synthetic,79
SC02-03246,3.21,6.37,synthetic,3
SC02-03247,8.89,0.76,cotton,52
SC02-03248,0.46,3.33,cotton,20
SC02-03249,1.0,3.11,cotton,11
SC02-03250,4.2,1.0,heavy,59
SC02-03251,9.83,6.92,heavy,17
SC02-03252,8.57,6.57,delicate,39
SC02-03253,4.76,7.25,synthetic,16
SC02-03254,3.23,4.55,delicate,61
SC02-03255,4.93,6.73,cotton,16
SC02-03256,2.19,1.47,cotton,28
SC02-03257,6.59,6.07,heavy,36
SC02-03258,8.87,1.29,cotton,32
SC02-03259,1.85,5.45,synthetic,90
SC02-03260,9.74,5.51,synthetic,97
SC02-03261,9.0,2.96,synthetic,84
SC02-03262,1.45,6.02,delicate,95
SC02-03263,9.06,3.39,delicate,25
SC02-03264,9.8,0.61,delicate,30
SC02-03265,1.62,2.92,heavy,61
SC02-03266,8.58,1.91,heavy,57
SC02-03267,9.93,3.9,synthetic,69
SC02-03268,4.4,6.09,synthetic,43
SC02-03269,9.97,1.9,synthetic,62
SC02-03270,7.72,3.92,delicate,85
SC02-03271,8.56,6.22,synthetic,8
SC02-03272,7.82,3.7,delicate,69
SC02-03273,1.26,2.2,heavy,14
SC02-03274,1.2,5.85,cotton,44
SC02-03275,3.07,3.77,delicate,64
SC02-03276,1.83,6.65,cotton,18
SC02-03277,8.4,2.16,delicate,25
SC02-03278,7.33,3.15,cotton,72
SC02-03279,8.6,4.44,synthetic,69
SC02-03280,2.3,7.6,cotton,47
SC02-03281,1.59,5.6,cotton,96
SC02-03282,7.16,4.56,heavy,25
SC02-03283,2.78,7.69,heavy,37
SC02-03284,3.9,4.41,heavy,60
SC02-03285,4.68,1.52,synthetic,0
SC02-03286,0.75,5.81,synthetic,26
SC02-03287,9.23,5.1,delicate,7
SC02-03288,7.55,1.55,heavy,20
SC02-03289,7.65,6.55,cotton,50
SC02-03290,7.86,5.35,heavy,75
SC02-03291,1.93,6.76,delicate,28
SC02-03292,9.63,2.57,heavy,15
SC02-03293,7.26,4.89,cotton,26
SC02-03294,4.43,5.54,synthetic,1
SC02-03295,6.37,4.4,delicate,98
SC02-03296,6.29,4.03,heavy,38
SC02-03297,8.22,4.56,heavy,19
SC02-03298,0.7,7.84,synthetic,34
SC02-03299,9.49,0.81,synthetic,14
SC02-03300,6.27,3.69,cotton,90
SC02-03301,6.91,6.46,synthetic,28
SC02-03302,5.23,1.16,synthetic,30
SC02-03303,8.69,5.49,heavy,53
SC02-03304,0.57,1.29,synthetic,92
SC02-03305,7.32,7.29,synthetic,53
SC02-03306,6.67,2.38,synthetic,10
SC02-03307,0.13,5.85,heavy,31
SC02-03308,5.86,2.16,heavy,85
SC02-03309,2.66,7.98,heavy,71
SC02-03310,6.07,4.74,heavy,5
SC02-03311,6.02,4.93,delicate,73
SC02-03312,0.95,7.75,cotton,46
SC02-03313,5.8,5.82,heavy,50
SC02-03314,7.18,0.8,heavy,58
SC02-03315,5.73,4.42,heavy,80
SC02-03316,7.44,3.74,delicate,27
SC02-03317,5.67,0.68,synthetic,12
SC02-03318,2.92,3.59,delicate,93
SC02-03319,4.57,7.18,synthetic,87
SC02-03320,3.44,7.8,cotton,35
SC02-03321,4.46,0.86,heavy,89
SC02-03322,9.91,2.47,cotton,26
SC02-03323,5.58,6.98,synthetic,94
SC02-03324,4.01,3.11,cotton,63
SC02-03325,8.57,3.0,cotton,40
SC02-03326,8.29,1.26,delicate,81
SC02-03327,4.06,5.16,cotton,96
SC02-03328,3.83,2.49,heavy,44
SC02-03329,3.37,3.78,synthetic,96
SC02-03330,1.59,1.76,delicate,14
SC02-03331,1.9,2.83,synthetic,96
SC02-03332,5.6,1.83,delicate,25
SC02-03333,0.93,5.84,heavy,33
SC02-03334,1.46,3.05,synthetic,50
SC02-03335,1.33,3.39,synthetic,78
SC02-03336,5.7,1.12,cotton,56
SC02-03337,8.26,2.34,cotton,85
SC02-03338,9.93,0.7,cotton,88
SC02-03339,9.83,2.34,cotton,56
SC02-03340,6.48,2.12,delicate,37
SC02-03341,2.44,0.66,heavy,56
SC02-03342,4.15,4.63,cotton,52
SC02-03343,1.86,4.39,heavy,80
SC02-03344,5.75,7.27,heavy,95
SC02-03345,2.61,6.48,synthetic,33
SC02-03346,4.31,3.23,cotton,40
SC02-03347,5.4,1.08,cotton,41
SC02-03348,8.6,7.9,cotton,68
SC02-03349,5.79,1.22,heavy,68
SC02-03350,3.13,6.55,cotton,92
SC02-03351,3.48,5.77,cotton,59
SC02-03352,2.69,6.77,heavy,79
SC02-03353,4.38,4.93,delicate,21
SC02-03354,0.22,3.86,delicate,44
SC02-03355,4.77,5.8,delicate,87
SC02-03356,3.54,7.66,synthetic,72
SC02-03357,2.52,7.22,delicate,91
SC02-03358,5.98,3.73,cotton,50
SC02-03359,2.15,3.89,synthetic,42
SC02-03360,2.33,6.49,heavy,18
SC02-03361,7.66,7.85,synthetic,0
SC02-03362,9.71,0.9,synthetic,75
SC02-03363,1.2,7.83,delicate,67
SC02-03364,4.14,1.71,cotton,31
SC02-03365,9.8,6.3,cotton,23
SC02-03366,0.29,7.47,delicate,42
SC02-03367,0.89,7.6,heavy,52
SC02-03368,3.81,4.06,synthetic,23
SC02-03369,0.96,3.16,heavy,32
SC02-03370,5.0,1.88,heavy,25
SC02-03371,2.27,7.89,delicate,43
SC02-03372,4.52,1.21,synthetic,2
SC02-03373,8.79,0.96,delicate,87
SC02-03374,3.73,1.76,delicate,0
SC02-03375,3.27,2.8,synthetic,8
SC02-03376,9.56,1.91,heavy,23
SC02-03377,5.35,7.82,delicate,87
SC02-03378,9.13,5.0,cotton,56
SC02-03379,7.06,7.1,cotton,64
SC02-03380,1.49,6.64,delicate,79
SC02-03381,0.39,4.53,delicate,39
SC02-03382,9.35,1.31,cotton,75
SC02-03383,5.18,7.25,heavy,24
SC02-03384,6.04,7.98,synthetic,58
SC02-03385,9.29,4.61,heavy,100
SC02-03386,4.48,1.37,delicate,43
SC02-03387,2.46,1.56,heavy,24
SC02-03388,7.94,0.81,delicate,61
SC02-03389,8.11,7.32,delicate,66
SC02-03390,0.91,5.41,heavy,96
SC02-03391,5.46,2.01,synthetic,17
SC02-03392,4.48,1.99,heavy,51
SC02-03393,4.35,1.12,delicate,62
SC02-03394,1.04,4.71,heavy,39
SC02-03395,4.98,6.4,synthetic,98
SC02-03396,6.84,0.91,delicate,24
SC02-03397,9.47,2.8,cotton,82
SC02-03398,3.14,0.86,delicate,6
SC02-03399,9.67,3.39,synthetic,68
SC02-03400,0.52,6.69,heavy,94
SC02-03401,5.08,6.87,synthetic,87
SC02-03402,6.99,7.33,delicate,58
SC02-03403,9.5,7.19,synthetic,9
SC02-03404,7.14,4.21,delicate,5
SC02-03405,9.22,2.05,delicate,37
SC02-03406,0.05,2.3,synthetic,22
SC02-03407,9.87,6.7,synthetic,51
SC02-03408,0.45,1.56,cotton,79
SC02-03409,6.69,7.11,heavy,87
SC02-03410,5.71,6.98,synthetic,26
SC02-03411,9.4,5.4,synthetic,52
SC02-03412,6.9,3.62,heavy,48
SC02-03413,2.78,7.26,heavy,32
SC02-03414,6.0,5.2,heavy,5
SC02-03415,6.96,3.87,cotton,9
SC02-03416,6.38,1.36,heavy,8
SC02-03417,1.83,2.96,synthetic,87
SC02-03418,7.15,5.71,synthetic,68
SC02-03419,2.86,6.92,synthetic,13
SC02-03420,7.61,3.46,cotton,11
SC02-03421,5.55,4.23,cotton,66
SC02-03422,9.96,4.02,delicate,14
SC02-03423,2.29,6.75,cotton,10
SC02-03424,7.63,6.55,cotton,55
SC02-03425,6.15,3.79,cotton,56
SC02-03426,5.97,0.81,cotton,98
SC02-03427,2.1,2.88,delicate,19
SC02-03428,3.41,7.63,cotton,44
SC02-03429,4.62,7.26,delicate,50
SC02-03430,3.8,7.6,delicate,28
SC02-03431,1.84,1.96,heavy,3
SC02-03432,8.71,1.02,cotton,77
SC02-03433,5.29,4.68,cotton,70
SC02-03434,9.64,0.93,delicate,52
SC02-03435,5.18,0.63,cotton,92
SC02-03436,9.33,3.28,cotton,13
SC02-03437,6.84,0.54,delicate,72
SC02-03438,0.58,3.41,delicate,28
SC02-03439,7.62,0.76,delicate,2
SC02-03440,6.49,7.33,heavy,36
SC02-03441,6.86,3.4,cotton,87
SC02-03442,4.91,2.38,heavy,61
SC02-03443,9.19,1.65,synthetic,28
SC02-03444,1.44,5.28,cotton,49
SC02-03445,9.99,7.11,synthetic,94
SC02-03446,0.21,6.54,cotton,5
SC02-03447,4.6,5.83,cotton,51
SC02-03448,1.25,5.2,cotton,51
SC02-03449,4.21,3.63,heavy,56
SC02-03450,9.52,3.98,synthetic,41
SC02-03451,6.65,1.5,cotton,31
SC02-03452,2.17,1.93,cotton,93
SC02-03453,6.59,5.14,heavy,70
SC02-03454,8.62,6.44,synthetic,82
SC02-03455,3.07,3.45,heavy,13
SC02-03456,5.43,3.89,heavy,6
SC02-03457,1.99,3.03,cotton,84
SC02-03458,3.84,4.38,cotton,56
SC02-03459,0.24,2.05,cotton,34
SC02-03460,9.84,5.6,cotton,82
SC02-03461,4.02,6.36,cotton,19
SC02-03462,4.11,4.01,cotton,97
SC02-03463,9.31,2.87,delicate,86
SC02-03464,0.97,0.99,delicate,1
SC02-03465,9.2,7.02,synthetic,11
SC02-03466,3.13,7.26,cotton,95
SC02-03467,1.51,2.1,delicate,46
SC02-03468,6.23,2.87,heavy,60
SC02-03469,3.39,1.81,synthetic,12
SC02-03470,8.02,1.7,cotton,20
SC02-03471,4.15,4.49,heavy,20
SC02-03472,5.62,5.22,synthetic,88
SC02-03473,8.48,2.37,delicate,84
SC02-03474,9.45,7.32,delicate,96
SC02-03475,0.39,7.1,heavy,48
SC02-03476,4.77,6.25,synthetic,56
SC02-03477,5.85,1.86,delicate,62
SC02-03478,9.47,4.75,synthetic,10
SC02-03479,8.86,1.02,cotton,79
SC02-03480,3.0,3.45,cotton,14
SC02-03481,9.93,6.43,cotton,81
SC02-03482,3.21,5.84,delicate,45
SC02-03483,6.03,6.49,delicate,79
SC02-03484,8.91,3.63,cotton,46
SC02-03485,8.51,1.94,synthetic,66
SC02-03486,9.04,0.68,synthetic,21
SC02-03487,0.52,2.29,synthetic,33
SC02-03488,4.49,3.75,delicate,34
SC02-03489,7.5,6.2,heavy,84
SC02-03490,0.8,4.63,cotton,79
SC02-03491,0.11,4.8,synthetic,48
SC02-03492,2.0,4.03,heavy,4
SC02-03493,6.95,2.53,heavy,42
SC02-03494,3.67,4.34,heavy,52
SC02-03495,7.07,1.49,synthetic,92
SC02-03496,2.62,1.95,synthetic,34
SC02-03497,0.83,3.87,delicate,85
SC02-03498,9.13,6.96,delicate,2
SC02-03499,8.11,6.55,delicate,31
SC02-03500,0.74,3.3,cotton,73
SC02-03501,8.01,6.34,delicate,1
SC02-03502,7.23,6.02,synthetic,79
SC02-03503,0.7,4.87,heavy,80
SC02-03504,8.73,6.4,delicate,78
SC02-03505,1.22,5.78,cotton,95
SC02-03506,9.27,1.89,delicate,0
SC02-03507,4.33,5.64,cotton,6
SC02-03508,7.17,3.4,cotton,60
SC02-03509,8.18,5.81,heavy,77
SC02-03510,7.06,4.02,delicate,56
SC02-03511,1.85,0.55,cotton,25
SC02-03512,2.63,7.09,cotton,89
SC02-03513,1.24,6.21,cotton,23
SC02-03514,8.49,6.17,cotton,20
SC02-03515,3.95,6.77,synthetic,76
SC02-03516,4.12,5.3,cotton,54
SC02-03517,2.51,3.09,cotton,67
SC02-03518,0.07,7.18,synthetic,36
SC02-03519,7.54,0.98,delicate,63
SC02-03520,3.44,6.0,heavy,10
SC02-03521,6.74,7.24,heavy,1
SC02-03522,9.77,5.56,synthetic,75
SC02-03523,7.71,7.36,delicate,72
SC02-03524,2.62,6.8,heavy,45
SC02-03525,7.42,4.1,heavy,38
SC02-03526,7.63,2.85,cotton,29
SC02-03527,5.87,0.82,synthetic,52
SC02-03528,4.65,3.96,heavy,59
SC02-03529,8.69,3.98,cotton,18
SC02-03530,7.38,3.39,delicate,17
SC02-03531,7.88,3.36,cotton,51
SC02-03532,3.66,3.76,cotton,19
SC02-03533,5.93,1.88,delicate,2
SC02-03534,3.91,1.62,synthetic,25
SC02-03535,0.22,3.44,synthetic,70
SC02-03536,2.78,1.92,heavy,55
SC02-03537,4.35,6.89,heavy,85
SC02-03538,0.6,7.71,delicate,41
SC02-03539,7.06,5.06,cotton,30
SC02-03540,5.19,4.21,cotton,53
SC02-03541,4.91,7.68,cotton,43
SC02-03542,6.3,5.63,heavy,78
SC02-03543,1.22,1.47,synthetic,43
SC02-03544,7.25,6.55,cotton,47
SC02-03545,5.65,4.05,delicate,57
SC02-03546,3.7,2.35,synthetic,88
SC02-03547,2.33,7.04,synthetic,81
SC02-03548,9.16,7.79,synthetic,71
SC02-03549,3.41,6.45,cotton,16
SC02-03550,9.65,6.36,cotton,90
SC02-03551,5.93,2.28,cotton,62
SC02-03552,5.63,7.18,synthetic,65
SC02-03553,8.81,3.38,cotton,79
SC02-03554,3.22,4.47,heavy,77
SC02-03555,9.0,7.6,synthetic,8
SC02-03556,4.49,6.33,synthetic,91
SC02-03557,1.43,6.86,delicate,60
SC02-03558,2.47,5.25,synthetic,45
SC02-03559,8.25,4.12,cotton,100
SC02-03560,2.73,2.9,synthetic,77
SC02-03561,8.83,2.0,cotton,76
SC02-03562,6.05,2.72,delicate,94
SC02-03563,8.85,4.43,synthetic,31
SC02-03564,7.91,3.67,delicate,38
SC02-03565,2.61,1.58,delicate,3
SC02-03566,6.52,6.22,delicate,47
SC02-03567,4.65,7.32,cotton,57
SC02-03568,6.26,4.66,heavy,97
SC02-03569,3.14,7.53,heavy,35
SC02-03570,1.98,5.05,synthetic,20
SC02-03571,5.86,2.92,delicate,15
SC02-03572,0.52,2.95,heavy,47
SC02-03573,1.42,6.74,heavy,70
SC02-03574,0.25,3.76,synthetic,50
SC02-03575,1.78,5.1,delicate,82
SC02-03576,2.83,4.74,delicate,65
SC02-03577,0.56,5.88,cotton,63
SC02-03578,0.64,1.01,cotton,13
SC02-03579,5.23,7.55,cotton,11
SC02-03580,7.55,7.79,synthetic,10
SC02-03581,4.13,6.13,heavy,51
SC02-03582,5.45,4.44,heavy,88
SC02-03583,1.55,6.67,cotton,57
SC02-03584,1.59,6.22,synthetic,29
SC02-03585,2.39,5.34,delicate,6
SC02-03586,6.43,5.73,heavy,5
SC02-03587,0.42,6.19,cotton,17
SC02-03588,5.01,2.92,heavy,2
SC02-03589,5.1,2.67,delicate,85
SC02-03590,7.15,3.61,delicate,5
SC02-03591,2.0,0.77,cotton,74
SC02-03592,4.91,3.12,delicate,74
SC02-03593,8.82,4.32,cotton,50
SC02-03594,2.13,4.52,synthetic,34
SC02-03595,5.56,4.33,cotton,25
SC02-03596,7.54,2.42,cotton,41
SC02-03597,8.98,3.44,synthetic,57
SC02-03598,0.29,5.03,heavy,26
SC02-03599,1.85,0.81,delicate,95
SC02-03600,9.33,2.04,synthetic,88
SC02-03601,6.74,7.15,synthetic,46
SC02-03602,4.64,5.36,cotton,72
SC02-03603,8.9,6.83,cotton,65
SC02-03604,0.24,0.59,cotton,42
SC02-03605,2.06,7.6,heavy,92
SC02-03606,3.27,7.88,cotton,62
SC02-03607,4.8,4.98,cotton,9
SC02-03608,6.16,7.13,delicate,79
SC02-03609,0.5,0.58,synthetic,0
SC02-03610,3.03,3.36,cotton,12
SC02-03611,0.54,2.11,cotton,54
SC02-03612,7.42,3.3,synthetic,53
SC02-03613,6.54,2.73,delicate,15
SC02-03614,3.02,2.47,cotton,15
SC02-03615,9.19,6.08,delicate,60
SC02-03616,1.75,1.34,cotton,58
SC02-03617,8.7,4.85,synthetic,34
SC02-03618,0.23,4.72,delicate,93
SC02-03619,6.92,2.12,heavy,86
SC02-03620,3.77,0.78,heavy,59
SC02-03621,4.12,7.8,delicate,84
SC02-03622,0.63,6.27,synthetic,90
SC02-03623,2.82,4.09,synthetic,3
SC02-03624,6.71,7.72,cotton,30
SC02-03625,6.9,6.58,delicate,72
SC02-03626,8.35,3.77,heavy,29
SC02-03627,7.16,6.07,synthetic,46
SC02-03628,0.88,3.25,heavy,69
SC02-03629,1.64,5.44,synthetic,92
SC02-03630,5.51,1.59,synthetic,52
SC02-03631,1.74,3.51,heavy,44
SC02-03632,7.67,1.61,heavy,86
SC02-03633,5.42,3.2,heavy,11
SC02-03634,6.02,7.14,synthetic,45
SC02-03635,6.45,3.88,cotton,5
SC02-03636,3.43,7.39,cotton,76
SC02-03637,3.42,5.25,cotton,73
SC02-03638,1.4,6.62,cotton,88
SC02-03639,3.96,6.68,delicate,64
SC02-03640,5.44,4.4,delicate,32
SC02-03641,9.35,5.48,cotton,94
SC02-03642,2.27,5.82,synthetic,62
SC02-03643,1.17,5.99,synthetic,70
SC02-03644,9.37,4.42,heavy,28
SC02-03645,5.77,6.12,delicate,28
SC02-03646,6.4,3.9,cotton,91
SC02-03647,0.01,6.45,delicate,63
SC02-03648,1.44,1.04,synthetic,30
SC02-03649,7.56,2.77,cotton,69
SC02-03650,6.38,7.64,cotton,3
SC02-03651,0.16,2.72,cotton,23
SC02-03652,8.28,5.6,delicate,32
SC02-03653,4.53,1.39,synthetic,84
SC02-03654,4.03,5.73,synthetic,43
SC02-03655,3.88,2.06,heavy,79
SC02-03656,5.9,4.09,delicate,86
SC02-03657,4.91,0.74,synthetic,44
SC02-03658,0.31,5.75,heavy,96
SC02-03659,5.39,1.24,synthetic,87
SC02-03660,4.9,0.7,delicate,62
SC02-03661,7.59,1.15,synthetic,69
SC02-03662,0.92,2.34,delicate,58
SC02-03663,3.8,3.03,heavy,4
SC02-03664,3.23,4.64,heavy,27
SC02-03665,6.14,1.21,cotton,75
SC02-03666,8.63,6.36,heavy,8
SC02-03667,5.02,3.97,heavy,68
SC02-03668,6.54,0.87,delicate,89
SC02-03669,5.17,1.8,heavy,37
SC02-03670,8.54,0.8,synthetic,54
SC02-03671,1.1,1.66,delicate,25
SC02-03672,4.82,2.37,heavy,99
SC02-03673,7.45,5.4,cotton,98
SC02-03674,3.77,2.77,cotton,43
SC02-03675,8.66,4.88,heavy,29
SC02-03676,7.14,6.56,delicate,12
SC02-03677,1.64,1.49,delicate,56
SC02-03678,4.96,6.46,heavy,2
SC02-03679,7.08,7.23,synthetic,81
SC02-03680,5.43,3.64,delicate,35
SC02-03681,4.36,5.77,delicate,8
SC02-03682,0.87,7.08,synthetic,60
SC02-03683,4.01,7.39,cotton,15
SC02-03684,0.24,1.15,cotton,85
SC02-03685,1.97,5.45,synthetic,71
SC02-03686,2.63,1.0,cotton,74
SC02-03687,4.13,4.7,cotton,25
SC02-03688,1.47,1.5,heavy,1
SC02-03689,3.72,4.33,delicate,14
SC02-03690,5.25,2.49,delicate,38
SC02-03691,8.8,1.53,cotton,61
SC02-03692,8.01,1.92,heavy,61
SC02-03693,4.79,1.24,heavy,70
SC02-03694,6.33,4.56,delicate,18
SC02-03695,6.67,6.93,cotton,97
SC02-03696,0.68,4.35,delicate,72
SC02-03697,1.65,5.2,heavy,80
SC02-03698,3.62,2.19,synthetic,52
SC02-03699,0.6,3.74,synthetic,99
SC02-03700,3.95,1.94,synthetic,50
SC02-03701,4.5,6.77,cotton,95
SC02-03702,9.08,4.1,heavy,82
SC02-03703,8.72,5.27,cotton,76
SC02-03704,5.21,4.23,delicate,55
SC02-03705,6.0,3.63,delicate,90
SC02-03706,8.92,1.59,delicate,47
SC02-03707,2.77,2.61,synthetic,38
SC02-03708,8.36,5.04,synthetic,60
SC02-03709,5.11,3.4,cotton,60
SC02-03710,3.37,5.69,synthetic,68
SC02-03711,5.17,5.24,synthetic,80
SC02-03712,2.68,2.53,synthetic,76
SC02-03713,5.14,2.85,synthetic,30
SC02-03714,5.66,3.11,synthetic,24
SC02-03715,8.26,4.38,heavy,35
SC02-03716,2.64,3.68,cotton,98
SC02-03717,6.13,6.4,synthetic,24
SC02-03718,6.87,3.21,synthetic,26
SC02-03719,7.98,4.86,cotton,15
SC02-03720,7.25,7.07,cotton,26
SC02-03721,5.98,5.25,synthetic,23
SC02-03722,8.87,6.57,synthetic,31
SC02-03723,3.92,5.88,heavy,68
SC02-03724,3.41,2.41,delicate,32
SC02-03725,1.24,3.32,heavy,0
SC02-03726,0.67,6.59,synthetic,63
SC02-03727,4.55,7.93,synthetic,65
SC02-03728,5.67,1.99,delicate,54
SC02-03729,6.28,4.17,delicate,60
SC02-03730,4.37,2.85,cotton,23
SC02-03731,1.23,6.2,delicate,5
SC02-03732,8.47,2.58,synthetic,16
SC02-03733,7.84,7.44,heavy,26
SC02-03734,0.4,5.45,delicate,1
SC02-03735,1.11,7.83,synthetic,36
SC02-03736,4.3,2.23,synthetic,70
SC02-03737,3.54,2.27,delicate,70
SC02-03738,5.84,6.22,cotton,49
SC02-03739,2.03,5.12,cotton,11
SC02-03740,5.71,5.11,synthetic,62
SC02-03741,1.25,2.35,heavy,28
SC02-03742,2.42,5.07,cotton,28
SC02-03743,2.79,0.52,synthetic,55
SC02-03744,5.8,5.0,heavy,57
SC02-03745,2.13,1.25,delicate,52
SC02-03746,7.12,3.82,heavy,78
SC02-03747,7.51,0.67,synthetic,26
SC02-03748,8.82,4.19,synthetic,41
SC02-03749,0.21,4.31,heavy,56
SC02-03750,6.07,3.3,delicate,76
SC02-03751,8.37,5.62,cotton,100
SC02-03752,4.04,2.13,synthetic,51
SC02-03753,2.74,5.86,cotton,48
SC02-03754,6.0,4.02,delicate,87
SC02-03755,9.35,2.33,delicate,57
SC02-03756,7.13,0.66,synthetic,46
SC02-03757,3.81,4.18,heavy,54
SC02-03758,0.89,2.41,cotton,34
SC02-03759,3.67,7.98,heavy,20
SC02-03760,1.69,6.9,cotton,4
SC02-03761,9.79,3.23,cotton,11
SC02-03762,7.07,1.69,delicate,32
SC02-03763,0.79,7.49,heavy,19
SC02-03764,2.93,6.94,synthetic,23
SC02-03765,2.29,2.84,delicate,29
SC02-03766,8.72,5.16,cotton,36
SC02-03767,5.48,7.57,cotton,30
SC02-03768,0.17,7.71,delicate,8
SC02-03769,7.73,2.52,cotton,68
SC02-03770,1.24,3.97,synthetic,92
SC02-03771,1.79,4.5,cotton,31
SC02-03772,7.87,2.94,cotton,98
SC02-03773,2.72,6.6,delicate,50
SC02-03774,1.35,0.86,cotton,16
SC02-03775,2.42,5.07,synthetic,73
SC02-03776,7.83,3.97,heavy,22
SC02-03777,7.1,5.85,cotton,81
SC02-03778,6.06,0.82,heavy,17
SC02-03779,0.01,3.96,heavy,86
SC02-03780,7.54,4.63,heavy,67
SC02-03781,4.67,5.36,synthetic,100
SC02-03782,6.06,5.89,heavy,96
SC02-03783,2.51,7.53,cotton,64
SC02-03784,8.58,1.45,delicate,26
SC02-03785,0.73,7.96,synthetic,14
SC02-03786,6.04,3.59,heavy,38
SC02-03787,3.74,2.86,cotton,96
SC02-03788,0.16,3.77,cotton,57
SC02-03789,8.65,6.43,cotton,83
SC02-03790,7.94,3.47,cotton,2
SC02-03791,9.01,7.28,synthetic,62
SC02-03792,3.99,5.85,synthetic,26
SC02-03793,4.63,3.62,delicate,31
SC02-03794,9.48,7.23,delicate,37
SC02-03795,3.74,3.13,heavy,83
SC02-03796,8.72,1.09,synthetic,45
SC02-03797,8.21,4.64,delicate,61
SC02-03798,0.68,2.99,synthetic,64
SC02-03799,1.66,7.94,cotton,95
SC02-03800,7.11,2.52,delicate,65
SC02-03801,2.19,4.41,delicate,57
SC02-03802,4.03,6.49,heavy,44
SC02-03803,6.22,2.64,delicate,66
SC02-03804,5.86,7.13,heavy,55
SC02-03805,7.64,0.77,delicate,19
SC02-03806,9.33,3.33,heavy,93
SC02-03807,7.23,2.5,cotton,97
SC02-03808,9.15,1.2,heavy,35
SC02-03809,3.94,0.81,synthetic,1
SC02-03810,9.54,1.96,cotton,53
SC02-03811,7.99,7.12,heavy,70
SC02-03812,5.68,7.93,cotton,0
SC02-03813,9.91,1.73,delicate,33
SC02-03814,7.27,6.4,cotton,59
SC02-03815,9.15,1.74,heavy,14
SC02-03816,0.8,3.95,synthetic,78
SC02-03817,7.28,3.29,heavy,33
SC02-03818,5.77,4.61,synthetic,80
SC02-03819,6.65,4.45,synthetic,76
SC02-03820,7.78,2.34,delicate,55
SC02-03821,4.83,2.96,synthetic,63
SC02-03822,9.73,7.93,delicate,75
SC02-03823,3.0,6.97,delicate,18
SC02-03824,5.55,6.83,cotton,31
SC02-03825,4.64,1.65,delicate,89
SC02-03826,5.42,3.22,heavy,53
SC02-03827,5.67,2.74,cotton,20
SC02-03828,6.23,7.61,delicate,99
SC02-03829,3.14,7.17,heavy,51
SC02-03830,8.15,1.66,heavy,3
SC02-03831,3.34,3.28,synthetic,30
SC02-03832,4.87,7.98,heavy,75
SC02-03833,2.14,3.73,cotton,36
SC02-03834,2.43,6.53,synthetic,20
SC02-03835,5.98,4.95,delicate,12
SC02-03836,0.82,6.47,delicate,19
SC02-03837,5.4,4.19,delicate,89
SC02-03838,6.48,7.94,delicate,60
SC02-03839,1.78,1.5,synthetic,86
SC02-03840,6.86,6.7,synthetic,85
SC02-03841,5.72,0.8,synthetic,42
SC02-03842,1.0,7.97,delicate,5
SC02-03843,6.14,6.66,cotton,21
SC02-03844,8.97,6.68,heavy,13
SC02-03845,2.67,2.69,delicate,78
SC02-03846,2.84,0.99,synthetic,20
SC02-03847,6.43,5.75,delicate,63
SC02-03848,6.06,5.67,delicate,50
SC02-03849,8.52,5.49,heavy,57
SC02-03850,3.59,4.32,synthetic,83
SC02-03851,7.06,3.51,cotton,39
SC02-03852,6.66,2.08,heavy,19
SC02-03853,7.03,0.78,delicate,75
SC02-03854,8.75,1.61,heavy,16
SC02-03855,1.49,1.05,synthetic,88
SC02-03856,3.2,2.29,heavy,55
SC02-03857,4.1,7.47,synthetic,90
SC02-03858,2.1,4.05,delicate,46
SC02-03859,1.57,1.94,delicate,6
SC02-03860,0.31,6.9,synthetic,49
SC02-03861,1.87,4.23,heavy,100
SC02-03862,7.09,2.93,cotton,41
SC02-03863,7.45,5.81,synthetic,96
SC02-03864,5.67,5.75,delicate,100
SC02-03865,1.64,2.38,delicate,62
SC02-03866,8.76,3.01,delicate,17
SC02-03867,2.4,5.03,synthetic,25
SC02-03868,7.21,3.63,delicate,80
SC02-03869,3.61,3.07,synthetic,43
SC02-03870,0.03,4.12,cotton,27
SC02-03871,1.48,5.6,synthetic,67
SC02-03872,3.91,4.47,cotton,55
SC02-03873,7.7,5.98,delicate,58
SC02-03874,9.64,4.93,synthetic,68
SC02-03875,9.97,3.92,synthetic,42
SC02-03876,0.18,4.92,delicate,60
SC02-03877,8.3,3.63,heavy,77
SC02-03878,5.72,7.42,cotton,57
SC02-03879,2.65,7.19,delicate,29
SC02-03880,6.68,4.85,heavy,33
SC02-03881,0.04,2.22,cotton,57
SC02-03882,2.39,0.52,delicate,9
SC02-03883,8.02,2.55,heavy,2
SC02-03884,5.02,7.64,synthetic,98
SC02-03885,6.0,0.88,cotton,68
SC02-03886,6.61,2.66,delicate,30
SC02-03887,9.26,3.42,synthetic,22
SC02-03888,5.45,2.0,heavy,10
SC02-03889,3.29,2.34,heavy,2
SC02-03890,0.99,7.48,synthetic,21
SC02-03891,6.57,5.54,heavy,20
SC02-03892,9.06,2.03,cotton,46
SC02-03893,0.98,7.49,synthetic,69
SC02-03894,6.92,5.29,delicate,19
SC02-03895,8.73,6.9,delicate,30
SC02-03896,0.66,6.28,synthetic,22
SC02-03897,1.13,3.88,delicate,64
SC02-03898,7.66,6.35,heavy,65
SC02-03899,1.22,5.51,synthetic,100
SC02-03900,0.83,6.42,synthetic,22
SC02-03901,3.88,1.92,synthetic,92
SC02-03902,0.18,7.35,delicate,8
SC02-03903,1.62,3.07,cotton,61
SC02-03904,9.91,6.18,synthetic,3
SC02-03905,3.4,3.42,heavy,13
SC02-03906,8.07,6.32,heavy,27
SC02-03907,1.68,5.16,heavy,99
SC02-03908,5.86,5.73,cotton,84
SC02-03909,9.34,6.36,heavy,49
SC02-03910,3.22,3.27,delicate,4
SC02-03911,4.53,0.53,synthetic,2
SC02-03912,9.88,7.5,synthetic,53
SC02-03913,7.5,0.56,synthetic,59
SC02-03914,0.85,6.82,delicate,75
SC02-03915,1.36,4.21,synthetic,15
SC02-03916,6.25,0.74,synthetic,31
SC02-03917,3.12,6.67,synthetic,4
SC02-03918,8.59,0.91,synthetic,85
SC02-03919,9.64,1.53,synthetic,48
SC02-03920,9.99,2.61,heavy,9
SC02-03921,9.75,3.23,heavy,39
SC02-03922,7.39,3.55,delicate,36
SC02-03923,3.28,5.84,cotton,67
SC02-03924,6.03,6.89,synthetic,14
SC02-03925,0.95,2.48,synthetic,40
SC02-03926,8.88,1.87,cotton,74
SC02-03927,8.0,2.24,synthetic,39
SC02-03928,8.41,4.63,delicate,91
SC02-03929,5.49,4.83,synthetic,70
SC02-03930,6.58,1.25,heavy,96
SC02-03931,9.31,2.84,heavy,11
SC02-03932,6.58,2.52,delicate,17
SC02-03933,0.69,7.62,delicate,13
SC02-03934,8.91,0.82,synthetic,51
SC02-03935,5.42,2.48,cotton,10
SC02-03936,3.34,1.89,delicate,80
SC02-03937,8.12,4.03,cotton,21
SC02-03938,7.38,6.67,cotton,52
SC02-03939,0.05,4.42,synthetic,73
SC02-03940,7.95,6.32,cotton,63
SC02-03941,5.48,0.95,cotton,78
SC02-03942,6.67,1.94,synthetic,44
SC02-03943,1.36,7.8,heavy,74
SC02-03944,2.88,2.37,delicate,90
SC02-03945,4.2,5.36,heavy,0
SC02-03946,9.78,3.54,cotton,95
SC02-03947,2.53,1.46,cotton,82
SC02-03948,5.8,7.75,cotton,16
SC02-03949,7.11,2.23,cotton,95
SC02-03950,0.47,1.04,heavy,17
SC02-03951,9.65,2.57,delicate,73
SC02-03952,0.03,2.08,delicate,89
SC02-03953,0.14,1.3,cotton,57
SC02-03954,1.44,5.93,delicate,47
SC02-03955,3.25,3.58,synthetic,56
SC02-03956,6.63,6.93,cotton,26
SC02-03957,3.89,1.91,cotton,62
SC02-03958,4.89,2.55,delicate,32
SC02-03959,0.03,3.98,delicate,100
SC02-03960,8.89,0.95,heavy,67
SC02-03961,2.89,3.6,synthetic,18
SC02-03962,2.83,1.83,delicate,60
SC02-03963,7.86,4.47,heavy,44
SC02-03964,3.03,2.18,cotton,88
SC02-03965,8.64,6.8,heavy,34
SC02-03966,1.6,2.15,cotton,2
SC02-03967,7.81,5.34,heavy,28
SC02-03968,9.86,4.64,cotton,14
SC02-03969,2.68,3.28,synthetic,88
SC02-03970,0.99,6.97,synthetic,95
SC02-03971,4.04,0.97,delicate,30
SC02-03972,8.99,2.39,cotton,96
SC02-03973,9.58,7.49,cotton,80
SC02-03974,4.97,4.46,cotton,2
SC02-03975,3.27,5.67,heavy,72
SC02-03976,3.41,4.11,cotton,13
SC02-03977,7.33,5.91,heavy,32
SC02-03978,6.96,2.54,cotton,80
SC02-03979,4.02,6.81,synthetic,12
SC02-03980,3.8,5.18,cotton,41
SC02-03981,0.46,3.02,heavy,97
SC02-03982,2.41,3.0,cotton,55
SC02-03983,9.58,0.62,delicate,13
SC02-03984,5.65,1.53,heavy,5
SC02-03985,2.05,3.59,delicate,13
SC02-03986,6.81,7.82,heavy,91
SC02-03987,1.36,6.04,cotton,47
SC02-03988,0.97,2.42,heavy,15
SC02-03989,9.91,5.32,heavy,26
SC02-03990,0.93,7.43,delicate,11
SC02-03991,8.05,6.43,cotton,5
SC02-03992,4.76,2.58,cotton,84
SC02-03993,7.57,5.96,heavy,27
SC02-03994,7.96,7.16,delicate,11
SC02-03995,5.04,2.22,synthetic,0
SC02-03996,4.27,3.12,synthetic,96
SC02-03997,4.52,5.72,delicate,94
SC02-03998,0.98,5.2,delicate,85
SC02-03999,2.75,1.79,cotton,29
SC02-04000,7.37,5.99,cotton,26
SC02-04001,1.98,2.71,delicate,84
SC02-04002,4.49,5.14,delicate,15
SC02-04003,7.26,5.93,synthetic,80
SC02-04004,7.57,6.21,heavy,19
SC02-04005,6.88,6.75,cotton,60
SC02-04006,3.78,1.79,delicate,68
SC02-04007,1.75,6.82,heavy,13
SC02-04008,0.85,1.68,delicate,19
SC02-04009,4.15,3.76,cotton,34
SC02-04010,7.14,5.85,synthetic,57
SC02-04011,1.57,7.98,cotton,57
SC02-04012,4.25,5.08,heavy,35
SC02-04013,3.16,5.05,delicate,25
SC02-04014,4.06,3.32,heavy,11
SC02-04015,8.75,1.37,cotton,6
SC02-04016,2.3,5.75,delicate,71
SC02-04017,4.79,7.32,cotton,6
SC02-04018,5.18,4.54,cotton,16
SC02-04019,2.4,0.88,delicate,30
SC02-04020,5.39,1.13,delicate,33
SC02-04021,2.61,4.62,cotton,5
SC02-04022,4.28,6.88,cotton,17
SC02-04023,8.03,2.15,delicate,66
SC02-04024,1.48,3.82,heavy,92
SC02-04025,6.34,1.1,synthetic,58
SC02-04026,1.65,2.57,synthetic,3
SC02-04027,0.33,0.59,delicate,99
SC02-04028,6.65,0.68,delicate,10
SC02-04029,3.22,6.18,delicate,10
SC02-04030,6.88,4.11,delicate,56
SC02-04031,7.84,4.54,synthetic,7
SC02-04032,7.87,6.11,delicate,92
SC02-04033,1.5,3.15,heavy,86
SC02-04034,1.15,7.36,synthetic,96
SC02-04035,2.92,1.69,cotton,76
SC02-04036,6.68,4.55,synthetic,62
SC02-04037,5.22,6.26,cotton,22
SC02-04038,8.24,2.67,delicate,40
SC02-04039,3.79,0.8,heavy,59
SC02-04040,0.26,4.99,delicate,84
SC02-04041,2.61,2.34,synthetic,81
SC02-04042,3.41,3.21,synthetic,67
SC02-04043,1.5,3.33,delicate,30
SC02-04044,4.13,6.48,cotton,41
SC02-04045,3.7,0.87,synthetic,21
SC02-04046,7.85,3.31,delicate,70
SC02-04047,7.14,5.19,delicate,52
SC02-04048,2.08,3.58,heavy,79
SC02-04049,3.55,7.99,cotton,16
SC02-04050,0.65,2.51,delicate,15
SC02-04051,8.65,2.4,delicate,71
SC02-04052,9.15,6.04,synthetic,80
SC02-04053,7.33,7.72,cotton,70
SC02-04054,9.48,4.24,cotton,66
SC02-04055,1.94,5.89,cotton,67
SC02-04056,6.48,3.5,cotton,19
SC02-04057,6.73,1.56,heavy,79
SC02-04058,6.78,5.94,synthetic,52
SC02-04059,2.98,0.66,heavy,96
SC02-04060,7.17,3.26,heavy,27
SC02-04061,1.04,7.71,synthetic,10
SC02-04062,4.62,0.81,heavy,37
SC02-04063,9.45,5.24,cotton,45
SC02-04064,9.46,3.3,synthetic,5
SC02-04065,1.87,6.41,synthetic,43
SC02-04066,5.43,1.9,cotton,93
SC02-04067,0.23,1.13,heavy,39
SC02-04068,4.11,2.6,synthetic,65
SC02-04069,5.76,6.61,delicate,98
SC02-04070,2.26,1.32,cotton,71
SC02-04071,6.97,4.39,synthetic,42
SC02-04072,7.25,1.51,delicate,86
SC02-04073,6.88,0.78,delicate,37
SC02-04074,2.39,7.37,cotton,97
SC02-04075,8.24,1.96,synthetic,75
SC02-04076,3.15,5.82,heavy,93
SC02-04077,2.22,1.56,delicate,11
SC02-04078,0.95,5.0,heavy,92
SC02-04079,8.79,1.43,delicate,77
SC02-04080,9.76,2.31,delicate,80
SC02-04081,6.79,4.19,cotton,51
SC02-04082,6.44,8.0,delicate,52
SC02-04083,8.55,5.93,delicate,96
SC02-04084,6.12,4.29,synthetic,49
SC02-04085,0.95,7.71,heavy,99
SC02-04086,5.53,6.98,delicate,1
SC02-04087,9.12,2.07,delicate,3
SC02-04088,5.86,3.01,heavy,14
SC02-04089,5.5,6.78,delicate,31
SC02-04090,6.88,3.0,heavy,33
SC02-04091,7.29,6.67,delicate,92
SC02-04092,9.08,7.38,cotton,50
SC02-04093,3.68,6.44,cotton,7
SC02-04094,0.76,5.03,delicate,67
SC02-04095,6.39,4.81,delicate,69
SC02-04096,2.92,2.24,heavy,43
SC02-04097,8.38,4.9,heavy,24
SC02-04098,1.71,5.92,cotton,77
SC02-04099,6.02,1.61,cotton,57
SC02-04100,2.75,3.03,delicate,11
SC02-04101,2.55,0.77,synthetic,16
SC02-04102,5.2,3.55,delicate,46
SC02-04103,6.3,6.34,synthetic,30
SC02-04104,4.92,3.47,heavy,95
SC02-04105,0.46,5.7,delicate,95
SC02-04106,1.29,6.35,delicate,5
SC02-04107,9.44,7.06,delicate,66
SC02-04108,8.85,3.21,heavy,77
SC02-04109,0.88,7.03,delicate,49
SC02-04110,1.54,3.92,synthetic,95
SC02-04111,2.13,7.65,cotton,32
SC02-04112,8.97,3.17,heavy,65
SC02-04113,5.5,3.77,delicate,62
SC02-04114,6.26,4.14,cotton,79
SC02-04115,2.11,4.43,synthetic,37
SC02-04116,7.5,0.8,cotton,38
SC02-04117,8.96,0.54,heavy,99
SC02-04118,1.94,2.74,heavy,85
SC02-04119,9.13,6.02,cotton,52
SC02-04120,0.46,2.25,synthetic,78
SC02-04121,7.24,0.9,synthetic,57
SC02-04122,6.91,0.64,delicate,64
SC02-04123,3.68,4.73,delicate,37
SC02-04124,2.86,1.86,delicate,91
SC02-04125,9.95,7.94,cotton,51
SC02-04126,7.56,5.8,heavy,98
SC02-04127,6.24,6.56,synthetic,70
SC02-04128,6.42,6.2,heavy,11
SC02-04129,8.89,2.72,synthetic,74
SC02-04130,3.84,7.64,cotton,18
SC02-04131,3.3,1.27,delicate,98
SC02-04132,5.0,2.82,cotton,22
SC02-04133,8.91,1.31,cotton,37
SC02-04134,7.81,6.32,heavy,51
SC02-04135,5.64,7.7,delicate,52
SC02-04136,6.22,0.67,heavy,19
SC02-04137,3.98,1.38,heavy,3
SC02-04138,6.42,1.8,cotton,39
SC02-04139,5.62,7.96,cotton,66
SC02-04140,6.07,2.94,synthetic,83
SC02-04141,2.44,7.63,cotton,84
SC02-04142,8.97,6.18,synthetic,0
SC02-04143,8.97,7.7,delicate,18
SC02-04144,9.02,4.75,heavy,43
SC02-04145,0.3,6.53,cotton,51
SC02-04146,5.91,3.19,cotton,55
SC02-04147,6.61,1.2,heavy,73
SC02-04148,3.78,3.55,delicate,27
SC02-04149,0.15,4.11,heavy,12
SC02-04150,6.72,5.64,cotton,98
SC02-04151,1.9,4.46,synthetic,96
SC02-04152,1.2,6.82,synthetic,51
SC02-04153,5.41,2.3,synthetic,65
SC02-04154,2.72,7.24,delicate,21
SC02-04155,4.78,2.18,delicate,85
SC02-04156,8.52,3.76,heavy,49
SC02-04157,0.63,0.91,heavy,64
SC02-04158,2.02,1.11,cotton,78
SC02-04159,3.35,7.77,delicate,6
SC02-04160,9.45,3.31,delicate,78
SC02-04161,6.48,1.1,delicate,94
SC02-04162,3.21,3.9,cotton,80
SC02-04163,5.22,7.04,heavy,82
SC02-04164,4.11,1.58,synthetic,28
SC02-04165,6.38,2.53,heavy,56
SC02-04166,4.43,2.61,cotton,7
SC02-04167,7.14,3.87,cotton,92
SC02-04168,4.03,6.97,cotton,76
SC02-04169,1.37,0.65,delicate,95
SC02-04170,8.72,5.94,heavy,49
SC02-04171,9.23,7.86,delicate,98
SC02-04172,7.78,0.67,synthetic,8
SC02-04173,9.7,1.99,heavy,29
SC02-04174,0.89,1.49,synthetic,45
SC02-04175,7.15,1.78,synthetic,51
SC02-04176,1.09,4.59,delicate,59
SC02-04177,0.11,6.87,cotton,86
SC02-04178,1.02,5.02,delicate,48
SC02-04179,1.13,6.13,cotton,65
SC02-04180,9.8,2.88,heavy,63
SC02-04181,5.46,7.82,heavy,15
SC02-04182,1.9,3.86,synthetic,39
SC02-04183,2.65,0.87,cotton,74
SC02-04184,3.23,1.56,heavy,37
SC02-04185,5.1,7.8,delicate,55
SC02-04186,2.75,7.96,cotton,57
SC02-04187,2.05,2.38,delicate,50
SC02-04188,4.7,1.31,cotton,59
SC02-04189,7.41,4.25,cotton,23
SC02-04190,0.75,6.75,delicate,62
SC02-04191,8.94,4.92,cotton,13
SC02-04192,6.28,2.46,heavy,21
SC02-04193,5.73,3.05,heavy,100
SC02-04194,7.31,5.05,cotton,97
SC02-04195,4.26,6.7,cotton,14
SC02-04196,8.48,1.83,synthetic,52
SC02-04197,0.29,2.22,heavy,94
SC02-04198,0.23,6.39,heavy,51
SC02-04199,6.81,7.96,heavy,61
SC02-04200,7.0,3.52,heavy,30
SC02-04201,9.0,4.39,cotton,1
SC02-04202,3.65,0.52,cotton,10
SC02-04203,6.59,1.78,cotton,80
SC02-04204,3.49,5.55,delicate,50
SC02-04205,6.79,5.45,delicate,99
SC02-04206,3.35,7.92,delicate,87
SC02-04207,2.65,4.77,delicate,66
SC02-04208,6.51,7.53,delicate,73
SC02-04209,1.39,4.76,heavy,96
SC02-04210,5.94,0.8,synthetic,30
SC02-04211,4.3,5.07,synthetic,100
SC02-04212,5.47,0.62,cotton,16
SC02-04213,8.92,0.78,synthetic,4
SC02-04214,9.51,5.69,cotton,84
SC02-04215,8.42,3.75,synthetic,64
SC02-04216,9.69,5.36,synthetic,77
SC02-04217,3.38,6.02,delicate,82
SC02-04218,0.84,3.1,heavy,96
SC02-04219,9.13,5.71,heavy,11
SC02-04220,3.57,1.84,heavy,57
SC02-04221,3.9,1.97,cotton,3
SC02-04222,9.34,3.89,heavy,99
SC02-04223,0.78,5.11,heavy,63
SC02-04224,6.1,4.19,cotton,79
SC02-04225,5.75,3.77,heavy,91
SC02-04226,8.46,6.78,cotton,40
SC02-04227,5.16,1.97,delicate,82
SC02-04228,5.32,5.61,delicate,51
SC02-04229,6.44,5.62,cotton,47
SC02-04230,0.52,2.52,delicate,84
SC02-04231,8.95,3.2,heavy,48
SC02-04232,7.28,2.99,heavy,72
SC02-04233,0.38,5.55,cotton,35
SC02-04234,9.0,1.82,synthetic,47
SC02-04235,2.68,1.87,heavy,58
SC02-04236,5.94,1.97,synthetic,78
SC02-04237,2.94,5.29,cotton,87
SC02-04238,5.33,4.82,synthetic,50
SC02-04239,8.3,2.17,cotton,69
SC02-04240,9.6,7.43,delicate,43
SC02-04241,4.05,2.46,synthetic,23
SC02-04242,5.33,3.03,heavy,22
SC02-04243,9.14,3.08,cotton,73
SC02-04244,1.72,7.6,cotton,88
SC02-04245,2.22,4.47,synthetic,13
SC02-04246,2.24,7.94,delicate,71
SC02-04247,7.11,3.27,delicate,82
SC02-04248,4.9,2.47,heavy,71
SC02-04249,3.24,5.07,heavy,98
SC02-04250,6.8,6.69,cotton,0
SC02-04251,1.94,5.21,delicate,86
SC02-04252,8.94,6.68,delicate,14
SC02-04253,9.14,4.99,cotton,6
SC02-04254,1.99,6.75,synthetic,74
SC02-04255,2.36,6.45,delicate,46
SC02-04256,2.1,2.81,synthetic,37
SC02-04257,4.54,2.95,synthetic,25
SC02-04258,1.07,5.97,synthetic,79
SC02-04259,8.86,6.63,heavy,93
SC02-04260,8.46,4.43,cotton,54
SC02-04261,4.47,2.88,delicate,79
SC02-04262,2.66,6.85,delicate,36
SC02-04263,9.5,6.44,delicate,99
SC02-04264,3.54,3.92,delicate,89
SC02-04265,5.92,4.05,delicate,77
SC02-04266,7.33,1.49,heavy,0
SC02-04267,2.72,1.47,synthetic,51
SC02-04268,1.63,1.53,synthetic,71
SC02-04269,8.09,6.57,heavy,53
SC02-04270,0.58,2.93,heavy,96
SC02-04271,4.5,3.82,synthetic,21
SC02-04272,1.38,5.8,synthetic,94
SC02-04273,8.93,2.6,synthetic,93
SC02-04274,5.88,7.73,synthetic,100
SC02-04275,7.13,5.1,cotton,64
SC02-04276,1.29,7.69,delicate,10
SC02-04277,8.12,3.71,synthetic,3
SC02-04278,1.36,6.88,delicate,5
SC02-04279,1.56,2.8,cotton,75
SC02-04280,6.47,2.24,cotton,16
SC02-04281,6.43,6.69,delicate,41
SC02-04282,8.68,1.02,delicate,41
SC02-04283,3.4,0.75,cotton,81
SC02-04284,6.33,4.67,cotton,87
SC02-04285,1.0,2.77,heavy,49
SC02-04286,5.86,7.96,heavy,18
SC02-04287,5.0,6.88,cotton,54
SC02-04288,4.49,5.28,heavy,92
SC02-04289,9.49,5.32,cotton,95
SC02-04290,0.06,3.25,cotton,47
SC02-04291,2.88,7.62,delicate,67
SC02-04292,2.18,6.6,delicate,94
SC02-04293,1.34,6.77,cotton,25
SC02-04294,6.07,7.09,delicate,80
SC02-04295,3.05,1.19,heavy,94
SC02-04296,0.08,1.17,cotton,53
SC02-04297,2.62,1.7,heavy,44
SC02-04298,0.24,1.74,heavy,51
SC02-04299,5.19,1.15,heavy,22
SC02-04300,7.87,7.25,heavy,59
SC02-04301,3.21,6.1,synthetic,71
SC02-04302,6.28,4.13,heavy,19
SC02-04303,8.63,7.57,synthetic,18
SC02-04304,6.19,4.33,heavy,48
SC02-04305,9.0,4.65,delicate,50
SC02-04306,0.53,7.02,heavy,15
SC02-04307,6.45,1.82,heavy,87
SC02-04308,2.15,3.82,cotton,72
SC02-04309,6.55,7.75,delicate,41
SC02-04310,1.82,1.66,cotton,94
SC02-04311,4.12,1.78,delicate,93
SC02-04312,4.27,2.95,delicate,81
SC02-04313,3.03,4.65,cotton,30
SC02-04314,8.97,2.94,synthetic,89
SC02-04315,9.64,6.42,cotton,40
SC02-04316,5.56,2.81,heavy,15
SC02-04317,4.89,5.33,heavy,28
SC02-04318,1.62,3.45,cotton,2
SC02-04319,5.71,2.46,synthetic,73
SC02-04320,8.11,6.31,delicate,23
SC02-04321,8.93,5.03,heavy,0
SC02-04322,1.87,1.81,delicate,20
SC02-04323,0.55,2.35,heavy,97
SC02-04324,5.27,4.23,delicate,27
SC02-04325,4.9,7.22,synthetic,17
SC02-04326,5.8,4.69,cotton,16
SC02-04327,1.49,6.59,delicate,17
SC02-04328,7.93,3.48,delicate,70
SC02-04329,1.88,0.78,delicate,33
SC02-04330,7.61,4.17,heavy,66
SC02-04331,5.03,6.98,heavy,44
SC02-04332,6.84,5.7,synthetic,85
SC02-04333,5.14,1.88,heavy,7
SC02-04334,7.99,7.42,delicate,25
SC02-04335,0.17,7.83,cotton,49
SC02-04336,6.45,6.61,synthetic,14
SC02-04337,4.6,3.1,cotton,26
SC02-04338,8.72,4.78,delicate,2
SC02-04339,7.79,5.32,cotton,99
SC02-04340,9.27,7.56,synthetic,84
SC02-04341,0.24,2.77,heavy,35
SC02-04342,6.54,6.01,cotton,7
SC02-04343,6.12,1.97,delicate,73
SC02-04344,4.16,4.03,cotton,87
SC02-04345,5.93,1.2,delicate,18
SC02-04346,3.98,5.25,cotton,14
SC02-04347,2.07,1.39,heavy,52
SC02-04348,4.67,5.45,delicate,14
SC02-04349,6.06,6.1,delicate,14
SC02-04350,1.13,3.52,cotton,23
SC02-04351,0.42,5.13,delicate,57
SC02-04352,1.36,3.07,heavy,31
SC02-04353,1.98,5.17,cotton,4
SC02-04354,2.94,1.94,heavy,43
SC02-04355,2.08,0.6,cotton,58
SC02-04356,6.51,5.49,synthetic,99
SC02-04357,5.21,1.62,synthetic,22
SC02-04358,1.0,2.63,heavy,80
SC02-04359,5.25,7.41,delicate,73
SC02-04360,6.65,7.86,cotton,76
SC02-04361,2.87,1.47,cotton,89
SC02-04362,8.47,7.96,synthetic,92
SC02-04363,3.8,6.43,delicate,27
SC02-04364,7.16,4.77,synthetic,16
SC02-04365,7.79,4.88,delicate,99
SC02-04366,0.97,7.77,delicate,18
SC02-04367,2.75,3.68,synthetic,70
SC02-04368,3.27,3.25,synthetic,97
SC02-04369,9.24,2.09,delicate,33
SC02-04370,9.42,7.16,cotton,3
SC02-04371,1.41,4.11,delicate,54
SC02-04372,1.23,5.11,heavy,29
SC02-04373,5.58,2.58,cotton,76
SC02-04374,6.19,3.82,delicate,55
SC02-04375,4.26,4.93,heavy,29
SC02-04376,1.3,6.95,delicate,43
SC02-04377,3.19,7.65,cotton,87
SC02-04378,6.32,0.56,synthetic,4
SC02-04379,2.5,1.44,synthetic,51
SC02-04380,9.57,4.73,heavy,47
SC02-04381,4.23,6.4,delicate,47
SC02-04382,4.43,5.58,synthetic,47
SC02-04383,2.85,6.83,cotton,32
SC02-04384,4.8,1.3,synthetic,59
SC02-04385,4.34,1.33,delicate,98
SC02-04386,1.19,6.38,delicate,4
SC02-04387,2.07,6.55,heavy,70
SC02-04388,2.3,3.87,synthetic,97
SC02-04389,9.43,4.17,heavy,66
SC02-04390,0.43,0.6,delicate,93
SC02-04391,6.7,3.86,cotton,75
SC02-04392,0.3,5.9,synthetic,90
SC02-04393,0.61,1.13,delicate,52
SC02-04394,4.53,2.35,heavy,91
SC02-04395,2.29,1.1,delicate,36
SC02-04396,3.61,4.48,synthetic,62
SC02-04397,3.0,6.51,cotton,14
SC02-04398,7.04,0.69,heavy,23
SC02-04399,3.49,6.95,synthetic,57
SC02-04400,4.26,3.72,synthetic,63
SC02-04401,0.3,1.4,delicate,42
SC02-04402,1.99,5.53,cotton,77
SC02-04403,4.03,6.67,heavy,32
SC02-04404,8.38,7.17,heavy,19
SC02-04405,0.79,4.89,cotton,17
SC02-04406,6.99,4.06,delicate,7
SC02-04407,9.8,3.52,heavy,12
SC02-04408,3.11,2.98,delicate,96
SC02-04409,0.68,1.37,heavy,75
SC02-04410,4.86,4.01,synthetic,4
SC02-04411,0.2,5.41,cotton,69
SC02-04412,7.68,4.64,synthetic,73
SC02-04413,0.03,2.37,delicate,40
SC02-04414,7.84,0.82,delicate,75
SC02-04415,2.98,6.73,heavy,50
SC02-04416,7.83,4.47,heavy,81
SC02-04417,2.24,0.99,heavy,75
SC02-04418,4.39,1.4,heavy,48
SC02-04419,6.03,6.12,delicate,52
SC02-04420,9.08,7.67,cotton,27
SC02-04421,4.85,7.64,heavy,61
SC02-04422,5.71,2.36,cotton,97
SC02-04423,3.22,1.87,synthetic,74
SC02-04424,5.68,1.35,heavy,1
SC02-04425,0.67,6.67,synthetic,21
SC02-04426,8.83,6.86,cotton,3
SC02-04427,2.14,0.88,heavy,69
SC02-04428,8.44,1.29,heavy,7
SC02-04429,8.41,5.46,delicate,80
SC02-04430,8.03,5.21,delicate,69
SC02-04431,9.44,6.49,cotton,47
SC02-04432,6.84,6.13,heavy,18
SC02-04433,8.97,1.13,heavy,2
SC02-04434,7.31,4.53,synthetic,84
SC02-04435,5.08,6.61,delicate,69
SC02-04436,9.28,7.21,synthetic,68
SC02-04437,1.38,6.18,heavy,45
SC02-04438,5.22,6.03,cotton,73
SC02-04439,9.83,7.79,synthetic,56
SC02-04440,9.33,4.54,delicate,3
SC02-04441,2.6,0.85,heavy,40
SC02-04442,4.73,1.2,cotton,24
SC02-04443,3.8,1.14,heavy,11
SC02-04444,7.65,5.51,cotton,65
SC02-04445,8.91,5.56,synthetic,21
SC02-04446,6.0,3.68,cotton,59
SC02-04447,7.26,3.44,heavy,85
SC02-04448,6.35,2.5,synthetic,29
SC02-04449,7.13,2.44,delicate,74
SC02-04450,4.24,3.16,delicate,63
SC02-04451,9.0,5.32,cotton,62
SC02-04452,2.84,7.2,cotton,42
SC02-04453,7.23,3.16,heavy,74
SC02-04454,7.98,6.54,heavy,23
SC02-04455,2.93,0.84,heavy,89
SC02-04456,6.4,6.76,heavy,49
SC02-04457,5.47,5.9,heavy,3
SC02-04458,2.66,4.34,cotton,8
SC02-04459,4.44,1.65,synthetic,13
SC02-04460,3.86,1.7,synthetic,74
SC02-04461,7.6,6.69,heavy,35
SC02-04462,5.43,1.44,cotton,34
SC02-04463,5.35,4.5,cotton,78
SC02-04464,0.41,3.77,synthetic,50
SC02-04465,4.8,7.93,heavy,77
SC02-04466,5.76,3.69,delicate,11
SC02-04467,3.0,2.11,delicate,75
SC02-04468,8.96,7.96,cotton,45
SC02-04469,6.61,7.9,cotton,26
SC02-04470,7.15,1.31,cotton,60
SC02-04471,7.2,7.21,synthetic,23
SC02-04472,9.81,0.83,synthetic,41
SC02-04473,5.56,1.21,synthetic,99
SC02-04474,8.3,0.66,cotton,46
SC02-04475,9.06,2.59,synthetic,63
SC02-04476,1.45,1.43,delicate,54
SC02-04477,3.18,0.74,cotton,89
SC02-04478,2.89,0.71,heavy,51
SC02-04479,8.45,4.03,heavy,95
SC02-04480,0.65,4.37,synthetic,76
SC02-04481,5.38,6.15,delicate,69
SC02-04482,5.41,7.31,delicate,51
SC02-04483,4.62,4.63,delicate,34
SC02-04484,0.8,2.53,delicate,100
SC02-04485,2.26,2.95,cotton,50
SC02-04486,6.27,7.6,heavy,78
SC02-04487,6.63,5.13,cotton,89
SC02-04488,9.75,3.47,heavy,39
SC02-04489,9.3,3.36,synthetic,88
SC02-04490,8.93,1.18,synthetic,75
SC02-04491,2.61,2.85,delicate,14
SC02-04492,1.24,1.51,cotton,7
SC02-04493,8.45,6.36,synthetic,31
SC02-04494,6.97,3.36,delicate,44
SC02-04495,1.13,4.06,heavy,87
SC02-04496,7.28,2.2,heavy,26
SC02-04497,4.21,2.36,cotton,12
SC02-04498,5.15,2.45,synthetic,76
SC02-04499,0.56,4.14,delicate,3
SC02-04500,5.94,5.38,synthetic,17
SC02-04501,2.99,7.78,synthetic,22
SC02-04502,0.47,7.4,heavy,87
SC02-04503,8.65,6.39,heavy,55
SC02-04504,4.98,0.88,heavy,33
SC02-04505,1.62,6.65,synthetic,40
SC02-04506,4.24,3.23,heavy,43
SC02-04507,5.38,0.72,heavy,100
SC02-04508,9.53,6.26,cotton,24
SC02-04509,7.81,6.54,delicate,54
SC02-04510,1.31,6.93,synthetic,33
SC02-04511,7.99,7.07,cotton,81
SC02-04512,1.84,3.64,synthetic,6
SC02-04513,1.08,5.24,synthetic,29
SC02-04514,9.25,0.57,heavy,20
SC02-04515,8.56,1.39,cotton,37
SC02-04516,1.81,6.22,heavy,54
SC02-04517,9.64,4.09,heavy,39
SC02-04518,4.01,6.23,delicate,49
SC02-04519,0.28,1.09,synthetic,90
SC02-04520,9.83,1.19,synthetic,68
SC02-04521,7.97,5.3,delicate,0
SC02-04522,7.6,7.85,delicate,13
SC02-04523,4.75,4.37,heavy,61
SC02-04524,7.11,7.94,cotton,25
SC02-04525,8.75,1.8,synthetic,56
SC02-04526,9.31,7.23,synthetic,57
SC02-04527,1.35,5.89,synthetic,21
SC02-04528,6.39,3.69,cotton,93
SC02-04529,1.11,1.73,cotton,67
SC02-04530,2.51,6.02,heavy,43
SC02-04531,2.28,3.09,heavy,96
SC02-04532,5.32,3.96,synthetic,81
SC02-04533,1.69,7.88,cotton,39
SC02-04534,1.28,5.54,cotton,64
SC02-04535,3.24,2.4,synthetic,6
SC02-04536,0.31,7.58,synthetic,39
SC02-04537,6.53,2.64,heavy,43
SC02-04538,7.4,7.02,delicate,14
SC02-04539,1.4,1.95,heavy,36
SC02-04540,7.7,5.11,heavy,87
SC02-04541,9.4,6.0,delicate,57
SC02-04542,4.38,6.3,cotton,31
SC02-04543,6.64,5.34,cotton,62
SC02-04544,1.7,1.94,heavy,87
SC02-04545,1.7,1.05,heavy,45
SC02-04546,7.14,5.41,delicate,8
SC02-04547,6.07,3.4,cotton,5
SC02-04548,2.55,5.86,cotton,4
SC02-04549,3.87,7.96,cotton,41
SC02-04550,7.19,4.27,cotton,34
SC02-04551,6.24,2.22,cotton,39
SC02-04552,0.12,6.93,delicate,65
SC02-04553,0.69,7.04,heavy,60
SC02-04554,5.05,4.36,delicate,54
SC02-04555,3.45,1.79,synthetic,32
SC02-04556,9.17,7.67,synthetic,33
SC02-04557,4.27,6.69,cotton,68
SC02-04558,8.79,5.66,heavy,77
SC02-04559,6.2,3.88,delicate,1
SC02-04560,6.42,5.38,synthetic,30
SC02-04561,6.44,1.42,heavy,64
SC02-04562,5.12,2.42,heavy,79
SC02-04563,5.68,3.69,cotton,97
SC02-04564,6.91,0.96,synthetic,61
SC02-04565,5.79,1.5,heavy,13
SC02-04566,2.74,3.87,cotton,32
SC02-04567,3.77,0.77,delicate,93
SC02-04568,9.86,4.55,heavy,90
SC02-04569,2.53,2.51,cotton,71
SC02-04570,6.49,4.94,cotton,66
SC02-04571,2.35,4.76,delicate,19
SC02-04572,9.76,7.89,heavy,3
SC02-04573,3.92,6.63,cotton,22
SC02-04574,5.17,4.36,delicate,91
SC02-04575,5.78,7.43,cotton,18
SC02-04576,1.21,6.62,delicate,23
SC02-04577,2.3,7.17,delicate,8
SC02-04578,6.92,3.39,heavy,48
SC02-04579,1.15,7.33,heavy,91
SC02-04580,3.86,0.58,delicate,37
SC02-04581,1.89,3.38,delicate,36
SC02-04582,0.62,5.93,synthetic,40
SC02-04583,6.5,5.31,delicate,75
SC02-04584,5.1,0.86,heavy,35
SC02-04585,4.21,6.13,cotton,24
SC02-04586,3.15,3.57,synthetic,86
SC02-04587,7.9,0.76,cotton,93
SC02-04588,7.73,0.63,heavy,23
SC02-04589,0.04,6.63,synthetic,42
SC02-04590,9.52,4.91,heavy,9
SC02-04591,3.31,7.27,delicate,55
SC02-04592,4.33,7.23,heavy,54
SC02-04593,2.69,1.05,heavy,47
SC02-04594,2.99,1.15,delicate,90
SC02-04595,8.41,7.95,cotton,36
SC02-04596,0.02,3.85,synthetic,12
SC02-04597,3.99,6.63,synthetic,98
SC02-04598,6.19,0.81,delicate,47
SC02-04599,7.73,6.2,heavy,53
SC02-04600,5.48,2.71,cotton,48
SC02-04601,5.34,4.76,heavy,20
SC02-04602,3.88,3.94,delicate,67
SC02-04603,2.34,3.75,delicate,60
SC02-04604,5.29,5.62,heavy,100
SC02-04605,6.14,3.23,synthetic,75
SC02-04606,4.29,3.22,delicate,72
SC02-04607,4.54,3.33,cotton,16
SC02-04608,0.22,1.15,heavy,89
SC02-04609,7.64,3.19,cotton,48
SC02-04610,0.15,7.83,delicate,97
SC02-04611,9.44,7.23,synthetic,17
SC02-04612,9.41,6.38,synthetic,42
SC02-04613,5.1,7.79,delicate,58
SC02-04614,4.87,2.68,delicate,85
SC02-04615,7.48,4.16,heavy,77
SC02-04616,1.85,1.06,cotton,35
SC02-04617,0.92,5.85,heavy,17
SC02-04618,4.36,1.83,cotton,77
SC02-04619,9.43,3.01,delicate,57
SC02-04620,0.53,5.8,synthetic,92
SC02-04621,7.31,2.5,cotton,13
SC02-04622,8.23,3.1,synthetic,47
SC02-04623,4.86,6.76,synthetic,55
SC02-04624,7.8,1.45,cotton,16
SC02-04625,8.45,3.25,delicate,90
SC02-04626,5.75,7.54,delicate,8
SC02-04627,6.32,2.15,synthetic,52
SC02-04628,2.75,0.9,cotton,27
SC02-04629,8.27,2.59,heavy,22
SC02-04630,5.03,7.4,synthetic,92
SC02-04631,8.85,2.6,delicate,11
SC02-04632,4.85,5.39,cotton,20
SC02-04633,6.89,5.88,cotton,11
SC02-04634,1.36,3.65,heavy,69
SC02-04635,9.24,6.46,synthetic,0
SC02-04636,4.81,0.94,synthetic,71
SC02-04637,6.41,6.15,delicate,11
SC02-04638,1.16,3.29,delicate,78
SC02-04639,1.78,3.98,delicate,84
SC02-04640,0.86,1.89,delicate,95
SC02-04641,8.8,6.08,cotton,56
SC02-04642,0.53,4.77,cotton,5
SC02-04643,0.33,1.03,heavy,75
SC02-04644,3.14,0.61,heavy,32
SC02-04645,9.06,6.72,delicate,64
SC02-04646,5.74,2.84,synthetic,89
SC02-04647,2.93,6.58,cotton,72
SC02-04648,5.22,3.6,cotton,52
SC02-04649,3.45,4.96,synthetic,60
SC02-04650,7.66,3.6,delicate,79
SC02-04651,7.93,4.36,cotton,60
SC02-04652,2.02,2.83,delicate,27
SC02-04653,9.02,5.94,delicate,4
SC02-04654,2.58,0.84,synthetic,99
SC02-04655,5.61,5.08,cotton,87
SC02-04656,1.83,4.01,synthetic,27
SC02-04657,9.71,6.38,synthetic,56
SC02-04658,2.56,6.23,cotton,43
SC02-04659,8.71,1.64,delicate,51
SC02-04660,8.62,7.84,heavy,4
SC02-04661,7.45,3.86,cotton,91
SC02-04662,9.96,7.18,cotton,70
SC02-04663,3.04,1.83,cotton,48
SC02-04664,9.21,6.48,synthetic,51
SC02-04665,9.15,4.55,synthetic,42
SC02-04666,0.53,6.62,synthetic,90
SC02-04667,0.5,3.2,synthetic,45
SC02-04668,0.8,7.71,cotton,26
SC02-04669,5.65,5.97,delicate,76
SC02-04670,0.34,7.53,synthetic,13
SC02-04671,0.43,5.22,synthetic,93
SC02-04672,0.28,7.93,delicate,29
SC02-04673,1.0,1.13,delicate,59
SC02-04674,7.79,7.56,delicate,76
SC02-04675,9.86,0.64,synthetic,37
SC02-04676,7.04,3.84,heavy,6
SC02-04677,6.87,1.83,delicate,51
SC02-04678,7.17,3.28,cotton,40
SC02-04679,8.18,7.49,delicate,87
SC02-04680,1.77,0.5,delicate,85
SC02-04681,1.35,3.78,synthetic,100
SC02-04682,7.94,4.74,delicate,1
SC02-04683,1.58,3.63,delicate,10
SC02-04684,3.2,3.03,cotton,44
SC02-04685,9.67,5.41,synthetic,56
SC02-04686,6.34,5.13,delicate,56
SC02-04687,2.83,7.67,heavy,12
SC02-04688,7.65,5.78,cotton,59
SC02-04689,5.95,0.87,synthetic,90
SC02-04690,7.43,5.56,delicate,29
SC02-04691,6.66,6.72,delicate,1
SC02-04692,9.83,2.66,cotton,38
SC02-04693,7.73,0.59,delicate,0
SC02-04694,2.77,1.45,delicate,27
SC02-04695,4.28,4.3,synthetic,8
SC02-04696,0.72,2.75,delicate,28
SC02-04697,9.9,3.03,cotton,69
SC02-04698,3.59,6.2,cotton,47
SC02-04699,6.86,3.05,delicate,46
SC02-04700,3.88,0.75,heavy,62
SC02-04701,5.69,4.83,delicate,50
SC02-04702,5.71,7.57,delicate,9
SC02-04703,5.47,5.88,heavy,33
SC02-04704,0.44,5.72,cotton,61
SC02-04705,5.01,5.71,cotton,91
SC02-04706,8.9,2.13,cotton,72
SC02-04707,8.48,2.8,synthetic,28
SC02-04708,0.21,3.44,heavy,48
SC02-04709,7.59,6.85,synthetic,41
SC02-04710,0.08,1.71,synthetic,1
SC02-04711,0.73,2.09,heavy,40
SC02-04712,2.55,7.24,cotton,36
SC02-04713,1.06,4.53,cotton,74
SC02-04714,0.61,1.9,cotton,28
SC02-04715,7.89,2.81,delicate,8
SC02-04716,0.15,6.41,delicate,82
SC02-04717,8.95,3.66,delicate,45
SC02-04718,2.44,5.28,heavy,65
SC02-04719,2.53,0.6,delicate,11
SC02-04720,3.84,3.83,cotton,78
SC02-04721,9.28,2.61,synthetic,58
SC02-04722,3.34,7.07,heavy,41
SC02-04723,8.57,6.96,delicate,21
SC02-04724,5.93,4.95,heavy,39
SC02-04725,1.67,0.85,cotton,53
SC02-04726,6.71,7.12,delicate,88
SC02-04727,1.41,3.28,cotton,9
SC02-04728,2.56,7.87,delicate,88
SC02-04729,5.96,0.51,heavy,14
SC02-04730,0.91,3.08,cotton,28
SC02-04731,7.14,4.63,cotton,24
SC02-04732,4.31,7.68,delicate,82
SC02-04733,7.95,5.94,cotton,8
SC02-04734,3.53,7.33,delicate,66
SC02-04735,5.73,4.17,delicate,87
SC02-04736,3.66,1.21,delicate,98
SC02-04737,1.12,3.77,synthetic,42
SC02-04738,5.5,1.11,synthetic,72
SC02-04739,7.5,5.68,heavy,21
SC02-04740,7.04,1.21,delicate,90
SC02-04741,0.5,7.94,synthetic,30
SC02-04742,4.79,6.24,cotton,8
SC02-04743,5.47,3.32,cotton,65
SC02-04744,9.09,4.1,cotton,65
SC02-04745,2.76,7.71,synthetic,6
SC02-04746,6.57,7.97,cotton,21
SC02-04747,7.22,4.08,delicate,6
SC02-04748,1.78,2.1,synthetic,68
SC02-04749,1.27,7.45,cotton,17
SC02-04750,6.62,1.67,synthetic,11
SC02-04751,2.77,4.15,synthetic,83
SC02-04752,2.11,1.49,delicate,8
SC02-04753,4.21,7.65,synthetic,73
SC02-04754,6.02,1.97,delicate,86
SC02-04755,1.27,5.2,delicate,16
SC02-04756,0.36,2.06,delicate,35
SC02-04757,9.37,5.72,cotton,16
SC02-04758,1.31,3.79,synthetic,16
SC02-04759,6.95,1.27,synthetic,91
SC02-04760,1.94,7.24,cotton,64
SC02-04761,0.94,3.02,delicate,52
SC02-04762,2.53,1.98,delicate,44
SC02-04763,7.15,4.96,heavy,58
SC02-04764,4.6,3.48,delicate,78
SC02-04765,5.37,1.49,delicate,87
SC02-04766,0.23,1.71,delicate,53
SC02-04767,6.83,6.6,delicate,60
SC02-04768,2.99,6.99,delicate,20
SC02-04769,5.82,7.67,cotton,15
SC02-04770,9.44,0.72,cotton,94
SC02-04771,5.41,2.57,heavy,50
SC02-04772,1.62,4.76,cotton,15
SC02-04773,4.2,0.6,delicate,46
SC02-04774,4.06,7.14,heavy,50
SC02-04775,4.61,6.15,delicate,49
SC02-04776,2.34,3.46,cotton,10
SC02-04777,5.7,6.53,synthetic,46
SC02-04778,0.6,4.86,synthetic,38
SC02-04779,6.56,3.81,heavy,50
SC02-04780,9.8,5.64,cotton,91
SC02-04781,2.25,3.63,delicate,38
SC02-04782,6.47,3.33,heavy,24
SC02-04783,1.29,1.77,cotton,55
SC02-04784,8.82,1.38,synthetic,18
SC02-04785,2.56,6.39,cotton,94
SC02-04786,3.44,5.41,synthetic,34
SC02-04787,6.74,1.26,delicate,68
SC02-04788,7.35,7.62,delicate,94
SC02-04789,6.23,3.56,cotton,92
SC02-04790,3.11,6.65,delicate,84
SC02-04791,6.01,5.62,synthetic,28
SC02-04792,2.01,3.04,cotton,17
SC02-04793,7.2,7.72,synthetic,58
SC02-04794,9.74,1.9,synthetic,85
SC02-04795,0.58,4.49,cotton,31
SC02-04796,2.61,2.02,delicate,88
SC02-04797,2.41,1.09,synthetic,85
SC02-04798,5.29,3.54,synthetic,92
SC02-04799,2.67,6.98,heavy,88
SC02-04800,5.64,2.51,synthetic,58
SC02-04801,4.01,5.84,synthetic,92
SC02-04802,7.72,7.26,synthetic,25
SC02-04803,3.6,2.3,synthetic,72
SC02-04804,4.72,6.93,heavy,49
SC02-04805,9.31,4.96,heavy,8
SC02-04806,4.31,7.29,cotton,10
SC02-04807,1.77,2.64,delicate,68
SC02-04808,6.98,0.56,synthetic,79
SC02-04809,9.17,2.8,delicate,43
SC02-04810,1.85,3.49,cotton,41
SC02-04811,7.87,3.28,heavy,50
SC02-04812,3.02,3.85,delicate,30
SC02-04813,0.14,7.03,synthetic,17
SC02-04814,2.4,6.33,delicate,34
SC02-04815,1.82,1.42,synthetic,6
SC02-04816,9.98,7.65,cotton,31
SC02-04817,7.93,1.68,heavy,14
SC02-04818,3.01,2.88,synthetic,27
SC02-04819,7.18,0.92,heavy,28
SC02-04820,6.58,3.93,delicate,87
SC02-04821,9.04,0.72,delicate,63
SC02-04822,9.4,6.66,cotton,18
SC02-04823,9.32,1.1,heavy,11
SC02-04824,9.16,4.68,synthetic,20
SC02-04825,2.09,6.62,synthetic,94
SC02-04826,8.96,3.75,heavy,33
SC02-04827,2.67,5.6,heavy,6
SC02-04828,1.12,1.95,cotton,82
SC02-04829,9.34,5.58,heavy,43
SC02-04830,8.75,6.65,cotton,56
SC02-04831,4.63,1.49,heavy,51
SC02-04832,6.82,3.55,cotton,59
SC02-04833,0.03,2.59,delicate,82
SC02-04834,8.27,7.44,synthetic,19
SC02-04835,8.14,7.49,delicate,3
SC02-04836,9.28,3.26,delicate,4
SC02-04837,0.25,1.64,cotton,93
SC02-04838,1.28,2.82,synthetic,59
SC02-04839,6.63,7.59,delicate,54
SC02-04840,0.26,2.76,delicate,98
SC02-04841,9.18,6.22,delicate,63
SC02-04842,9.93,7.31,cotton,15
SC02-04843,1.98,5.17,synthetic,90
SC02-04844,1.54,6.32,cotton,92
SC02-04845,0.27,5.34,heavy,100
SC02-04846,2.46,1.46,synthetic,78
SC02-04847,3.52,7.2,cotton,30
SC02-04848,1.48,1.63,heavy,29
SC02-04849,6.99,1.93,cotton,0
SC02-04850,2.87,6.9,cotton,100
SC02-04851,3.54,1.47,heavy,54
SC02-04852,0.87,3.13,delicate,60
SC02-04853,3.97,7.31,heavy,5
SC02-04854,5.11,3.42,heavy,100
SC02-04855,9.6,6.23,cotton,25
SC02-04856,3.81,1.24,heavy,15
SC02-04857,1.56,1.25,cotton,71
SC02-04858,6.78,5.24,cotton,90
SC02-04859,0.9,6.94,heavy,90
SC02-04860,7.62,4.51,synthetic,99
SC02-04861,4.03,2.0,heavy,96
SC02-04862,2.63,1.59,cotton,88
SC02-04863,9.82,1.56,cotton,91
SC02-04864,5.08,5.26,synthetic,32
SC02-04865,9.97,3.1,cotton,91
SC02-04866,8.16,7.93,cotton,22
SC02-04867,7.34,3.15,delicate,48
SC02-04868,1.83,7.16,synthetic,27
SC02-04869,3.72,0.87,heavy,31
SC02-04870,8.33,5.27,heavy,31
SC02-04871,0.67,5.36,delicate,34
SC02-04872,3.97,6.45,synthetic,13
SC02-04873,8.28,0.55,synthetic,29
SC02-04874,8.57,7.62,delicate,83
SC02-04875,5.62,1.61,delicate,28
SC02-04876,7.75,1.81,delicate,65
SC02-04877,7.85,5.48,cotton,73
SC02-04878,8.28,4.05,synthetic,49
SC02-04879,0.63,5.98,heavy,5
SC02-04880,3.62,2.39,delicate,22
SC02-04881,9.37,5.45,synthetic,11
SC02-04882,4.28,5.9,delicate,9
SC02-04883,5.66,7.39,synthetic,42
SC02-04884,4.28,0.63,delicate,73
SC02-04885,7.21,4.94,cotton,75
SC02-04886,3.21,4.6,synthetic,23
SC02-04887,0.6,6.53,cotton,2
SC02-04888,2.54,3.76,cotton,85
SC02-04889,0.15,5.17,heavy,12
SC02-04890,1.36,5.46,cotton,39
SC02-04891,0.73,2.01,cotton,96
SC02-04892,7.16,7.29,heavy,59
SC02-04893,5.32,5.35,heavy,4
SC02-04894,5.66,4.42,cotton,9
SC02-04895,1.65,4.18,heavy,29
SC02-04896,0.8,5.01,cotton,16
SC02-04897,4.38,3.42,delicate,58
SC02-04898,9.59,5.72,heavy,83
SC02-04899,5.45,3.14,cotton,80
SC02-04900,6.85,7.25,synthetic,25
SC02-04901,1.15,1.19,heavy,42
SC02-04902,3.09,0.73,synthetic,23
SC02-04903,2.33,1.59,cotton,15
SC02-04904,5.86,3.14,delicate,99
SC02-04905,3.49,6.56,synthetic,36
SC02-04906,5.63,3.92,synthetic,61
SC02-04907,0.07,0.87,cotton,53
SC02-04908,9.68,3.98,synthetic,39
SC02-04909,5.45,6.22,heavy,51
SC02-04910,2.98,3.86,heavy,39
SC02-04911,8.85,1.17,cotton,49
SC02-04912,8.91,3.7,delicate,32
SC02-04913,8.58,0.75,heavy,31
SC02-04914,3.53,5.74,heavy,25
SC02-04915,0.38,6.04,synthetic,72
SC02-04916,4.27,1.9,heavy,56
SC02-04917,0.79,7.12,synthetic,17
SC02-04918,5.69,3.35,synthetic,26
SC02-04919,0.5,3.28,heavy,92
SC02-04920,0.08,3.26,delicate,20
SC02-04921,5.29,3.97,cotton,54
SC02-04922,3.0,7.91,synthetic,78
SC02-04923,2.9,4.43,synthetic,78
SC02-04924,3.93,7.42,heavy,84
SC02-04925,4.35,2.74,synthetic,96
SC02-04926,2.62,7.26,synthetic,95
SC02-04927,2.21,5.82,delicate,39
SC02-04928,6.12,3.47,cotton,96
SC02-04929,6.07,6.75,synthetic,35
SC02-04930,5.78,2.64,synthetic,52
SC02-04931,2.64,4.44,cotton,18
SC02-04932,2.25,4.95,heavy,16
SC02-04933,6.05,4.08,cotton,73
SC02-04934,6.69,4.5,synthetic,12
SC02-04935,2.49,1.28,delicate,97
SC02-04936,5.71,1.47,cotton,14
SC02-04937,8.6,6.21,heavy,41
SC02-04938,3.01,6.89,synthetic,24
SC02-04939,2.87,5.82,heavy,47
SC02-04940,3.37,6.5,cotton,99
SC02-04941,1.26,2.33,delicate,38
SC02-04942,2.78,3.75,synthetic,48
SC02-04943,9.29,1.61,cotton,72
SC02-04944,0.55,0.71,synthetic,13
SC02-04945,1.36,1.36,heavy,42
SC02-04946,8.58,6.98,heavy,24
SC02-04947,3.31,3.03,heavy,0
SC02-04948,5.55,3.73,delicate,73
SC02-04949,6.09,7.58,synthetic,90
SC02-04950,3.6,2.74,synthetic,89
SC02-04951,3.27,3.41,delicate,9
SC02-04952,2.23,4.57,synthetic,6
SC02-04953,8.85,2.72,cotton,24
SC02-04954,8.29,1.68,cotton,4
SC02-04955,8.58,1.96,heavy,37
SC02-04956,1.83,3.55,delicate,2
SC02-04957,3.01,5.47,heavy,64
SC02-04958,7.41,5.56,heavy,100
SC02-04959,8.22,6.73,delicate,70
SC02-04960,7.91,7.91,synthetic,90
SC02-04961,7.08,1.56,synthetic,48
SC02-04962,7.53,7.69,cotton,83
SC02-04963,0.9,5.47,heavy,56
SC02-04964,8.89,0.98,synthetic,24
SC02-04965,9.94,2.77,synthetic,7
SC02-04966,1.55,4.52,synthetic,6
SC02-04967,1.63,6.61,synthetic,54
SC02-04968,3.91,1.86,synthetic,93
SC02-04969,8.72,7.42,cotton,25
SC02-04970,2.01,4.4,cotton,79
SC02-04971,7.93,0.57,delicate,17
SC02-04972,3.3,4.8,delicate,27
SC02-04973,2.04,0.57,delicate,28
SC02-04974,1.97,3.56,heavy,8
SC02-04975,7.34,1.42,heavy,100
SC02-04976,4.56,7.5,delicate,56
SC02-04977,8.56,1.56,heavy,78
SC02-04978,6.1,6.13,synthetic,31
SC02-04979,8.99,0.92,synthetic,82
SC02-04980,3.7,0.92,cotton,29
SC02-04981,7.35,4.67,synthetic,62
SC02-04982,1.71,0.72,synthetic,91
SC02-04983,9.18,6.44,delicate,16
SC02-04984,5.4,3.94,delicate,11
SC02-04985,4.54,1.72,cotton,84
SC02-04986,7.97,2.7,synthetic,7
SC02-04987,4.39,7.09,heavy,33
SC02-04988,6.61,4.6,delicate,60
SC02-04989,6.42,5.68,synthetic,33
SC02-04990,4.14,5.17,cotton,33
SC02-04991,0.5,3.2,cotton,68
SC02-04992,8.72,3.81,heavy,80
SC02-04993,1.48,4.29,delicate,23
SC02-04994,1.56,4.99,synthetic,49
SC02-04995,3.94,4.5,synthetic,64
SC02-04996,7.25,1.61,cotton,62
SC02-04997,2.49,1.91,delicate,23
SC02-04998,1.0,1.13,delicate,15
SC02-04999,5.31,7.75,delicate,30
SC02-05000,6.97,7.87,heavy,95
SC02-05001,6.14,5.52,delicate,58
SC02-05002,8.55,6.97,heavy,37
SC02-05003,6.94,6.48,cotton,76
SC02-05004,1.51,1.28,synthetic,88
SC02-05005,3.55,4.99,delicate,63
SC02-05006,1.02,1.82,heavy,49
SC02-05007,7.48,2.37,heavy,23
SC02-05008,1.64,3.21,synthetic,19
SC02-05009,1.44,3.32,heavy,86
SC02-05010,3.21,6.58,heavy,24
SC02-05011,9.09,6.05,delicate,88
SC02-05012,5.4,1.97,synthetic,37
SC02-05013,3.02,7.08,delicate,39
SC02-05014,5.02,4.39,synthetic,1
SC02-05015,2.71,0.66,cotton,1
SC02-05016,8.6,5.1,heavy,98
SC02-05017,5.07,3.12,synthetic,24
SC02-05018,7.88,3.86,synthetic,79
SC02-05019,7.02,1.86,heavy,81
SC02-05020,6.58,1.7,synthetic,53
SC02-05021,2.33,1.89,heavy,60
SC02-05022,3.19,1.78,synthetic,72
SC02-05023,1.54,3.64,heavy,44
SC02-05024,5.43,1.56,cotton,3
SC02-05025,6.54,4.8,cotton,19
SC02-05026,5.93,1.38,synthetic,98
SC02-05027,4.11,0.82,synthetic,40
SC02-05028,7.57,5.76,heavy,29
SC02-05029,4.36,3.97,cotton,82
SC02-05030,4.09,6.7,synthetic,85
SC02-05031,7.64,1.85,heavy,48
SC02-05032,0.76,5.47,delicate,82
SC02-05033,6.69,3.05,cotton,26
SC02-05034,7.24,2.17,delicate,5
SC02-05035,2.73,4.51,cotton,90
SC02-05036,8.56,0.98,delicate,22
SC02-05037,8.51,1.21,cotton,100
SC02-05038,0.76,6.12,delicate,91
SC02-05039,3.72,1.65,heavy,69
SC02-05040,4.17,4.25,heavy,38
SC02-05041,8.94,1.28,delicate,67
SC02-05042,3.27,4.67,delicate,49
SC02-05043,3.09,2.79,cotton,86
SC02-05044,0.01,6.46,cotton,72
SC02-05045,9.28,7.37,heavy,56
SC02-05046,6.38,4.1,synthetic,66
SC02-05047,3.27,6.03,heavy,81
SC02-05048,4.02,7.59,heavy,95
SC02-05049,3.11,6.09,heavy,92
SC02-05050,1.29,2.72,cotton,14
SC02-05051,6.11,5.86,heavy,18
SC02-05052,1.79,1.95,delicate,39
SC02-05053,6.9,0.84,cotton,78
SC02-05054,2.53,2.13,delicate,36
SC02-05055,7.33,7.53,delicate,11
SC02-05056,4.71,5.11,cotton,97
SC02-05057,4.06,5.07,synthetic,73
SC02-05058,6.91,1.22,cotton,65
SC02-05059,6.98,1.33,delicate,7
SC02-05060,2.19,3.74,heavy,2
SC02-05061,7.38,6.09,delicate,7
SC02-05062,0.05,7.52,cotton,69
SC02-05063,3.37,4.58,cotton,12
SC02-05064,0.04,5.24,synthetic,22
SC02-05065,2.7,7.15,cotton,70
SC02-05066,7.1,7.51,cotton,53
SC02-05067,8.42,5.12,delicate,7
SC02-05068,4.51,4.5,heavy,20
SC02-05069,8.23,6.17,cotton,29
SC02-05070,1.77,4.67,cotton,64
SC02-05071,6.09,3.39,cotton,27
SC02-05072,8.15,3.56,delicate,64
SC02-05073,3.36,1.36,heavy,22
SC02-05074,3.98,1.29,heavy,70
SC02-05075,3.05,6.33,delicate,9
SC02-05076,1.9,5.48,cotton,25
SC02-05077,9.0,5.88,cotton,12
SC02-05078,6.73,6.87,cotton,44
SC02-05079,8.98,3.96,delicate,67
SC02-05080,4.77,5.81,delicate,51
SC02-05081,9.53,4.12,heavy,12
SC02-05082,6.51,3.67,synthetic,74
SC02-05083,1.67,5.26,delicate,83
SC02-05084,8.13,2.36,delicate,79
SC02-05085,1.27,5.05,heavy,14
SC02-05086,4.61,4.27,delicate,45
SC02-05087,9.7,3.64,cotton,69
SC02-05088,6.93,3.12,heavy,22
SC02-05089,7.34,0.62,cotton,89
SC02-05090,3.91,3.26,heavy,68
SC02-05091,3.84,1.78,synthetic,73
SC02-05092,8.29,1.54,heavy,26
SC02-05093,3.08,4.3,cotton,43
SC02-05094,3.26,5.02,heavy,80
SC02-05095,6.36,6.23,synthetic,17
SC02-05096,5.79,5.06,heavy,34
SC02-05097,6.27,1.57,heavy,54
SC02-05098,5.9,7.98,delicate,97
SC02-05099,4.38,5.14,heavy,2
SC02-05100,5.62,4.65,heavy,39
SC02-05101,6.86,4.24,synthetic,87
SC02-05102,6.18,4.78,heavy,35
SC02-05103,0.75,4.32,synthetic,14
SC02-05104,4.11,2.32,heavy,66
SC02-05105,9.44,3.08,heavy,93
SC02-05106,5.82,6.56,delicate,48
SC02-05107,2.93,4.88,delicate,33
SC02-05108,2.9,0.57,cotton,84
SC02-05109,6.4,6.55,delicate,41
SC02-05110,9.65,1.39,delicate,20
SC02-05111,3.98,7.71,delicate,50
SC02-05112,4.0,4.65,delicate,2
SC02-05113,8.4,1.84,synthetic,45
SC02-05114,5.2,6.28,delicate,71
SC02-05115,8.77,4.8,cotton,85
SC02-05116,8.04,2.97,synthetic,85
SC02-05117,8.15,4.63,heavy,33
SC02-05118,8.33,6.08,delicate,70
SC02-05119,3.48,7.88,cotton,1
SC02-05120,1.49,7.7,synthetic,1
SC02-05121,0.47,2.1,synthetic,92
SC02-05122,3.9,5.59,delicate,75
SC02-05123,8.89,6.34,synthetic,82
SC02-05124,2.03,7.33,synthetic,49
SC02-05125,2.93,4.68,cotton,56
SC02-05126,9.79,5.49,synthetic,55
SC02-05127,4.49,0.89,heavy,92
SC02-05128,9.12,5.4,heavy,20
SC02-05129,4.14,5.32,delicate,3
SC02-05130,1.13,6.13,heavy,47
SC02-05131,8.89,1.42,cotton,34
SC02-05132,9.19,2.77,synthetic,16
SC02-05133,6.01,7.54,heavy,61
SC02-05134,2.74,3.07,heavy,71
SC02-05135,9.02,3.51,synthetic,21
SC02-05136,3.01,0.79,cotton,100
SC02-05137,7.78,1.38,synthetic,78
SC02-05138,5.97,7.04,cotton,40
SC02-05139,9.32,6.26,cotton,23
SC02-05140,1.25,0.56,cotton,27
SC02-05141,9.32,5.36,synthetic,56
SC02-05142,7.93,2.44,synthetic,61
SC02-05143,9.01,2.78,synthetic,87
SC02-05144,7.85,3.29,cotton,76
SC02-05145,4.37,1.78,cotton,68
SC02-05146,2.25,0.55,delicate,17
SC02-05147,2.87,5.96,cotton,13
SC02-05148,1.66,6.72,delicate,0
SC02-05149,7.41,3.46,cotton,11
SC02-05150,9.31,1.01,heavy,30
SC02-05151,9.23,5.3,heavy,63
SC02-05152,1.57,6.29,cotton,79
SC02-05153,3.47,2.91,synthetic,70
SC02-05154,3.25,1.86,synthetic,21
SC02-05155,6.81,3.1,synthetic,12
SC02-05156,4.06,7.83,synthetic,62
SC02-05157,3.68,1.13,delicate,7
SC02-05158,3.36,0.89,delicate,46
SC02-05159,3.09,1.2,heavy,58
SC02-05160,3.07,4.04,synthetic,81
SC02-05161,2.15,6.29,synthetic,56
SC02-05162,8.74,5.99,synthetic,14
SC02-05163,8.33,6.83,delicate,45
SC02-05164,5.81,5.77,heavy,25
SC02-05165,2.6,6.86,cotton,4
SC02-05166,3.33,4.16,delicate,28
SC02-05167,1.95,4.47,heavy,10
SC02-05168,8.74,1.01,cotton,30
SC02-05169,8.25,4.41,cotton,54
SC02-05170,9.36,4.35,cotton,71
SC02-05171,0.68,6.46,heavy,69
SC02-05172,4.75,0.57,heavy,23
SC02-05173,3.16,0.97,cotton,15
SC02-05174,4.45,2.79,synthetic,84
SC02-05175,2.13,2.96,cotton,61
SC02-05176,8.12,6.38,delicate,12
SC02-05177,5.12,6.98,synthetic,54
SC02-05178,6.86,1.91,synthetic,48
SC02-05179,4.97,6.01,heavy,95
SC02-05180,3.79,1.72,heavy,75
SC02-05181,9.32,7.9,cotton,26
SC02-05182,8.14,1.52,synthetic,48
SC02-05183,6.29,3.73,synthetic,6
SC02-05184,6.1,4.81,delicate,88
SC02-05185,0.37,0.86,synthetic,61
SC02-05186,2.28,0.63,cotton,87
SC02-05187,7.09,1.73,delicate,69
SC02-05188,5.94,5.48,synthetic,36
SC02-05189,1.7,2.71,synthetic,94
SC02-05190,9.38,6.32,synthetic,79
SC02-05191,7.51,7.26,heavy,74
SC02-05192,3.71,1.78,synthetic,99
SC02-05193,8.9,2.96,synthetic,96
SC02-05194,5.2,7.59,delicate,75
SC02-05195,0.51,1.58,heavy,95
SC02-05196,5.84,5.98,delicate,17
SC02-05197,2.99,4.55,heavy,10
SC02-05198,4.62,7.45,synthetic,33
SC02-05199,9.25,6.58,synthetic,26
SC02-05200,4.25,6.2,cotton,66
SC02-05201,9.95,7.87,delicate,10
SC02-05202,1.82,2.13,delicate,26
SC02-05203,5.28,3.06,heavy,68
SC02-05204,1.14,1.11,cotton,78
SC02-05205,9.86,4.19,delicate,35
SC02-05206,9.45,3.02,delicate,2
SC02-05207,7.38,5.13,cotton,13
SC02-05208,4.45,4.83,synthetic,40
SC02-05209,1.48,6.96,heavy,74
SC02-05210,2.08,6.67,synthetic,11
SC02-05211,6.28,5.43,delicate,96
SC02-05212,7.22,7.71,delicate,98
SC02-05213,8.36,2.89,cotton,86
SC02-05214,3.95,6.1,delicate,15
SC02-05215,5.76,6.4,delicate,1
SC02-05216,2.49,6.93,cotton,73
SC02-05217,9.85,2.81,synthetic,44
SC02-05218,1.21,5.93,delicate,73
SC02-05219,0.59,4.48,delicate,64
SC02-05220,7.17,0.82,synthetic,7
SC02-05221,8.79,2.75,heavy,26
SC02-05222,4.0,7.29,heavy,26
SC02-05223,3.79,3.52,heavy,10
SC02-05224,2.17,3.12,heavy,72
SC02-05225,2.45,3.15,delicate,90
SC02-05226,0.07,3.0,synthetic,96
SC02-05227,8.42,3.73,synthetic,81
SC02-05228,9.56,3.88,cotton,11
SC02-05229,6.51,6.96,heavy,30
SC02-05230,5.85,4.76,synthetic,44
SC02-05231,7.9,1.37,heavy,37
SC02-05232,2.46,7.67,delicate,84
SC02-05233,1.34,4.31,cotton,60
SC02-05234,4.86,3.93,cotton,69
SC02-05235,5.95,7.98,heavy,52
SC02-05236,0.05,7.36,synthetic,22
SC02-05237,5.21,3.33,synthetic,32
SC02-05238,0.69,5.79,heavy,9
SC02-05239,0.35,1.29,heavy,41
SC02-05240,6.35,2.04,synthetic,52
SC02-05241,8.28,0.82,synthetic,15
SC02-05242,0.37,5.52,delicate,17
SC02-05243,4.9,2.1,synthetic,18
SC02-05244,4.87,2.06,cotton,65
SC02-05245,8.72,2.47,synthetic,86
SC02-05246,2.71,1.37,cotton,75
SC02-05247,3.17,2.09,delicate,73
SC02-05248,4.12,6.48,heavy,63
SC02-05249,4.02,5.71,delicate,72
SC02-05250,1.74,4.29,synthetic,78
SC02-05251,5.09,6.24,synthetic,96
SC02-05252,9.61,1.34,cotton,98
SC02-05253,3.29,6.11,heavy,17
SC02-05254,8.46,1.42,synthetic,25
SC02-05255,0.21,7.76,delicate,100
SC02-05256,1.06,3.38,synthetic,99
SC02-05257,7.21,6.72,cotton,39
SC02-05258,9.47,4.93,delicate,64
SC02-05259,4.93,4.61,heavy,83
SC02-05260,7.47,7.71,cotton,93
SC02-05261,2.34,3.54,heavy,57
SC02-05262,0.14,2.38,cotton,91
SC02-05263,0.08,0.59,delicate,44
SC02-05264,1.93,6.69,heavy,2
SC02-05265,1.86,1.46,cotton,44
SC02-05266,2.65,1.75,delicate,33
SC02-05267,0.68,6.86,cotton,10
SC02-05268,6.11,5.93,synthetic,57
SC02-05269,4.62,0.55,synthetic,8
SC02-05270,0.2,5.8,heavy,88
SC02-05271,5.92,5.78,delicate,72
SC02-05272,2.15,2.53,cotton,70
SC02-05273,6.43,0.95,heavy,91
SC02-05274,6.16,1.24,cotton,18
SC02-05275,7.51,4.58,heavy,3
SC02-05276,5.87,6.02,heavy,19
SC02-05277,7.44,7.87,heavy,26
SC02-05278,1.83,3.3,heavy,38
SC02-05279,7.93,1.89,delicate,33
SC02-05280,8.32,5.7,cotton,22
SC02-05281,4.19,1.31,delicate,4
SC02-05282,1.92,3.37,heavy,12
SC02-05283,6.88,2.11,heavy,1
SC02-05284,1.49,3.5,cotton,7
SC02-05285,9.34,1.64,delicate,4
SC02-05286,5.95,6.35,cotton,50
SC02-05287,8.93,3.61,cotton,8
SC02-05288,5.71,1.97,delicate,1
SC02-05289,3.39,4.07,synthetic,3
SC02-05290,0.6,4.21,cotton,42
SC02-05291,9.55,4.72,delicate,3
SC02-05292,7.99,2.12,heavy,11
SC02-05293,1.9,6.34,heavy,21
SC02-05294,1.6,1.32,heavy,72
SC02-05295,0.41,4.32,delicate,83
SC02-05296,3.9,1.57,delicate,3
SC02-05297,8.04,2.4,synthetic,95
SC02-05298,4.08,1.34,heavy,14
SC02-05299,5.69,4.6,delicate,60
SC02-05300,8.34,3.91,synthetic,31
SC02-05301,4.07,7.87,cotton,28
SC02-05302,7.6,2.7,cotton,23
SC02-05303,3.61,1.2,heavy,1
SC02-05304,1.44,1.86,synthetic,96
SC02-05305,0.82,7.66,delicate,74
SC02-05306,2.72,6.06,heavy,60
SC02-05307,8.83,3.32,delicate,26
SC02-05308,6.74,3.65,synthetic,40
SC02-05309,0.94,7.42,heavy,52
SC02-05310,0.79,3.99,synthetic,92
SC02-05311,5.57,7.78,cotton,34
SC02-05312,9.48,6.7,synthetic,74
SC02-05313,5.4,1.34,delicate,16
SC02-05314,1.06,4.81,delicate,40
SC02-05315,9.55,4.53,delicate,21
SC02-05316,8.05,4.55,heavy,96
SC02-05317,7.03,5.99,heavy,32
SC02-05318,4.79,3.71,heavy,16
SC02-05319,2.14,3.35,delicate,1
SC02-05320,5.0,2.52,heavy,33
SC02-05321,0.24,6.12,heavy,84
SC02-05322,5.57,1.16,delicate,73
SC02-05323,0.33,2.69,cotton,10
SC02-05324,4.37,0.83,heavy,73
SC02-05325,7.37,6.23,cotton,50
SC02-05326,6.08,5.98,cotton,25
SC02-05327,7.85,7.85,synthetic,69
SC02-05328,2.69,3.78,heavy,5
SC02-05329,5.04,1.38,heavy,40
SC02-05330,2.74,1.91,delicate,21
SC02-05331,0.66,1.75,heavy,87
SC02-05332,9.39,1.61,delicate,45
SC02-05333,9.03,0.51,cotton,97
SC02-05334,2.18,0.96,delicate,70
SC02-05335,5.19,2.37,synthetic,95
SC02-05336,7.14,3.52,cotton,75
SC02-05337,1.11,0.54,delicate,15
SC02-05338,2.52,3.55,delicate,2
SC02-05339,5.8,6.92,delicate,49
SC02-05340,5.68,6.06,cotton,30
SC02-05341,1.39,4.21,heavy,94
SC02-05342,8.32,5.55,heavy,94
SC02-05343,7.16,0.84,delicate,69
SC02-05344,7.95,3.03,delicate,70
SC02-05345,4.25,8.0,heavy,31
SC02-05346,0.41,0.67,synthetic,87
SC02-05347,2.19,3.76,delicate,92
SC02-05348,8.35,7.65,delicate,12
SC02-05349,5.23,1.14,delicate,84
SC02-05350,6.04,5.34,synthetic,42
SC02-05351,5.01,6.19,synthetic,19
SC02-05352,9.73,1.92,synthetic,85
SC02-05353,0.12,3.22,synthetic,97
SC02-05354,2.39,3.6,delicate,57
SC02-05355,3.22,7.58,synthetic,36
SC02-05356,5.82,5.78,heavy,55
SC02-05357,4.42,5.87,delicate,7
SC02-05358,5.51,2.5,delicate,17
SC02-05359,7.06,4.54,delicate,88
SC02-05360,5.07,7.4,cotton,65
SC02-05361,4.47,7.42,synthetic,0
SC02-05362,1.49,7.18,cotton,4
SC02-05363,5.31,4.26,delicate,63
SC02-05364,2.62,2.94,cotton,59
SC02-05365,2.27,7.35,cotton,52
SC02-05366,3.12,7.63,cotton,44
SC02-05367,9.96,0.63,synthetic,11
SC02-05368,1.59,1.21,cotton,70
SC02-05369,7.01,1.3,delicate,87
SC02-05370,4.19,1.02,cotton,100
SC02-05371,6.32,2.96,delicate,36
SC02-05372,6.66,7.19,delicate,4
SC02-05373,0.61,5.01,cotton,7
SC02-05374,2.65,3.56,delicate,10
SC02-05375,1.28,2.32,cotton,58
SC02-05376,0.87,1.17,cotton,25
SC02-05377,9.84,1.45,heavy,8
SC02-05378,3.51,1.44,synthetic,68
SC02-05379,7.15,0.59,heavy,55
SC02-05380,7.51,2.18,synthetic,39
SC02-05381,3.82,0.85,synthetic,83
SC02-05382,1.78,1.58,heavy,53
SC02-05383,9.88,6.89,synthetic,49
SC02-05384,8.25,0.69,delicate,42
SC02-05385,2.37,3.24,cotton,93
SC02-05386,3.09,6.84,synthetic,30
SC02-05387,3.5,7.71,delicate,62
SC02-05388,9.99,4.51,cotton,40
SC02-05389,7.57,6.12,cotton,58
SC02-05390,6.68,1.87,heavy,0
SC02-05391,5.09,6.85,heavy,44
SC02-05392,9.32,6.37,cotton,16
SC02-05393,2.76,1.07,heavy,52
SC02-05394,8.52,3.81,synthetic,79
SC02-05395,2.93,4.0,delicate,84
SC02-05396,1.6,0.95,cotton,46
SC02-05397,0.15,3.6,delicate,65
SC02-05398,3.03,4.74,synthetic,18
SC02-05399,1.26,2.85,synthetic,26
SC02-05400,3.08,2.8,heavy,94
SC02-05401,7.54,4.61,delicate,19
SC02-05402,0.87,6.43,heavy,32
SC02-05403,6.05,6.13,cotton,45
SC02-05404,2.57,6.39,delicate,51
SC02-05405,6.6,2.57,synthetic,82
SC02-05406,8.18,6.25,delicate,85
SC02-05407,7.1,4.2,cotton,69
SC02-05408,5.5,4.48,heavy,31
SC02-05409,0.03,5.52,cotton,39
SC02-05410,2.25,5.58,synthetic,64
SC02-05411,8.74,4.27,cotton,92
SC02-05412,0.65,4.38,heavy,68
SC02-05413,0.23,3.54,synthetic,99
SC02-05414,0.18,6.85,delicate,5
SC02-05415,1.82,1.71,synthetic,39
SC02-05416,1.96,6.12,delicate,92
SC02-05417,1.86,6.97,delicate,90
SC02-05418,4.01,2.83,heavy,0
SC02-05419,8.24,2.3,cotton,12
SC02-05420,7.14,5.31,heavy,6
SC02-05421,9.87,2.02,delicate,89
SC02-05422,2.02,4.96,delicate,10
SC02-05423,0.89,2.57,delicate,26
SC02-05424,2.98,7.53,delicate,30
SC02-05425,1.07,5.67,delicate,75
SC02-05426,8.23,6.21,heavy,5
SC02-05427,7.81,1.29,heavy,19
SC02-05428,7.61,7.55,delicate,92
SC02-05429,5.07,1.24,synthetic,81
SC02-05430,4.67,4.43,synthetic,1
SC02-05431,6.29,1.08,heavy,43
SC02-05432,2.23,4.48,delicate,2
SC02-05433,4.73,1.75,heavy,66
SC02-05434,7.45,4.04,heavy,76
SC02-05435,7.6,5.86,heavy,14
SC02-05436,9.45,1.29,delicate,70
SC02-05437,6.9,1.33,heavy,19
SC02-05438,1.3,2.02,heavy,32
SC02-05439,4.81,6.31,cotton,62
SC02-05440,3.39,2.2,heavy,53
SC02-05441,5.6,1.3,delicate,23
SC02-05442,7.98,4.6,synthetic,100
SC02-05443,3.52,7.0,delicate,1
SC02-05444,1.7,2.43,synthetic,24
SC02-05445,7.98,1.51,heavy,23
SC02-05446,1.62,6.68,heavy,74
SC02-05447,0.38,7.95,heavy,70
SC02-05448,3.52,3.92,heavy,85
SC02-05449,4.72,3.42,heavy,87
SC02-05450,6.83,1.0,delicate,31
SC02-05451,5.78,7.87,synthetic,89
SC02-05452,7.49,7.08,cotton,11
SC02-05453,3.22,6.02,heavy,38
SC02-05454,8.23,3.41,delicate,61
SC02-05455,9.28,2.13,synthetic,5
SC02-05456,9.79,7.66,synthetic,100
SC02-05457,1.57,6.86,delicate,79
SC02-05458,5.38,2.17,cotton,36
SC02-05459,5.42,2.7,delicate,28
SC02-05460,0.24,2.76,delicate,94
SC02-05461,4.25,6.57,delicate,1
SC02-05462,3.16,2.21,cotton,12
SC02-05463,3.68,1.03,heavy,92
SC02-05464,3.65,6.56,heavy,89
SC02-05465,2.91,5.85,cotton,29
SC02-05466,6.68,7.52,synthetic,29
SC02-05467,3.1,1.18,delicate,41
SC02-05468,0.17,1.39,synthetic,63
SC02-05469,4.21,6.27,cotton,62
SC02-05470,5.06,6.56,heavy,15
SC02-05471,3.2,2.35,synthetic,41
SC02-05472,7.44,7.36,delicate,17
SC02-05473,5.46,1.07,heavy,63
SC02-05474,3.3,1.24,cotton,75
SC02-05475,3.72,4.72,delicate,43
SC02-05476,3.62,1.66,delicate,97
SC02-05477,6.71,4.99,cotton,29
SC02-05478,7.34,0.64,synthetic,100
SC02-05479,2.93,6.19,synthetic,98
SC02-05480,2.8,6.3,heavy,18
SC02-05481,0.37,0.98,delicate,3
SC02-05482,4.61,0.96,heavy,15
SC02-05483,3.62,6.54,heavy,68
SC02-05484,9.95,6.14,heavy,85
SC02-05485,7.23,2.12,heavy,40
SC02-05486,3.07,2.21,delicate,99
SC02-05487,1.86,3.82,delicate,38
SC02-05488,5.03,2.93,heavy,85
SC02-05489,1.81,0.87,cotton,42
SC02-05490,2.6,6.14,heavy,18
SC02-05491,8.94,1.89,synthetic,5
SC02-05492,4.49,3.71,cotton,1
SC02-05493,4.45,7.19,cotton,18
SC02-05494,4.78,1.01,cotton,43
SC02-05495,2.08,4.61,heavy,60
SC02-05496,4.18,1.54,cotton,27
SC02-05497,8.93,3.73,heavy,77
SC02-05498,0.52,7.22,delicate,33
SC02-05499,5.17,7.52,heavy,75
SC02-05500,6.79,1.82,synthetic,99
SC02-05501,3.71,2.26,delicate,44
SC02-05502,7.88,5.65,cotton,60
SC02-05503,2.0,3.64,delicate,41
SC02-05504,5.96,3.87,synthetic,99
SC02-05505,0.09,1.94,synthetic,52
SC02-05506,4.5,6.03,heavy,63
SC02-05507,7.11,3.08,cotton,55
SC02-05508,8.51,4.9,delicate,30
SC02-05509,8.31,4.45,cotton,23
SC02-05510,4.77,6.95,cotton,58
SC02-05511,7.29,1.85,cotton,22
SC02-05512,9.44,1.6,delicate,13
SC02-05513,7.62,6.77,synthetic,83
SC02-05514,8.87,3.69,delicate,62
SC02-05515,1.07,1.73,synthetic,20
SC02-05516,6.17,4.57,delicate,36
SC02-05517,2.68,4.64,cotton,4
SC02-05518,3.75,7.55,heavy,74
SC02-05519,0.08,4.88,cotton,23
SC02-05520,0.3,1.85,heavy,72
SC02-05521,7.95,0.6,synthetic,23
SC02-05522,6.79,2.51,delicate,7
SC02-05523,4.22,0.69,delicate,57
SC02-05524,4.65,7.15,delicate,27
SC02-05525,8.06,1.1,cotton,57
SC02-05526,8.87,0.8,synthetic,87
SC02-05527,0.11,0.75,cotton,26
SC02-05528,1.85,6.76,cotton,32
SC02-05529,9.17,3.33,cotton,14
SC02-05530,8.63,3.8,synthetic,100
SC02-05531,4.44,7.84,delicate,69
SC02-05532,2.22,4.72,heavy,96
SC02-05533,9.3,2.45,cotton,44
SC02-05534,6.16,5.1,synthetic,13
SC02-05535,6.99,2.14,cotton,16
SC02-05536,4.62,1.69,heavy,23
SC02-05537,5.41,1.15,delicate,49
SC02-05538,2.22,5.39,synthetic,98
SC02-05539,5.63,3.72,cotton,55
SC02-05540,7.19,3.89,synthetic,21
SC02-05541,4.54,1.75,synthetic,45
SC02-05542,9.77,4.91,synthetic,79
SC02-05543,7.49,4.9,delicate,57
SC02-05544,7.23,4.29,heavy,38
SC02-05545,8.16,3.64,heavy,46
SC02-05546,7.54,6.85,delicate,21
SC02-05547,0.45,0.58,delicate,72
SC02-05548,9.6,6.83,delicate,21
SC02-05549,1.86,1.08,synthetic,99
SC02-05550,8.25,2.74,cotton,79
SC02-05551,0.33,2.44,delicate,74
SC02-05552,2.25,7.24,synthetic,24
SC02-05553,2.47,1.8,cotton,31
SC02-05554,3.58,0.81,synthetic,83
SC02-05555,8.05,3.08,delicate,14
SC02-05556,6.18,5.97,synthetic,36
SC02-05557,3.29,5.88,delicate,28
SC02-05558,8.55,4.86,synthetic,88
SC02-05559,7.83,5.18,cotton,24
SC02-05560,8.75,2.71,cotton,50
SC02-05561,9.19,4.94,cotton,0
SC02-05562,8.12,0.7,cotton,15
SC02-05563,1.26,7.74,synthetic,96
SC02-05564,2.7,1.71,delicate,56
SC02-05565,7.8,6.14,heavy,40
SC02-05566,9.08,5.09,cotton,7
SC02-05567,1.18,2.32,heavy,51
SC02-05568,1.98,4.11,synthetic,75
SC02-05569,3.72,1.7,delicate,49
SC02-05570,1.82,6.31,synthetic,82
SC02-05571,0.93,2.02,heavy,43
SC02-05572,6.22,6.48,cotton,23
SC02-05573,3.96,1.07,cotton,12
SC02-05574,4.82,2.24,heavy,16
SC02-05575,9.44,6.91,synthetic,60
SC02-05576,3.19,5.51,heavy,32
SC02-05577,3.83,7.23,cotton,89
SC02-05578,0.25,5.16,delicate,57
SC02-05579,8.09,2.21,delicate,73
SC02-05580,5.93,5.45,synthetic,40
SC02-05581,8.75,2.53,cotton,21
SC02-05582,7.05,0.97,cotton,42
SC02-05583,3.55,2.88,synthetic,26
SC02-05584,7.2,1.55,delicate,38
SC02-05585,2.38,6.81,heavy,62
SC02-05586,9.17,3.96,cotton,33
SC02-05587,4.66,7.8,synthetic,88
SC02-05588,7.41,6.95,cotton,11
SC02-05589,5.02,2.27,synthetic,80
SC02-05590,7.98,2.91,delicate,75
SC02-05591,1.8,7.46,delicate,38
SC02-05592,7.72,4.12,delicate,55
SC02-05593,4.93,3.37,cotton,26
SC02-05594,8.81,6.18,heavy,45
SC02-05595,0.95,7.04,delicate,21
SC02-05596,3.4,5.87,synthetic,55
SC02-05597,2.75,7.13,synthetic,81
SC02-05598,5.03,6.38,cotton,94
SC02-05599,5.41,7.79,synthetic,89
SC02-05600,4.37,6.45,cotton,51
SC02-05601,7.89,0.63,synthetic,50
SC02-05602,4.82,5.44,cotton,46
SC02-05603,3.05,2.13,synthetic,94
SC02-05604,3.73,6.39,heavy,21
SC02-05605,5.55,1.79,synthetic,1
SC02-05606,7.55,4.5,synthetic,93
SC02-05607,7.96,7.5,heavy,21
SC02-05608,7.57,7.92,heavy,22
SC02-05609,5.52,1.92,synthetic,23
SC02-05610,6.46,1.18,cotton,20
SC02-05611,2.46,2.55,synthetic,72
SC02-05612,5.73,4.96,delicate,77
SC02-05613,7.02,3.63,cotton,88
SC02-05614,4.43,1.51,heavy,0
SC02-05615,2.62,6.73,synthetic,6
SC02-05616,9.63,3.21,cotton,23
SC02-05617,0.67,6.77,delicate,2
SC02-05618,7.17,5.11,delicate,94
SC02-05619,7.6,4.81,cotton,47
SC02-05620,7.63,4.54,cotton,17
SC02-05621,1.6,6.77,delicate,11
SC02-05622,9.5,2.17,delicate,88
SC02-05623,0.47,7.74,cotton,59
SC02-05624,4.86,0.78,heavy,35
SC02-05625,4.0,7.43,heavy,7
SC02-05626,4.74,3.77,cotton,50
SC02-05627,2.81,5.82,synthetic,1
SC02-05628,0.15,2.94,heavy,22
SC02-05629,2.0,3.68,heavy,54
SC02-05630,6.59,6.93,delicate,26
SC02-05631,9.83,7.15,heavy,14
SC02-05632,0.12,7.53,synthetic,36
SC02-05633,7.13,7.74,synthetic,17
SC02-05634,9.39,5.87,heavy,44
SC02-05635,2.76,6.63,delicate,95
SC02-05636,1.97,1.84,heavy,84
SC02-05637,8.95,4.43,heavy,53
SC02-05638,8.94,6.14,heavy,88
SC02-05639,2.08,2.38,synthetic,23
SC02-05640,6.24,0.84,synthetic,54
SC02-05641,8.09,4.05,synthetic,12
SC02-05642,5.12,3.81,delicate,63
SC02-05643,6.2,4.73,cotton,38
SC02-05644,6.97,0.81,cotton,36
SC02-05645,5.6,3.84,synthetic,98
SC02-05646,2.67,6.26,cotton,28
SC02-05647,2.69,3.71,synthetic,25
SC02-05648,5.01,3.42,synthetic,57
SC02-05649,5.7,7.98,cotton,45
SC02-05650,8.74,6.3,synthetic,95
SC02-05651,2.25,6.82,cotton,53
SC02-05652,5.59,0.81,heavy,22
SC02-05653,1.98,3.75,synthetic,8
SC02-05654,6.53,7.84,delicate,76
SC02-05655,3.39,4.26,synthetic,80
SC02-05656,8.86,4.11,synthetic,22
SC02-05657,0.91,5.95,cotton,41
SC02-05658,7.8,5.03,delicate,74
SC02-05659,7.81,4.08,delicate,33
SC02-05660,6.72,0.87,heavy,82
SC02-05661,6.35,6.03,synthetic,28
SC02-05662,4.56,7.67,synthetic,35
SC02-05663,2.12,0.88,heavy,10
SC02-05664,5.42,3.89,synthetic,53
SC02-05665,2.56,3.61,heavy,16
SC02-05666,6.79,3.41,cotton,51
SC02-05667,5.53,6.57,delicate,47
SC02-05668,6.59,7.12,delicate,66
SC02-05669,3.73,4.38,delicate,7
SC02-05670,1.49,4.07,cotton,73
SC02-05671,8.43,0.58,synthetic,42
SC02-05672,0.41,3.91,heavy,2
SC02-05673,2.9,2.27,heavy,96
SC02-05674,8.82,0.75,delicate,29
SC02-05675,7.06,3.83,heavy,75
SC02-05676,5.09,2.08,heavy,61
SC02-05677,6.45,5.49,delicate,51
SC02-05678,4.71,6.44,delicate,70
SC02-05679,9.33,1.87,cotton,53
SC02-05680,4.1,6.93,synthetic,99
SC02-05681,0.81,0.62,heavy,65
SC02-05682,6.47,3.73,cotton,64
SC02-05683,7.6,5.57,delicate,49
SC02-05684,4.71,2.04,heavy,26
SC02-05685,3.05,6.6,heavy,51
SC02-05686,0.24,6.83,synthetic,2
SC02-05687,8.44,5.28,cotton,17
SC02-05688,8.28,5.71,delicate,33
SC02-05689,6.48,4.71,delicate,69
SC02-05690,8.64,5.62,heavy,3
SC02-05691,4.07,2.04,delicate,97
SC02-05692,0.7,6.22,delicate,60
SC02-05693,1.92,6.57,cotton,98
SC02-05694,8.37,6.79,delicate,86
SC02-05695,9.95,6.62,cotton,62
SC02-05696,1.2,1.65,synthetic,98
SC02-05697,2.04,6.53,heavy,11
SC02-05698,4.58,7.36,delicate,68
SC02-05699,4.23,6.73,synthetic,21
SC02-05700,4.05,2.69,delicate,26
SC02-05701,7.18,4.94,cotton,11
SC02-05702,6.75,2.28,synthetic,38
SC02-05703,6.87,5.3,delicate,14
SC02-05704,2.82,6.31,heavy,57
SC02-05705,0.27,3.35,cotton,8
SC02-05706,6.17,6.65,heavy,24
SC02-05707,0.02,2.44,cotton,34
SC02-05708,2.32,7.34,synthetic,84
SC02-05709,7.86,6.59,cotton,100
SC02-05710,8.72,5.59,delicate,59
SC02-05711,7.25,1.34,heavy,64
SC02-05712,8.6,0.54,heavy,82
SC02-05713,2.71,2.16,delicate,43
SC02-05714,8.83,4.46,delicate,13
SC02-05715,3.8,6.88,cotton,83
SC02-05716,5.11,2.96,cotton,57
SC02-05717,7.75,1.36,delicate,76
SC02-05718,9.77,3.59,synthetic,5
SC02-05719,4.46,0.86,delicate,65
SC02-05720,6.29,0.74,delicate,58
SC02-05721,1.59,1.63,cotton,76
SC02-05722,9.46,4.63,synthetic,38
SC02-05723,8.42,2.95,delicate,84
SC02-05724,8.51,3.93,synthetic,72
SC02-05725,1.84,5.35,synthetic,11
SC02-05726,0.75,4.55,heavy,75
SC02-05727,6.85,5.89,heavy,14
SC02-05728,1.71,4.04,heavy,16
SC02-05729,0.16,0.75,cotton,2
SC02-05730,2.4,1.4,delicate,81
SC02-05731,7.57,1.81,heavy,24
SC02-05732,6.73,7.12,synthetic,34
SC02-05733,2.18,6.52,heavy,80
SC02-05734,6.51,5.31,synthetic,66
SC02-05735,6.8,7.06,delicate,10
SC02-05736,1.79,6.02,synthetic,84
SC02-05737,9.3,1.57,cotton,84
SC02-05738,8.77,2.11,delicate,74
SC02-05739,0.9,7.45,cotton,58
SC02-05740,3.64,0.57,synthetic,72
SC02-05741,4.51,6.67,delicate,31
SC02-05742,6.1,5.37,heavy,0
SC02-05743,1.32,6.16,cotton,48
SC02-05744,3.18,6.83,synthetic,5
SC02-05745,3.52,2.17,heavy,32
SC02-05746,5.01,1.09,heavy,47
SC02-05747,7.79,2.59,delicate,31
SC02-05748,8.74,6.7,synthetic,65
SC02-05749,5.47,1.39,heavy,63
SC02-05750,2.49,3.27,heavy,52
SC02-05751,1.52,1.98,cotton,29
SC02-05752,4.28,3.36,heavy,77
SC02-05753,7.75,7.78,heavy,36
SC02-05754,5.85,1.47,synthetic,72
SC02-05755,8.17,7.76,cotton,17
SC02-05756,7.48,7.63,cotton,77
SC02-05757,5.24,1.88,heavy,72
SC02-05758,6.2,0.58,heavy,50
SC02-05759,0.73,3.9,heavy,22
SC02-05760,1.89,3.09,cotton,75
SC02-05761,9.15,5.02,cotton,27
SC02-05762,3.21,4.65,heavy,51
SC02-05763,5.56,3.98,heavy,57
SC02-05764,6.11,3.29,heavy,1
SC02-05765,3.01,2.35,cotton,6
SC02-05766,5.23,7.0,synthetic,77
SC02-05767,8.13,1.22,cotton,77
SC02-05768,5.28,1.92,delicate,19
SC02-05769,9.91,3.52,delicate,0
SC02-05770,8.97,2.67,delicate,83
SC02-05771,9.79,5.74,heavy,18
SC02-05772,8.4,5.93,delicate,39
SC02-05773,7.41,5.46,delicate,36
SC02-05774,7.31,4.73,cotton,38
SC02-05775,1.18,2.03,heavy,41
SC02-05776,1.52,5.27,heavy,16
SC02-05777,0.33,5.1,heavy,82
SC02-05778,3.27,5.54,synthetic,20
SC02-05779,7.42,5.5,cotton,37
SC02-05780,9.09,2.97,cotton,7
SC02-05781,5.19,2.25,cotton,3
SC02-05782,5.7,4.13,heavy,54
SC02-05783,6.09,6.5,synthetic,71
SC02-05784,9.06,3.51,delicate,83
SC02-05785,9.88,3.28,cotton,0
SC02-05786,0.85,5.44,cotton,80
SC02-05787,9.35,3.86,heavy,52
SC02-05788,1.01,4.45,synthetic,61
SC02-05789,1.53,6.23,synthetic,0
SC02-05790,3.1,6.47,synthetic,62
SC02-05791,2.58,5.83,synthetic,28
SC02-05792,9.64,5.42,heavy,84
SC02-05793,6.19,6.88,delicate,1
SC02-05794,0.52,4.18,cotton,82
SC02-05795,1.7,4.22,synthetic,7
SC02-05796,2.26,1.15,cotton,5
SC02-05797,1.47,3.0,delicate,75
SC02-05798,1.98,4.13,cotton,58
SC02-05799,0.4,2.74,cotton,37
SC02-05800,8.52,2.83,heavy,36
SC02-05801,5.5,0.5,synthetic,63
SC02-05802,4.31,3.83,heavy,16
SC02-05803,7.74,2.86,delicate,0
SC02-05804,6.92,4.03,synthetic,9
SC02-05805,7.77,5.06,heavy,80
SC02-05806,0.34,7.39,synthetic,11
SC02-05807,4.83,2.29,cotton,68
SC02-05808,5.93,1.09,synthetic,49
SC02-05809,1.93,2.42,delicate,71
SC02-05810,7.95,4.32,synthetic,44
SC02-05811,5.45,1.09,delicate,41
SC02-05812,8.95,3.89,synthetic,91
SC02-05813,8.01,3.44,synthetic,31
SC02-05814,6.02,1.38,heavy,6
SC02-05815,6.47,6.66,delicate,6
SC02-05816,2.85,4.91,delicate,91
SC02-05817,3.11,7.2,delicate,69
SC02-05818,2.76,0.64,cotton,77
SC02-05819,9.23,5.84,cotton,22
SC02-05820,0.81,4.55,cotton,75
SC02-05821,3.83,6.27,delicate,30
SC02-05822,5.14,7.37,heavy,87
SC02-05823,9.49,5.21,delicate,84
SC02-05824,4.45,4.55,cotton,50
SC02-05825,3.22,5.06,synthetic,11
SC02-05826,9.71,3.37,heavy,90
SC02-05827,6.0,7.0,cotton,43
SC02-05828,7.21,1.49,delicate,24
SC02-05829,6.05,4.01,synthetic,2
SC02-05830,5.03,4.3,delicate,97
SC02-05831,7.69,3.74,delicate,64
SC02-05832,7.2,5.04,heavy,5
SC02-05833,5.97,0.81,delicate,76
SC02-05834,6.99,1.19,synthetic,28
SC02-05835,0.79,2.0,cotton,49
SC02-05836,3.79,1.22,synthetic,70
SC02-05837,3.39,0.85,cotton,51
SC02-05838,2.41,5.44,delicate,76
SC02-05839,6.56,0.74,heavy,87
SC02-05840,6.72,1.69,delicate,40
SC02-05841,2.26,7.29,delicate,60
SC02-05842,4.77,2.54,synthetic,37
SC02-05843,4.8,5.74,delicate,68
SC02-05844,6.79,5.59,cotton,81
SC02-05845,8.95,1.1,delicate,37
SC02-05846,3.9,1.05,synthetic,93
SC02-05847,2.44,2.54,heavy,49
SC02-05848,9.98,1.49,heavy,23
SC02-05849,2.48,5.77,heavy,0
SC02-05850,3.63,7.82,cotton,95
SC02-05851,3.84,6.05,synthetic,2
SC02-05852,1.3,4.15,heavy,0
SC02-05853,2.16,3.41,heavy,6
SC02-05854,3.31,6.59,heavy,30
SC02-05855,0.42,3.47,heavy,1
SC02-05856,3.71,1.47,delicate,82
SC02-05857,6.33,2.49,delicate,79
SC02-05858,5.45,1.41,cotton,75
SC02-05859,0.44,1.39,cotton,7
SC02-05860,8.05,2.28,delicate,18
SC02-05861,3.65,0.67,synthetic,43
SC02-05862,1.58,2.0,heavy,96
SC02-05863,3.71,4.01,synthetic,29
SC02-05864,8.57,4.81,cotton,50
SC02-05865,0.42,5.17,heavy,5
SC02-05866,1.33,7.75,synthetic,63
SC02-05867,9.34,5.46,synthetic,34
SC02-05868,9.81,4.93,cotton,5
SC02-05869,3.19,6.1,synthetic,88
SC02-05870,2.85,2.97,delicate,15
SC02-05871,5.57,5.23,delicate,91
SC02-05872,5.48,3.42,synthetic,67
SC02-05873,2.11,7.15,synthetic,97
SC02-05874,3.3,7.85,cotton,21
SC02-05875,5.97,5.64,cotton,15
SC02-05876,4.93,4.21,synthetic,89
SC02-05877,4.07,0.59,heavy,13
SC02-05878,8.11,6.8,synthetic,69
SC02-05879,4.23,3.86,synthetic,57
SC02-05880,8.64,1.66,heavy,51
SC02-05881,0.16,1.98,delicate,46
SC02-05882,5.04,0.7,synthetic,25
SC02-05883,6.81,1.01,cotton,86
SC02-05884,7.26,7.63,heavy,63
SC02-05885,8.09,2.87,delicate,44
SC02-05886,5.27,4.79,synthetic,16
SC02-05887,1.79,2.77,cotton,31
SC02-05888,5.91,2.81,synthetic,7
SC02-05889,7.1,7.76,synthetic,27
SC02-05890,0.97,6.59,heavy,74
SC02-05891,0.54,5.92,delicate,73
SC02-05892,9.34,1.1,heavy,55
SC02-05893,9.64,7.53,heavy,74
SC02-05894,2.15,2.98,delicate,70
SC02-05895,2.35,7.11,heavy,33
SC02-05896,6.27,4.7,heavy,70
SC02-05897,9.55,3.31,heavy,6
SC02-05898,7.72,7.78,heavy,60
SC02-05899,8.01,1.17,synthetic,31
SC02-05900,8.56,6.54,delicate,72
SC02-05901,1.86,0.69,synthetic,55
SC02-05902,4.89,2.13,cotton,88
SC02-05903,7.06,5.74,cotton,100
SC02-05904,6.83,2.08,heavy,37
SC02-05905,2.59,1.9,cotton,41
SC02-05906,2.4,1.73,heavy,58
SC02-05907,3.76,6.95,cotton,33
SC02-05908,1.65,4.05,cotton,79
SC02-05909,9.33,1.7,synthetic,83
SC02-05910,1.41,1.52,cotton,2
SC02-05911,5.75,2.39,delicate,8
SC02-05912,4.23,1.92,cotton,66
SC02-05913,2.79,1.54,synthetic,63
SC02-05914,6.6,5.03,cotton,77
SC02-05915,0.09,5.55,synthetic,41
SC02-05916,8.62,2.96,synthetic,88
SC02-05917,3.42,7.23,delicate,56
SC02-05918,3.24,4.76,delicate,25
SC02-05919,5.51,2.16,delicate,0
SC02-05920,7.17,3.45,synthetic,31
SC02-05921,2.13,1.66,heavy,80
SC02-05922,7.25,1.63,cotton,63
SC02-05923,4.49,4.0,cotton,9
SC02-05924,4.14,5.94,delicate,50
SC02-05925,4.02,2.74,heavy,3
SC02-05926,9.26,3.82,cotton,71
SC02-05927,3.62,2.29,delicate,42
SC02-05928,6.14,1.77,synthetic,17
SC02-05929,6.3,1.14,delicate,81
SC02-05930,4.73,5.81,delicate,16
SC02-05931,8.98,2.53,heavy,60
SC02-05932,7.82,3.25,cotton,54
SC02-05933,4.53,1.53,delicate,55
SC02-05934,8.3,0.6,delicate,31
SC02-05935,7.07,1.93,synthetic,81
SC02-05936,8.47,6.57,heavy,33
SC02-05937,9.46,5.97,synthetic,73
SC02-05938,4.48,2.86,heavy,82
SC02-05939,5.86,1.28,cotton,75
SC02-05940,6.99,4.78,heavy,95
SC02-05941,5.74,4.56,synthetic,76
SC02-05942,7.9,2.43,heavy,4
SC02-05943,5.89,5.15,synthetic,40
SC02-05944,0.14,2.62,cotton,18
SC02-05945,8.24,6.31,heavy,37
SC02-05946,2.16,1.49,cotton,75
SC02-05947,2.57,3.36,cotton,12
SC02-05948,1.57,4.61,delicate,84
SC02-05949,8.67,1.28,synthetic,71
SC02-05950,9.33,2.21,delicate,0
SC02-05951,7.0,1.87,heavy,55
SC02-05952,7.41,7.91,cotton,17
SC02-05953,9.1,6.62,synthetic,63
SC02-05954,3.0,6.7,cotton,43
SC02-05955,3.98,3.96,heavy,8
SC02-05956,8.47,6.31,cotton,16
SC02-05957,2.05,4.44,heavy,7
SC02-05958,3.3,4.6,synthetic,8
SC02-05959,3.88,0.87,delicate,93
SC02-05960,2.0,5.93,synthetic,51
SC02-05961,3.06,6.11,synthetic,50
SC02-05962,0.25,5.6,heavy,87
SC02-05963,4.44,2.52,heavy,24
SC02-05964,8.84,4.56,delicate,79
SC02-05965,8.58,3.84,cotton,50
SC02-05966,8.04,0.88,delicate,73
SC02-05967,8.8,3.63,heavy,51
SC02-05968,1.32,1.24,synthetic,45
SC02-05969,9.01,5.99,heavy,35
SC02-05970,3.31,5.49,heavy,41
SC02-05971,3.28,6.19,heavy,45
SC02-05972,1.0,7.75,synthetic,60
SC02-05973,4.31,0.54,delicate,49
SC02-05974,5.24,3.03,heavy,67
SC02-05975,8.56,2.68,delicate,45
SC02-05976,0.71,3.37,synthetic,41
SC02-05977,1.07,1.81,synthetic,38
SC02-05978,2.6,6.27,heavy,37
SC02-05979,0.05,6.51,cotton,25
SC02-05980,5.29,7.34,heavy,2
SC02-05981,5.13,2.25,synthetic,60
SC02-05982,8.67,5.98,heavy,2
SC02-05983,9.58,3.56,delicate,79
SC02-05984,2.98,7.52,cotton,27
SC02-05985,5.13,3.58,cotton,5
SC02-05986,7.97,3.0,delicate,69
SC02-05987,6.11,4.51,delicate,77
SC02-05988,7.77,2.58,delicate,27
SC02-05989,2.69,4.84,heavy,81
SC02-05990,0.66,5.06,heavy,73
SC02-05991,8.78,1.51,synthetic,43
SC02-05992,9.9,4.66,delicate,26
SC02-05993,3.63,5.07,delicate,38
SC02-05994,3.18,0.82,cotton,45
SC02-05995,7.54,3.33,heavy,38
SC02-05996,9.88,7.8,delicate,73
SC02-05997,3.22,5.3,cotton,73
SC02-05998,2.51,0.64,synthetic,74
SC02-05999,8.28,6.21,delicate,17
SC02-06000,6.58,3.74,cotton,91
SC02-06001,6.17,2.53,delicate,29
SC02-06002,9.69,3.15,cotton,42
SC02-06003,5.21,5.08,delicate,59
SC02-06004,1.91,2.84,delicate,29
SC02-06005,0.96,6.08,heavy,60
SC02-06006,2.86,3.78,synthetic,78
SC02-06007,3.65,7.61,synthetic,8
SC02-06008,5.13,3.69,synthetic,87
SC02-06009,5.23,1.69,delicate,64
SC02-06010,5.22,5.93,synthetic,100
SC02-06011,6.41,7.05,synthetic,13
SC02-06012,5.71,1.69,cotton,21
SC02-06013,9.71,3.72,synthetic,92
SC02-06014,5.49,5.87,synthetic,21
SC02-06015,4.59,6.79,synthetic,66
SC02-06016,2.1,6.87,heavy,24
SC02-06017,7.0,3.38,cotton,75
SC02-06018,2.14,7.75,delicate,47
SC02-06019,0.92,6.59,delicate,59
SC02-06020,5.41,1.62,cotton,48
SC02-06021,8.23,6.66,synthetic,53
SC02-06022,6.23,4.95,delicate,53
SC02-06023,9.28,2.27,heavy,92
SC02-06024,1.44,5.4,delicate,57
SC02-06025,6.25,7.59,delicate,19
SC02-06026,8.84,2.21,delicate,4
SC02-06027,7.08,6.47,heavy,40
SC02-06028,8.24,7.05,heavy,7
SC02-06029,6.71,4.64,heavy,57
SC02-06030,5.81,5.77,delicate,80
SC02-06031,7.91,3.66,synthetic,40
SC02-06032,2.03,4.44,delicate,57
SC02-06033,7.49,3.97,delicate,45
SC02-06034,5.83,2.9,delicate,71
SC02-06035,5.81,3.27,heavy,21
SC02-06036,4.05,4.62,synthetic,70
SC02-06037,5.12,3.58,delicate,19
SC02-06038,9.59,5.64,heavy,10
SC02-06039,1.51,4.95,delicate,23
SC02-06040,1.15,5.24,delicate,80
SC02-06041,8.5,6.04,delicate,19
SC02-06042,9.28,5.35,heavy,83
SC02-06043,7.84,1.24,cotton,3
SC02-06044,6.49,4.16,heavy,49
SC02-06045,7.15,6.87,delicate,15
SC02-06046,0.47,4.9,cotton,61
SC02-06047,7.79,4.92,cotton,49
SC02-06048,5.53,7.2,cotton,35
SC02-06049,9.05,4.34,heavy,84
SC02-06050,3.04,7.27,delicate,31
SC02-06051,7.14,0.83,heavy,41
SC02-06052,4.6,5.11,cotton,24
SC02-06053,3.38,5.68,delicate,62
SC02-06054,4.42,6.05,cotton,84
SC02-06055,8.99,2.14,synthetic,42
SC02-06056,3.4,0.82,synthetic,56
SC02-06057,6.76,0.75,cotton,82
SC02-06058,0.94,4.09,cotton,66
SC02-06059,2.74,6.67,synthetic,5
SC02-06060,3.11,7.86,cotton,13
SC02-06061,9.72,2.84,synthetic,61
SC02-06062,9.51,5.39,delicate,96
SC02-06063,1.52,2.2,synthetic,6
SC02-06064,1.98,4.52,heavy,14
SC02-06065,3.24,6.13,delicate,95
SC02-06066,0.37,5.29,heavy,79
SC02-06067,4.46,0.9,cotton,29
SC02-06068,6.39,2.77,synthetic,45
SC02-06069,4.26,2.69,heavy,60
SC02-06070,5.75,2.7,cotton,98
SC02-06071,4.23,6.92,synthetic,2
SC02-06072,0.66,2.13,cotton,78
SC02-06073,3.19,2.14,heavy,64
SC02-06074,6.62,7.01,synthetic,74
SC02-06075,9.45,3.25,cotton,76
SC02-06076,9.1,5.52,heavy,29
SC02-06077,1.04,3.45,cotton,90
SC02-06078,0.38,4.74,delicate,42
SC02-06079,5.59,7.41,synthetic,82
SC02-06080,1.64,6.66,cotton,22
SC02-06081,3.0,3.32,synthetic,8
SC02-06082,5.5,5.2,synthetic,68
SC02-06083,2.47,3.75,heavy,3
SC02-06084,9.47,7.33,synthetic,37
SC02-06085,7.95,6.85,synthetic,49
SC02-06086,1.77,1.42,synthetic,69
SC02-06087,2.83,1.12,heavy,34
SC02-06088,7.41,7.43,delicate,54
SC02-06089,0.64,0.52,delicate,20
SC02-06090,8.98,1.08,delicate,51
SC02-06091,5.65,1.04,synthetic,12
SC02-06092,2.28,6.22,synthetic,85
SC02-06093,4.8,5.74,delicate,90
SC02-06094,5.91,6.63,cotton,88
SC02-06095,4.87,3.87,delicate,94
SC02-06096,9.96,4.94,cotton,68
SC02-06097,4.05,5.48,cotton,25
SC02-06098,7.71,0.72,cotton,54
SC02-06099,9.62,5.26,delicate,73
SC02-06100,7.26,4.89,cotton,14
SC02-06101,5.58,1.91,heavy,57
SC02-06102,4.6,5.0,heavy,53
SC02-06103,4.14,7.64,delicate,17
SC02-06104,9.97,6.1,cotton,35
SC02-06105,1.74,7.63,delicate,17
SC02-06106,7.93,6.79,cotton,87
SC02-06107,6.99,2.15,delicate,9
SC02-06108,9.0,2.07,heavy,54
SC02-06109,5.54,7.18,heavy,45
SC02-06110,6.17,0.62,heavy,57
SC02-06111,6.14,2.96,synthetic,35
SC02-06112,8.14,1.4,synthetic,3
SC02-06113,6.17,2.08,synthetic,8
SC02-06114,4.58,6.89,synthetic,55
SC02-06115,8.82,1.55,heavy,6
SC02-06116,1.1,3.38,heavy,96
SC02-06117,1.28,2.14,synthetic,94
SC02-06118,9.05,3.36,synthetic,45
SC02-06119,5.83,1.68,cotton,62
SC02-06120,6.85,3.32,synthetic,11
SC02-06121,2.99,0.84,cotton,70
SC02-06122,3.23,7.8,synthetic,43
SC02-06123,0.64,5.92,cotton,100
SC02-06124,9.69,6.35,synthetic,70
SC02-06125,3.99,1.56,cotton,73
SC02-06126,0.01,4.02,cotton,29
SC02-06127,0.66,7.44,synthetic,48
SC02-06128,7.31,5.72,synthetic,87
SC02-06129,4.82,4.85,cotton,19
SC02-06130,3.58,1.36,heavy,67
SC02-06131,5.17,4.92,synthetic,27
SC02-06132,0.64,7.06,delicate,37
SC02-06133,0.14,2.92,cotton,56
SC02-06134,4.96,3.77,delicate,65
SC02-06135,1.94,5.74,synthetic,64
SC02-06136,0.52,1.25,heavy,31
SC02-06137,0.86,2.05,delicate,41
SC02-06138,0.92,0.99,cotton,55
SC02-06139,4.81,3.59,delicate,1
SC02-06140,4.86,4.61,heavy,12
SC02-06141,0.45,5.54,synthetic,54
SC02-06142,3.01,2.98,heavy,6
SC02-06143,4.07,4.61,delicate,18
SC02-06144,8.64,6.66,cotton,31
SC02-06145,9.24,5.91,synthetic,33
SC02-06146,1.79,6.07,delicate,51
SC02-06147,0.33,1.89,delicate,23
SC02-06148,9.59,3.74,synthetic,82
SC02-06149,6.91,3.01,delicate,86
SC02-06150,3.26,6.73,cotton,36
SC02-06151,7.41,1.22,cotton,3
SC02-06152,4.04,4.1,delicate,40
SC02-06153,0.75,2.9,cotton,2
SC02-06154,0.95,6.95,heavy,31
SC02-06155,2.06,6.05,cotton,16
SC02-06156,1.36,1.52,delicate,4
SC02-06157,9.91,2.24,cotton,23
SC02-06158,6.65,0.85,heavy,17
SC02-06159,6.55,1.22,delicate,9
SC02-06160,1.14,2.06,synthetic,26
SC02-06161,2.24,1.26,cotton,82
SC02-06162,1.74,1.86,heavy,14
SC02-06163,7.97,1.69,synthetic,42
SC02-06164,8.32,3.59,synthetic,42
SC02-06165,1.26,2.78,heavy,38
SC02-06166,7.73,2.73,heavy,54
SC02-06167,7.93,1.8,heavy,54
SC02-06168,1.93,1.8,delicate,93
SC02-06169,8.1,7.63,cotton,55
SC02-06170,7.5,5.27,heavy,80
SC02-06171,9.05,6.66,synthetic,84
SC02-06172,5.73,5.28,synthetic,22
SC02-06173,6.22,6.73,synthetic,51
SC02-06174,8.35,1.19,cotton,49
SC02-06175,9.82,3.53,synthetic,72
SC02-06176,8.47,2.51,heavy,20
SC02-06177,3.7,2.35,delicate,79
SC02-06178,9.16,3.62,delicate,34
SC02-06179,4.73,7.94,cotton,31
SC02-06180,4.04,4.86,synthetic,20
SC02-06181,2.89,3.81,synthetic,97
SC02-06182,3.94,5.9,cotton,43
SC02-06183,2.08,4.85,heavy,16
SC02-06184,7.62,7.11,synthetic,95
SC02-06185,2.5,2.67,heavy,63
SC02-06186,9.24,1.63,delicate,43
SC02-06187,4.75,1.67,heavy,82
SC02-06188,6.98,3.64,cotton,95
SC02-06189,6.25,7.48,synthetic,34
SC02-06190,2.13,5.45,heavy,70
SC02-06191,3.29,6.12,cotton,85
SC02-06192,5.78,3.6,delicate,50
SC02-06193,7.31,1.6,heavy,75
SC02-06194,6.39,5.12,delicate,53
SC02-06195,0.96,6.95,delicate,12
SC02-06196,3.94,6.36,cotton,88
SC02-06197,4.62,0.72,delicate,63
SC02-06198,8.06,4.05,heavy,7
SC02-06199,4.72,1.75,delicate,12
SC02-06200,2.74,5.1,heavy,70
SC02-06201,9.04,0.64,cotton,49
SC02-06202,7.32,4.8,delicate,16
SC02-06203,9.79,7.84,heavy,100
SC02-06204,1.96,6.26,heavy,50
SC02-06205,1.84,5.32,cotton,95
SC02-06206,5.78,6.74,cotton,49
SC02-06207,8.42,2.72,heavy,26
SC02-06208,9.17,1.93,delicate,58
SC02-06209,1.39,7.48,synthetic,1
SC02-06210,2.15,6.65,synthetic,64
SC02-06211,8.46,1.1,delicate,23
SC02-06212,6.42,5.77,heavy,91
SC02-06213,2.92,3.95,heavy,57
SC02-06214,9.9,0.69,cotton,27
SC02-06215,3.29,5.0,delicate,13
SC02-06216,9.56,1.31,synthetic,100
SC02-06217,7.73,0.71,heavy,99
SC02-06218,7.18,4.76,synthetic,93
SC02-06219,5.85,6.21,delicate,24
SC02-06220,2.26,2.54,synthetic,27
SC02-06221,4.76,5.49,heavy,84
SC02-06222,8.0,7.68,synthetic,68
SC02-06223,7.95,2.61,synthetic,11
SC02-06224,7.28,7.66,heavy,63
SC02-06225,6.0,0.78,synthetic,69
SC02-06226,0.91,3.5,synthetic,74
SC02-06227,6.54,4.93,delicate,98
SC02-06228,0.25,6.86,cotton,4
SC02-06229,1.51,4.71,heavy,53
SC02-06230,9.26,3.53,delicate,95
SC02-06231,9.65,7.07,delicate,31
SC02-06232,2.92,1.41,cotton,33
SC02-06233,5.02,6.07,synthetic,38
SC02-06234,5.54,7.16,delicate,26
SC02-06235,3.19,1.06,delicate,89
SC02-06236,4.78,7.88,delicate,62
SC02-06237,8.37,7.46,delicate,26
SC02-06238,9.21,3.37,delicate,41
SC02-06239,7.87,1.24,delicate,63
SC02-06240,1.16,7.08,delicate,74
SC02-06241,6.82,7.45,delicate,17
SC02-06242,3.03,3.98,delicate,20
SC02-06243,9.71,4.41,delicate,37
SC02-06244,0.92,1.49,heavy,80
SC02-06245,2.99,1.53,heavy,89
SC02-06246,0.75,7.47,cotton,55
SC02-06247,4.76,4.33,heavy,48
SC02-06248,2.95,3.72,delicate,30
SC02-06249,5.54,7.73,delicate,81
SC02-06250,4.99,5.11,delicate,84
SC02-06251,9.86,1.42,synthetic,21
SC02-06252,2.5,1.64,synthetic,36
SC02-06253,8.77,1.07,cotton,10
SC02-06254,9.2,2.13,delicate,52
SC02-06255,5.97,3.75,cotton,49
SC02-06256,0.66,4.61,synthetic,43
SC02-06257,1.67,2.92,heavy,94
SC02-06258,3.12,1.06,cotton,81
SC02-06259,3.63,4.15,delicate,90
SC02-06260,4.67,4.57,synthetic,66
SC02-06261,5.26,7.32,heavy,49
SC02-06262,6.05,4.3,cotton,7
SC02-06263,0.31,1.29,synthetic,55
SC02-06264,4.51,7.54,heavy,26
SC02-06265,3.66,6.34,synthetic,18
SC02-06266,8.52,1.88,delicate,58
SC02-06267,1.56,3.53,synthetic,51
SC02-06268,3.67,2.44,delicate,60
SC02-06269,0.23,0.82,synthetic,83
SC02-06270,9.21,1.33,cotton,0
SC02-06271,9.87,3.34,heavy,23
SC02-06272,2.61,6.41,heavy,99
SC02-06273,8.08,7.08,delicate,81
SC02-06274,9.8,3.59,delicate,86
SC02-06275,2.72,7.79,delicate,62
SC02-06276,1.36,1.56,heavy,52
SC02-06277,1.69,4.26,delicate,15
SC02-06278,3.51,6.45,cotton,17
SC02-06279,2.29,4.64,cotton,22
SC02-06280,5.56,2.63,synthetic,60
SC02-06281,3.27,1.67,cotton,45
SC02-06282,10.0,4.93,synthetic,4
SC02-06283,0.01,1.19,synthetic,57
SC02-06284,6.05,1.37,synthetic,100
SC02-06285,1.02,1.37,cotton,44
SC02-06286,6.67,6.7,synthetic,24
SC02-06287,3.19,6.35,heavy,18
SC02-06288,1.65,5.32,cotton,0
SC02-06289,7.92,3.78,delicate,81
SC02-06290,7.0,5.49,heavy,71
SC02-06291,9.81,4.99,heavy,67
SC02-06292,2.4,1.46,delicate,9
SC02-06293,0.24,2.75,synthetic,91
SC02-06294,9.43,2.32,delicate,78
SC02-06295,3.33,6.19,delicate,83
SC02-06296,2.63,4.02,heavy,58
SC02-06297,2.88,7.13,cotton,70
SC02-06298,0.36,1.14,cotton,2
SC02-06299,3.86,6.17,heavy,71
SC02-06300,6.42,7.76,cotton,59
SC02-06301,5.58,6.3,cotton,12
SC02-06302,2.22,5.45,heavy,32
SC02-06303,9.31,7.28,heavy,76
SC02-06304,5.76,2.89,synthetic,70
SC02-06305,3.23,3.08,heavy,100
SC02-06306,3.72,4.79,delicate,69
SC02-06307,7.6,1.9,delicate,53
SC02-06308,6.03,3.72,delicate,88
SC02-06309,2.98,7.2,heavy,1
SC02-06310,3.77,5.96,heavy,42
SC02-06311,4.2,2.3,heavy,96
SC02-06312,2.73,3.83,delicate,10
SC02-06313,3.99,1.58,heavy,11
SC02-06314,9.26,3.64,delicate,38
SC02-06315,5.88,4.64,cotton,45
SC02-06316,2.2,0.65,synthetic,24
SC02-06317,4.79,3.49,cotton,81
SC02-06318,6.13,3.48,synthetic,38
SC02-06319,4.6,6.78,cotton,41
SC02-06320,8.03,6.59,synthetic,86
SC02-06321,1.84,6.08,synthetic,22
SC02-06322,2.13,4.34,delicate,35
SC02-06323,0.8,5.82,synthetic,14
SC02-06324,7.2,3.07,heavy,76
SC02-06325,1.08,4.51,synthetic,58
SC02-06326,2.82,7.68,delicate,49
SC02-06327,1.74,4.24,heavy,1
SC02-06328,1.62,1.73,heavy,7
SC02-06329,2.39,6.22,cotton,84
SC02-06330,1.44,6.46,synthetic,45
SC02-06331,1.81,2.17,delicate,41
SC02-06332,6.4,7.41,cotton,67
SC02-06333,3.87,0.85,delicate,17
SC02-06334,6.05,3.44,delicate,56
SC02-06335,1.58,4.14,cotton,76
SC02-06336,1.39,1.48,synthetic,11
SC02-06337,4.07,4.56,cotton,15
SC02-06338,3.59,2.31,cotton,51
SC02-06339,3.82,2.07,delicate,50
SC02-06340,2.21,1.45,synthetic,96
SC02-06341,0.33,2.12,cotton,75
SC02-06342,1.57,0.84,synthetic,0
SC02-06343,1.85,0.84,delicate,85
SC02-06344,5.85,1.3,cotton,82
SC02-06345,2.44,3.3,cotton,62
SC02-06346,6.04,1.14,delicate,0
SC02-06347,0.58,0.66,synthetic,55
SC02-06348,0.99,1.6,synthetic,48
SC02-06349,7.16,5.58,heavy,8
SC02-06350,5.14,3.26,synthetic,0
SC02-06351,7.27,4.85,cotton,29
SC02-06352,0.0,6.45,synthetic,93
SC02-06353,8.04,2.13,cotton,10
SC02-06354,9.62,5.38,heavy,59
SC02-06355,9.16,4.51,delicate,36
SC02-06356,3.31,2.67,synthetic,31
SC02-06357,4.44,6.37,delicate,78
SC02-06358,2.96,6.18,cotton,86
SC02-06359,6.14,7.34,delicate,85
SC02-06360,4.51,4.24,heavy,91
SC02-06361,4.28,0.94,cotton,84
SC02-06362,4.71,7.22,heavy,8
SC02-06363,1.25,6.38,cotton,70
SC02-06364,0.87,5.75,synthetic,61
SC02-06365,5.47,3.55,delicate,92
SC02-06366,6.25,1.67,cotton,8
SC02-06367,6.75,3.43,heavy,3
SC02-06368,3.86,6.69,heavy,26
SC02-06369,3.35,1.52,cotton,87
SC02-06370,4.86,4.54,cotton,9
SC02-06371,8.69,3.34,synthetic,82
SC02-06372,5.13,3.61,heavy,10
SC02-06373,0.83,6.84,synthetic,24
SC02-06374,0.22,0.72,cotton,58
SC02-06375,8.3,6.3,cotton,72
SC02-06376,7.52,4.73,cotton,31
SC02-06377,7.03,1.05,cotton,33
SC02-06378,4.37,5.0,heavy,48
SC02-06379,6.13,1.45,heavy,96
SC02-06380,9.64,5.85,delicate,62
SC02-06381,6.59,2.01,heavy,52
SC02-06382,3.42,1.04,synthetic,26
SC02-06383,9.19,1.55,delicate,12
SC02-06384,7.79,5.5,delicate,49
SC02-06385,8.04,1.73,heavy,50
SC02-06386,2.93,3.73,cotton,47
SC02-06387,0.64,1.58,cotton,35
SC02-06388,3.16,3.09,cotton,62
SC02-06389,9.5,3.24,heavy,40
SC02-06390,9.3,3.39,heavy,52
SC02-06391,2.6,3.81,synthetic,75
SC02-06392,4.26,1.74,synthetic,90
SC02-06393,3.68,1.4,synthetic,52
SC02-06394,6.25,2.86,heavy,74
SC02-06395,1.3,4.76,synthetic,49
SC02-06396,5.34,3.0,delicate,18
SC02-06397,8.18,0.91,heavy,98
SC02-06398,1.26,3.85,heavy,91
SC02-06399,4.92,4.98,cotton,94
SC02-06400,3.2,0.66,heavy,74
SC02-06401,7.78,2.43,synthetic,17
SC02-06402,0.73,4.82,synthetic,55
SC02-06403,8.69,5.43,delicate,23
SC02-06404,1.47,1.97,heavy,59
SC02-06405,5.5,6.93,delicate,36
SC02-06406,9.11,7.79,heavy,17
SC02-06407,3.74,6.98,synthetic,89
SC02-06408,6.55,3.94,cotton,29
SC02-06409,6.5,4.47,delicate,37
SC02-06410,4.53,5.6,cotton,99
SC02-06411,2.43,3.84,cotton,88
SC02-06412,0.56,4.76,synthetic,40
SC02-06413,0.64,7.42,heavy,51
SC02-06414,7.66,3.84,heavy,25
SC02-06415,4.07,2.15,cotton,100
SC02-06416,9.8,4.4,cotton,0
SC02-06417,1.13,7.91,cotton,3
SC02-06418,8.22,6.81,synthetic,64
SC02-06419,9.18,1.45,synthetic,98
SC02-06420,9.65,4.57,cotton,96
SC02-06421,2.13,6.87,heavy,2
SC02-06422,9.47,4.32,heavy,63
SC02-06423,7.24,5.29,cotton,48
SC02-06424,0.09,3.02,synthetic,77
SC02-06425,9.17,7.18,cotton,3
SC02-06426,5.62,3.28,heavy,35
SC02-06427,5.68,6.75,delicate,24
SC02-06428,1.46,5.16,delicate,72
SC02-06429,9.31,3.31,delicate,9
SC02-06430,1.08,2.99,heavy,14
SC02-06431,4.75,6.4,delicate,69
SC02-06432,8.78,2.13,delicate,36
SC02-06433,2.55,1.01,synthetic,7
SC02-06434,2.72,0.98,heavy,49
SC02-06435,8.94,3.05,cotton,42
SC02-06436,1.91,5.26,delicate,35
SC02-06437,5.15,2.13,synthetic,58
SC02-06438,3.2,4.29,cotton,5
SC02-06439,6.24,0.59,heavy,66
SC02-06440,9.31,3.36,heavy,14
SC02-06441,4.87,6.62,synthetic,4
SC02-06442,0.91,7.45,delicate,19
SC02-06443,8.89,6.43,delicate,51
SC02-06444,8.97,4.45,cotton,61
SC02-06445,7.02,3.77,delicate,46
SC02-06446,5.16,3.42,heavy,14
SC02-06447,0.85,4.78,heavy,56
SC02-06448,3.56,6.02,cotton,84
SC02-06449,1.99,3.6,heavy,5
SC02-06450,7.19,6.99,synthetic,68
SC02-06451,2.07,1.92,synthetic,82
SC02-06452,5.39,4.91,heavy,41
SC02-06453,4.4,1.62,synthetic,31
SC02-06454,3.65,2.3,cotton,74
SC02-06455,6.56,6.28,cotton,36
SC02-06456,1.59,3.5,cotton,12
SC02-06457,4.68,6.33,heavy,42
SC02-06458,5.6,1.0,synthetic,69
SC02-06459,8.14,7.47,heavy,70
SC02-06460,4.85,7.02,delicate,99
SC02-06461,2.02,1.64,synthetic,26
SC02-06462,1.58,6.69,cotton,61
SC02-06463,7.54,3.72,cotton,32
SC02-06464,3.17,5.28,delicate,21
SC02-06465,3.2,7.06,synthetic,38
SC02-06466,4.26,7.76,delicate,69
SC02-06467,4.67,1.93,delicate,68
SC02-06468,9.16,7.43,cotton,92
SC02-06469,8.42,5.29,cotton,71
SC02-06470,8.65,6.83,heavy,60
SC02-06471,4.69,7.4,delicate,15
SC02-06472,8.79,4.26,cotton,40
SC02-06473,1.28,5.99,heavy,25
SC02-06474,0.01,5.02,delicate,56
SC02-06475,9.07,1.6,delicate,18
SC02-06476,7.16,2.59,cotton,37
SC02-06477,6.75,4.17,delicate,44
SC02-06478,7.39,4.13,heavy,60
SC02-06479,0.94,5.14,heavy,15
SC02-06480,6.78,4.87,heavy,13
SC02-06481,3.76,5.82,heavy,44
SC02-06482,7.72,3.52,heavy,52
SC02-06483,2.96,5.05,heavy,67
SC02-06484,8.55,1.96,synthetic,2
SC02-06485,0.17,5.85,cotton,20
SC02-06486,9.36,6.8,cotton,86
SC02-06487,3.8,5.84,cotton,99
SC02-06488,4.59,2.0,cotton,16
SC02-06489,8.38,4.85,synthetic,31
SC02-06490,9.84,5.78,heavy,2
SC02-06491,3.62,2.63,cotton,53
SC02-06492,0.5,1.36,heavy,100
SC02-06493,6.41,1.36,synthetic,4
SC02-06494,7.45,1.22,delicate,50
SC02-06495,7.09,7.32,heavy,1
SC02-06496,0.31,0.75,heavy,44
SC02-06497,5.61,5.88,synthetic,59
SC02-06498,9.1,4.98,cotton,28
SC02-06499,3.19,4.31,cotton,45
SC02-06500,4.92,1.17,cotton,13
SC02-06501,2.84,3.52,delicate,32
SC02-06502,3.84,7.78,heavy,81
SC02-06503,3.87,2.63,cotton,19
SC02-06504,0.23,2.06,heavy,88
SC02-06505,1.39,5.43,heavy,46
SC02-06506,1.46,4.39,synthetic,50
SC02-06507,5.39,2.48,cotton,92
SC02-06508,4.98,1.46,delicate,5
SC02-06509,8.11,5.67,cotton,2
SC02-06510,5.46,5.48,delicate,38
SC02-06511,6.67,3.33,delicate,40
SC02-06512,0.86,0.68,synthetic,35
SC02-06513,2.08,1.57,delicate,51
SC02-06514,9.54,2.02,delicate,82
SC02-06515,6.96,1.99,cotton,40
SC02-06516,8.99,6.84,cotton,48
SC02-06517,5.98,6.22,cotton,1
SC02-06518,0.89,0.94,delicate,75
SC02-06519,0.52,6.66,cotton,8
SC02-06520,5.53,4.41,delicate,39
SC02-06521,8.54,4.49,delicate,22
SC02-06522,5.27,7.87,cotton,42
SC02-06523,6.99,2.59,synthetic,69
SC02-06524,8.81,5.0,cotton,79
SC02-06525,6.83,5.16,cotton,6
SC02-06526,9.23,5.8,heavy,53
SC02-06527,4.25,2.32,heavy,50
SC02-06528,1.7,7.37,delicate,65
SC02-06529,7.89,1.12,cotton,86
SC02-06530,6.35,4.4,synthetic,97
SC02-06531,5.72,6.35,synthetic,98
SC02-06532,4.58,0.53,synthetic,91
SC02-06533,2.2,7.95,delicate,4
SC02-06534,9.79,5.61,cotton,86
SC02-06535,7.8,2.33,heavy,63
SC02-06536,9.3,5.03,synthetic,17
SC02-06537,0.95,4.88,delicate,95
SC02-06538,3.08,5.5,cotton,60
SC02-06539,9.99,6.0,synthetic,82
SC02-06540,0.29,5.96,heavy,62
SC02-06541,4.27,5.68,delicate,65
SC02-06542,4.95,3.49,cotton,84
SC02-06543,5.31,6.58,cotton,52
SC02-06544,9.27,3.74,synthetic,3
SC02-06545,0.88,5.41,cotton,58
SC02-06546,9.24,1.79,cotton,23
SC02-06547,4.25,3.76,delicate,72
SC02-06548,6.99,1.96,heavy,10
SC02-06549,9.5,7.92,synthetic,21
SC02-06550,1.87,7.38,delicate,59
SC02-06551,2.91,4.88,synthetic,72
SC02-06552,5.35,1.52,synthetic,79
SC02-06553,4.77,3.99,heavy,41
SC02-06554,9.75,6.77,heavy,37
SC02-06555,0.25,6.79,synthetic,94
SC02-06556,5.32,2.88,delicate,90
SC02-06557,9.41,2.68,heavy,13
SC02-06558,8.92,6.36,synthetic,61
SC02-06559,5.51,1.91,delicate,17
SC02-06560,5.9,7.62,synthetic,50
SC02-06561,3.51,1.2,heavy,10
SC02-06562,6.48,6.81,synthetic,67
SC02-06563,4.29,0.92,synthetic,99
SC02-06564,0.44,5.89,cotton,33
SC02-06565,2.7,5.78,cotton,66
SC02-06566,9.48,4.71,heavy,44
SC02-06567,6.39,7.94,cotton,82
SC02-06568,0.17,1.56,cotton,2
SC02-06569,1.23,5.98,cotton,43
SC02-06570,6.34,0.98,heavy,80
SC02-06571,0.36,2.56,delicate,51
SC02-06572,6.62,5.01,cotton,23
SC02-06573,1.62,6.88,heavy,77
SC02-06574,2.11,1.39,delicate,49
SC02-06575,1.68,0.81,heavy,81
SC02-06576,1.96,7.55,synthetic,100
SC02-06577,1.73,3.39,heavy,17
SC02-06578,2.6,6.54,heavy,46
SC02-06579,2.39,7.59,synthetic,3
SC02-06580,6.97,2.95,delicate,82
SC02-06581,7.63,2.79,synthetic,52
SC02-06582,6.78,7.31,synthetic,6
SC02-06583,7.2,4.57,heavy,100
SC02-06584,2.08,5.34,synthetic,47
SC02-06585,2.19,2.98,delicate,35
SC02-06586,3.81,3.72,heavy,45
SC02-06587,9.27,4.36,synthetic,64
SC02-06588,1.98,2.73,cotton,84
SC02-06589,9.4,3.15,heavy,80
SC02-06590,1.6,3.62,heavy,27
SC02-06591,4.34,3.44,synthetic,66
SC02-06592,3.13,1.66,heavy,60
SC02-06593,3.65,4.03,synthetic,31
SC02-06594,1.59,7.13,heavy,98
SC02-06595,8.04,4.71,synthetic,38
SC02-06596,2.44,7.82,heavy,76
SC02-06597,6.91,7.0,delicate,45
SC02-06598,0.24,5.93,synthetic,40
SC02-06599,8.0,3.21,delicate,76
SC02-06600,1.75,2.52,heavy,21
SC02-06601,7.33,0.56,heavy,25
SC02-06602,2.8,7.38,cotton,72
SC02-06603,0.46,4.01,cotton,94
SC02-06604,4.9,1.56,synthetic,34
SC02-06605,6.35,7.42,delicate,30
SC02-06606,5.62,0.71,heavy,17
SC02-06607,3.35,7.95,delicate,45
SC02-06608,0.38,1.49,delicate,38
SC02-06609,9.92,0.67,cotton,71
SC02-06610,0.94,2.07,cotton,8
SC02-06611,1.39,3.98,synthetic,98
SC02-06612,6.84,5.54,cotton,28
SC02-06613,7.51,5.15,synthetic,24
SC02-06614,0.79,5.91,delicate,14
SC02-06615,1.42,5.43,delicate,35
SC02-06616,9.94,1.75,synthetic,23
SC02-06617,8.85,6.63,cotton,70
SC02-06618,4.34,5.57,cotton,85
SC02-06619,3.44,5.69,synthetic,63
SC02-06620,2.23,1.94,synthetic,44
SC02-06621,2.93,7.66,synthetic,80
SC02-06622,7.57,7.83,delicate,74
SC02-06623,2.32,1.2,heavy,85
SC02-06624,9.02,2.78,synthetic,40
SC02-06625,7.56,2.15,heavy,89
SC02-06626,0.31,6.24,cotton,60
SC02-06627,1.86,6.84,heavy,58
SC02-06628,2.0,3.82,heavy,12
SC02-06629,9.98,1.55,delicate,85
SC02-06630,3.17,4.07,heavy,92
SC02-06631,7.22,7.02,cotton,97
SC02-06632,4.25,7.12,cotton,96
SC02-06633,4.24,4.35,delicate,65
SC02-06634,9.76,5.41,heavy,20
SC02-06635,0.14,5.16,delicate,54
SC02-06636,5.71,1.13,heavy,30
SC02-06637,0.2,6.83,synthetic,9
SC02-06638,4.36,4.21,delicate,39
SC02-06639,3.36,5.84,cotton,16
SC02-06640,9.14,5.78,heavy,56
SC02-06641,2.28,6.53,cotton,97
SC02-06642,2.15,6.36,delicate,39
SC02-06643,5.02,6.88,delicate,84
SC02-06644,2.92,1.64,cotton,47
SC02-06645,6.08,2.32,synthetic,46
SC02-06646,0.46,5.6,cotton,100
SC02-06647,7.22,1.3,synthetic,16
SC02-06648,4.71,6.25,heavy,48
SC02-06649,4.67,5.05,delicate,14
SC02-06650,7.18,2.7,delicate,95
SC02-06651,2.85,2.44,delicate,66
SC02-06652,8.51,2.02,synthetic,31
SC02-06653,4.36,5.11,cotton,10
SC02-06654,8.87,5.64,cotton,85
SC02-06655,9.81,4.13,delicate,86
SC02-06656,6.43,2.91,heavy,18
SC02-06657,6.83,1.36,heavy,77
SC02-06658,1.27,7.27,synthetic,8
SC02-06659,9.1,2.1,cotton,65
SC02-06660,1.12,3.71,delicate,95
SC02-06661,0.54,4.28,cotton,79
SC02-06662,1.56,1.23,cotton,50
SC02-06663,5.67,1.07,synthetic,56
SC02-06664,2.18,3.95,heavy,14
SC02-06665,7.73,3.19,heavy,62
SC02-06666,0.01,5.33,synthetic,76
SC02-06667,7.4,6.8,delicate,47
SC02-06668,8.63,0.92,synthetic,40
SC02-06669,0.51,6.57,cotton,0
SC02-06670,1.31,5.35,cotton,71
SC02-06671,4.94,5.1,cotton,95
SC02-06672,9.4,5.28,delicate,21
SC02-06673,5.94,4.27,heavy,97
SC02-06674,3.97,2.28,delicate,34
SC02-06675,0.09,6.36,cotton,34
SC02-06676,4.08,5.67,synthetic,38
SC02-06677,6.25,4.52,cotton,30
SC02-06678,7.89,4.56,delicate,5
SC02-06679,0.76,2.33,cotton,57
SC02-06680,1.73,0.86,synthetic,12
SC02-06681,2.44,2.61,delicate,12
SC02-06682,5.45,1.7,delicate,12
SC02-06683,2.35,5.43,cotton,46
SC02-06684,7.96,1.8,cotton,87
SC02-06685,7.31,7.11,heavy,66
SC02-06686,1.22,6.35,heavy,28
SC02-06687,4.15,0.57,delicate,83
SC02-06688,9.38,4.09,cotton,94
SC02-06689,3.8,0.59,synthetic,82
SC02-06690,4.86,4.12,delicate,5
SC02-06691,0.23,1.47,synthetic,89
SC02-06692,7.17,6.35,heavy,1
SC02-06693,4.57,3.75,synthetic,71
SC02-06694,3.65,6.46,synthetic,13
SC02-06695,1.8,3.94,synthetic,10
SC02-06696,7.65,7.12,delicate,79
SC02-06697,2.65,5.32,synthetic,33
SC02-06698,9.35,3.65,heavy,18
SC02-06699,6.17,3.08,heavy,14
SC02-06700,6.0,3.9,heavy,10
SC02-06701,2.36,3.85,delicate,88
SC02-06702,7.55,4.26,heavy,96
SC02-06703,1.41,3.69,synthetic,51
SC02-06704,1.07,6.07,heavy,99
SC02-06705,4.41,2.14,delicate,47
SC02-06706,3.63,2.06,delicate,25
SC02-06707,5.44,6.89,heavy,95
SC02-06708,2.86,7.95,cotton,93
SC02-06709,1.4,5.66,synthetic,85
SC02-06710,3.81,1.02,synthetic,100
SC02-06711,3.91,3.36,heavy,54
SC02-06712,2.05,2.14,synthetic,87
SC02-06713,1.1,6.54,heavy,99
SC02-06714,0.97,2.74,delicate,47
SC02-06715,1.86,4.34,delicate,76
SC02-06716,3.97,4.49,heavy,26
SC02-06717,8.87,3.62,heavy,3
SC02-06718,8.42,3.41,heavy,68
SC02-06719,9.77,3.41,heavy,2
SC02-06720,2.16,4.63,cotton,0
SC02-06721,0.28,4.56,heavy,87
SC02-06722,6.03,5.31,heavy,93
SC02-06723,2.27,6.82,synthetic,73
SC02-06724,9.76,6.1,cotton,99
SC02-06725,9.55,7.91,delicate,84
SC02-06726,6.44,4.12,delicate,49
SC02-06727,3.3,2.17,delicate,5
SC02-06728,9.08,0.87,cotton,74
SC02-06729,0.94,4.57,cotton,16
SC02-06730,5.14,2.61,delicate,66
SC02-06731,1.93,1.16,delicate,57
SC02-06732,6.97,6.3,heavy,83
SC02-06733,0.53,6.71,synthetic,86
SC02-06734,4.48,5.1,synthetic,73
SC02-06735,4.77,2.64,heavy,79
SC02-06736,6.0,2.87,cotton,13
SC02-06737,4.9,1.33,heavy,42
SC02-06738,9.88,3.17,delicate,70
SC02-06739,6.2,5.47,delicate,55
SC02-06740,0.77,2.08,synthetic,52
SC02-06741,8.62,1.21,heavy,25
SC02-06742,8.29,1.76,heavy,46
SC02-06743,8.33,3.86,cotton,95
SC02-06744,8.67,3.61,heavy,76
SC02-06745,3.05,3.58,heavy,71
SC02-06746,5.07,1.17,cotton,67
SC02-06747,8.53,5.83,delicate,50
SC02-06748,5.3,7.61,delicate,14
SC02-06749,7.64,5.32,delicate,63
SC02-06750,0.77,7.93,synthetic,24
SC02-06751,7.95,5.72,delicate,49
SC02-06752,2.22,7.88,cotton,53
SC02-06753,9.21,6.52,cotton,9
SC02-06754,4.7,6.96,synthetic,34
SC02-06755,5.78,6.16,delicate,39
SC02-06756,6.89,6.76,cotton,60
SC02-06757,6.73,5.01,synthetic,47
SC02-06758,5.16,3.0,cotton,43
SC02-06759,6.95,7.28,cotton,87
SC02-06760,5.98,4.89,delicate,19
SC02-06761,4.82,2.59,cotton,77
SC02-06762,6.32,1.59,synthetic,99
SC02-06763,9.61,3.07,heavy,34
SC02-06764,0.7,5.0,cotton,41
SC02-06765,5.58,7.09,synthetic,63
SC02-06766,8.68,7.24,delicate,90
SC02-06767,9.91,5.8,heavy,4
SC02-06768,1.22,4.56,cotton,73
SC02-06769,5.98,3.19,delicate,26
SC02-06770,7.23,4.66,synthetic,29
SC02-06771,0.94,3.42,delicate,77
SC02-06772,2.42,7.21,heavy,76
SC02-06773,4.0,5.46,synthetic,99
SC02-06774,9.58,0.85,heavy,89
SC02-06775,6.62,3.22,heavy,17
SC02-06776,6.3,7.36,delicate,71
SC02-06777,9.85,5.08,cotton,89
SC02-06778,1.08,4.13,cotton,42
SC02-06779,6.51,6.2,delicate,53
SC02-06780,4.0,0.98,cotton,27
SC02-06781,9.63,4.03,heavy,57
SC02-06782,0.29,5.69,delicate,61
SC02-06783,6.57,5.8,delicate,90
SC02-06784,9.2,2.79,cotton,82
SC02-06785,1.71,6.88,synthetic,12
SC02-06786,6.88,4.44,cotton,7
SC02-06787,4.12,7.34,cotton,93
SC02-06788,2.35,2.85,delicate,12
SC02-06789,8.92,1.25,synthetic,37
SC02-06790,2.68,2.72,synthetic,19
SC02-06791,6.69,5.51,cotton,88
SC02-06792,2.8,6.56,synthetic,0
SC02-06793,6.98,2.81,heavy,44
SC02-06794,7.02,7.53,delicate,85
SC02-06795,7.36,3.69,delicate,43
SC02-06796,4.17,2.55,synthetic,13
SC02-06797,3.09,3.14,delicate,24
SC02-06798,4.67,2.9,cotton,38
SC02-06799,8.39,7.93,delicate,65
SC02-06800,9.09,1.84,delicate,85
SC02-06801,9.02,6.35,delicate,82
SC02-06802,2.0,3.37,synthetic,23
SC02-06803,7.49,4.95,cotton,4
SC02-06804,6.34,1.81,heavy,48
SC02-06805,7.11,3.75,heavy,76
SC02-06806,1.73,1.76,synthetic,29
SC02-06807,2.32,3.38,synthetic,11
SC02-06808,8.35,5.19,cotton,77
SC02-06809,6.77,6.77,cotton,100
SC02-06810,7.94,1.45,cotton,37
SC02-06811,0.02,3.68,cotton,65
SC02-06812,7.45,2.53,cotton,25
SC02-06813,8.06,5.56,cotton,30
SC02-06814,2.57,4.04,delicate,94
SC02-06815,5.27,3.77,synthetic,93
SC02-06816,0.37,3.76,synthetic,36
SC02-06817,1.76,2.37,cotton,49
SC02-06818,9.44,7.59,synthetic,43
SC02-06819,0.21,2.52,synthetic,2
SC02-06820,5.78,3.11,synthetic,77
SC02-06821,2.72,7.89,heavy,80
SC02-06822,8.66,2.37,heavy,77
SC02-06823,8.74,3.66,synthetic,26
SC02-06824,3.23,1.22,heavy,51
SC02-06825,3.28,2.44,delicate,70
SC02-06826,5.23,0.53,synthetic,35
SC02-06827,1.36,4.31,heavy,27
SC02-06828,9.35,7.89,heavy,85
SC02-06829,3.77,7.72,heavy,57
SC02-06830,5.89,5.08,synthetic,58
SC02-06831,0.16,5.76,heavy,89
SC02-06832,8.53,5.32,heavy,74
SC02-06833,0.51,6.85,heavy,10
SC02-06834,0.81,7.73,cotton,67
SC02-06835,2.61,7.64,heavy,13
SC02-06836,3.37,4.1,synthetic,53
SC02-06837,4.32,2.94,synthetic,9
SC02-06838,5.43,4.29,delicate,87
SC02-06839,0.96,4.19,synthetic,33
SC02-06840,5.63,5.92,cotton,26
SC02-06841,2.84,2.06,synthetic,78
SC02-06842,8.88,7.88,synthetic,2
SC02-06843,8.83,7.94,synthetic,41
SC02-06844,7.59,0.62,synthetic,100
SC02-06845,4.09,6.93,cotton,62
SC02-06846,3.43,0.84,synthetic,22
SC02-06847,7.95,3.76,heavy,89
SC02-06848,5.37,1.76,synthetic,57
SC02-06849,1.24,7.69,cotton,42
SC02-06850,0.56,6.97,cotton,68
SC02-06851,3.24,5.79,heavy,54
SC02-06852,7.45,6.17,synthetic,65
SC02-06853,9.93,1.04,heavy,97
SC02-06854,7.56,4.38,synthetic,73
SC02-06855,2.44,6.11,delicate,85
SC02-06856,3.85,2.92,synthetic,28
SC02-06857,0.19,6.8,delicate,98
SC02-06858,0.79,6.23,heavy,70
SC02-06859,5.78,5.01,delicate,78
SC02-06860,6.49,0.51,synthetic,82
SC02-06861,9.21,6.95,cotton,90
SC02-06862,4.9,3.13,heavy,97
SC02-06863,4.75,7.19,heavy,41
SC02-06864,4.15,0.89,cotton,95
SC02-06865,4.22,2.4,synthetic,27
SC02-06866,6.29,2.44,heavy,95
SC02-06867,7.39,2.33,delicate,68
SC02-06868,0.72,7.72,cotton,28
SC02-06869,3.71,5.6,delicate,61
SC02-06870,7.14,6.07,delicate,57
SC02-06871,8.83,6.79,heavy,38
SC02-06872,2.8,3.18,heavy,54
SC02-06873,1.73,3.6,cotton,49
SC02-06874,2.45,3.44,synthetic,89
SC02-06875,0.41,5.11,heavy,63
SC02-06876,2.65,4.22,synthetic,78
SC02-06877,2.73,2.65,cotton,36
SC02-06878,8.39,5.85,cotton,75
SC02-06879,3.54,1.93,heavy,100
SC02-06880,2.54,6.69,delicate,96
SC02-06881,7.84,4.07,heavy,53
SC02-06882,5.58,2.61,synthetic,19
SC02-06883,0.23,7.0,heavy,59
SC02-06884,3.55,2.81,heavy,44
SC02-06885,2.0,1.16,synthetic,96
SC02-06886,4.71,2.06,cotton,7
SC02-06887,6.22,0.94,delicate,82
SC02-06888,7.18,4.78,synthetic,94
SC02-06889,0.33,3.57,heavy,45
SC02-06890,7.26,1.63,synthetic,92
SC02-06891,2.63,2.33,synthetic,83
SC02-06892,6.57,3.24,synthetic,23
SC02-06893,9.14,6.99,cotton,52
SC02-06894,4.3,0.74,delicate,4
SC02-06895,2.6,0.72,delicate,8
SC02-06896,0.6,2.34,synthetic,74
SC02-06897,9.9,5.49,heavy,9
SC02-06898,0.79,5.67,heavy,40
SC02-06899,9.94,1.15,delicate,87
SC02-06900,8.87,4.27,heavy,100
SC02-06901,9.29,3.51,delicate,39
SC02-06902,7.3,4.03,heavy,11
SC02-06903,5.11,6.23,heavy,65
SC02-06904,4.87,0.5,heavy,93
SC02-06905,5.84,3.5,heavy,70
SC02-06906,8.85,5.81,delicate,94
SC02-06907,3.73,1.5,heavy,43
SC02-06908,9.78,4.9,delicate,67
SC02-06909,6.42,1.01,cotton,89
SC02-06910,2.33,2.24,cotton,73
SC02-06911,7.04,4.22,synthetic,2
SC02-06912,3.16,6.79,cotton,79
SC02-06913,5.35,1.81,cotton,8
SC02-06914,2.53,3.16,cotton,11
SC02-06915,5.32,3.32,synthetic,62
SC02-06916,3.08,7.01,cotton,70
SC02-06917,5.91,1.18,heavy,93
SC02-06918,7.41,3.05,synthetic,58
SC02-06919,2.99,2.77,cotton,0
SC02-06920,1.88,5.04,synthetic,13
SC02-06921,0.17,7.23,cotton,92
SC02-06922,2.26,4.28,cotton,45
SC02-06923,9.92,4.53,heavy,52
SC02-06924,3.1,7.0,heavy,61
SC02-06925,3.02,2.03,cotton,46
SC02-06926,0.76,5.56,delicate,18
SC02-06927,3.55,3.3,synthetic,53
SC02-06928,7.72,4.51,delicate,44
SC02-06929,2.1,5.17,synthetic,81
SC02-06930,1.68,1.39,synthetic,43
SC02-06931,8.77,6.55,delicate,73
SC02-06932,5.23,5.79,delicate,21
SC02-06933,9.71,4.66,heavy,42
SC02-06934,3.61,4.39,delicate,48
SC02-06935,4.61,6.18,cotton,27
SC02-06936,5.38,7.57,delicate,75
SC02-06937,2.2,4.49,delicate,70
SC02-06938,8.92,6.24,delicate,25
SC02-06939,9.61,0.99,synthetic,49
SC02-06940,1.89,1.45,cotton,39
SC02-06941,9.15,1.27,synthetic,73
SC02-06942,4.63,6.81,delicate,75
SC02-06943,7.36,1.26,delicate,65
SC02-06944,3.14,4.04,cotton,37
SC02-06945,0.91,1.15,heavy,11
SC02-06946,1.97,1.13,synthetic,46
SC02-06947,1.96,0.9,delicate,41
SC02-06948,2.23,1.92,synthetic,37
SC02-06949,0.1,3.81,delicate,85
SC02-06950,7.12,7.2,heavy,46
SC02-06951,6.14,2.77,synthetic,40
SC02-06952,4.57,6.06,heavy,30
SC02-06953,7.49,2.79,synthetic,15
SC02-06954,7.83,6.06,cotton,76
SC02-06955,5.91,1.56,synthetic,43
SC02-06956,1.53,3.63,delicate,79
SC02-06957,9.17,6.53,delicate,53
SC02-06958,9.72,7.38,heavy,82
SC02-06959,3.81,5.12,delicate,7
SC02-06960,8.95,7.16,cotton,20
SC02-06961,6.64,1.5,delicate,51
SC02-06962,5.36,3.63,cotton,19
SC02-06963,6.87,5.25,heavy,45
SC02-06964,9.28,3.52,heavy,79
SC02-06965,5.68,3.36,cotton,3
SC02-06966,5.29,5.24,heavy,73
SC02-06967,8.0,5.81,delicate,1
SC02-06968,3.45,2.23,synthetic,63
SC02-06969,1.3,1.5,heavy,6
SC02-06970,7.03,1.68,delicate,5
SC02-06971,9.6,5.46,synthetic,71
SC02-06972,3.4,4.2,cotton,32
SC02-06973,8.05,4.67,delicate,18
SC02-06974,6.1,1.16,synthetic,23
SC02-06975,9.01,6.59,synthetic,86
SC02-06976,9.96,7.13,delicate,90
SC02-06977,9.3,7.35,heavy,2
SC02-06978,8.06,0.83,delicate,22
SC02-06979,7.91,6.74,synthetic,1
SC02-06980,4.19,3.19,synthetic,61
SC02-06981,2.63,7.66,heavy,88
SC02-06982,9.8,7.75,delicate,91
SC02-06983,5.8,2.43,delicate,81
SC02-06984,5.03,5.97,synthetic,55
SC02-06985,3.92,5.66,cotton,4
SC02-06986,0.94,3.42,synthetic,55
SC02-06987,8.05,2.15,heavy,67
SC02-06988,5.09,4.33,heavy,44
SC02-06989,4.26,7.87,cotton,9
SC02-06990,2.06,5.44,delicate,53
SC02-06991,6.47,7.14,cotton,75
SC02-06992,0.23,1.16,delicate,93
SC02-06993,8.68,4.67,delicate,35
SC02-06994,4.82,4.92,heavy,10
SC02-06995,7.54,5.12,cotton,65
SC02-06996,0.17,2.97,synthetic,66
SC02-06997,5.87,7.93,synthetic,93
SC02-06998,2.46,1.76,synthetic,39
SC02-06999,0.73,5.83,delicate,33
SC02-07000,4.6,4.73,delicate,46
SC02-07001,2.33,3.8,cotton,75
SC02-07002,3.58,1.2,heavy,60
SC02-07003,2.15,0.92,synthetic,93
SC02-07004,2.21,5.43,heavy,63
SC02-07005,0.08,4.67,heavy,80
SC02-07006,5.29,6.28,synthetic,48
SC02-07007,6.89,1.62,cotton,47
SC02-07008,7.74,7.54,cotton,20
SC02-07009,5.26,1.74,delicate,97
SC02-07010,7.64,4.45,cotton,31
SC02-07011,3.74,0.81,synthetic,54
SC02-07012,5.35,2.74,heavy,62
SC02-07013,9.07,5.29,delicate,78
SC02-07014,9.49,2.59,cotton,61
SC02-07015,9.74,6.01,synthetic,73
SC02-07016,4.75,1.6,cotton,45
SC02-07017,6.36,1.11,heavy,41
SC02-07018,8.97,5.63,synthetic,76
SC02-07019,6.29,7.43,heavy,35
SC02-07020,5.37,3.93,synthetic,11
SC02-07021,9.67,0.98,synthetic,67
SC02-07022,3.86,7.15,cotton,54
SC02-07023,4.44,6.2,delicate,78
SC02-07024,6.19,3.68,synthetic,28
SC02-07025,2.68,3.55,synthetic,9
SC02-07026,7.68,6.34,heavy,39
SC02-07027,8.87,5.09,heavy,67
SC02-07028,5.99,2.28,delicate,6
SC02-07029,5.66,2.05,cotton,7
SC02-07030,8.35,3.47,cotton,4
SC02-07031,0.86,6.02,heavy,83
SC02-07032,6.39,1.79,synthetic,18
SC02-07033,1.26,2.61,cotton,39
SC02-07034,7.72,5.0,heavy,48
SC02-07035,4.1,0.87,synthetic,55
SC02-07036,6.55,0.87,delicate,81
SC02-07037,8.74,7.78,synthetic,1
SC02-07038,7.94,1.97,synthetic,70
SC02-07039,0.05,6.79,synthetic,28
SC02-07040,4.39,2.32,heavy,51
SC02-07041,9.87,4.14,synthetic,41
SC02-07042,2.61,3.63,delicate,44
SC02-07043,2.45,1.66,heavy,5
SC02-07044,6.15,3.78,synthetic,95
SC02-07045,8.25,3.52,cotton,63
SC02-07046,1.36,5.22,cotton,50
SC02-07047,9.25,6.89,synthetic,79
SC02-07048,5.73,1.3,cotton,90
SC02-07049,5.31,7.86,heavy,56
SC02-07050,7.39,7.44,cotton,64
SC02-07051,3.64,0.82,delicate,45
SC02-07052,9.7,5.92,cotton,71
SC02-07053,2.46,0.65,heavy,58
SC02-07054,3.4,2.9,cotton,11
SC02-07055,9.14,3.4,heavy,33
SC02-07056,2.18,5.06,heavy,61
SC02-07057,6.41,2.5,heavy,0
SC02-07058,4.46,5.07,delicate,61
SC02-07059,8.3,1.12,delicate,77
SC02-07060,5.05,3.92,synthetic,47
SC02-07061,0.69,4.79,synthetic,38
SC02-07062,0.96,2.8,cotton,43
SC02-07063,2.06,1.25,synthetic,79
SC02-07064,5.41,4.4,cotton,66
SC02-07065,7.81,3.02,heavy,34
SC02-07066,4.4,3.76,heavy,99
SC02-07067,3.19,7.23,heavy,2
SC02-07068,3.62,2.77,synthetic,83
SC02-07069,7.94,2.08,synthetic,28
SC02-07070,9.84,3.74,heavy,84
SC02-07071,4.93,3.02,heavy,72
SC02-07072,1.75,1.56,delicate,74
SC02-07073,2.66,5.09,delicate,62
SC02-07074,4.05,7.62,cotton,38
SC02-07075,8.65,3.09,synthetic,75
SC02-07076,4.64,1.44,delicate,84
SC02-07077,0.48,1.42,synthetic,82
SC02-07078,2.52,3.91,cotton,98
SC02-07079,2.88,7.71,cotton,84
SC02-07080,0.72,7.21,synthetic,88
SC02-07081,5.37,1.5,synthetic,46
SC02-07082,4.68,4.25,heavy,32
SC02-07083,1.04,3.07,heavy,39
SC02-07084,0.95,4.5,synthetic,59
SC02-07085,2.14,5.49,cotton,30
SC02-07086,8.61,4.52,synthetic,44
SC02-07087,5.53,6.75,synthetic,62
SC02-07088,7.47,2.76,heavy,46
SC02-07089,9.28,1.23,heavy,51
SC02-07090,0.44,6.41,synthetic,80
SC02-07091,6.4,6.33,heavy,21
SC02-07092,2.38,6.06,synthetic,56
SC02-07093,0.02,0.64,delicate,32
SC02-07094,4.0,4.95,heavy,81
SC02-07095,7.16,2.41,heavy,85
SC02-07096,5.9,5.9,cotton,37
SC02-07097,1.24,3.12,synthetic,73
SC02-07098,3.4,0.81,cotton,63
SC02-07099,9.39,3.3,heavy,4
SC02-07100,1.23,0.69,heavy,12
SC02-07101,0.19,3.95,delicate,84
SC02-07102,8.46,6.18,heavy,95
SC02-07103,0.35,3.37,synthetic,73
SC02-07104,0.33,4.57,cotton,67
SC02-07105,3.13,5.6,heavy,90
SC02-07106,1.56,6.12,synthetic,74
SC02-07107,8.1,2.27,heavy,56
SC02-07108,4.02,2.37,cotton,54
SC02-07109,4.87,2.3,synthetic,90
SC02-07110,5.27,3.56,heavy,7
SC02-07111,4.54,1.5,cotton,34
SC02-07112,7.79,7.75,cotton,44
SC02-07113,8.2,6.15,delicate,9
SC02-07114,2.72,0.85,heavy,39
SC02-07115,1.65,5.26,cotton,55
SC02-07116,4.05,5.54,cotton,40
SC02-07117,4.8,6.29,heavy,56
SC02-07118,7.69,7.13,synthetic,66
SC02-07119,9.63,1.97,delicate,85
SC02-07120,0.52,3.92,cotton,46
SC02-07121,7.74,3.78,synthetic,71
SC02-07122,8.14,3.42,delicate,65
SC02-07123,1.74,6.87,cotton,85
SC02-07124,4.15,7.23,heavy,75
SC02-07125,9.46,5.81,delicate,18
SC02-07126,8.86,6.98,heavy,54
SC02-07127,9.39,1.28,cotton,86
SC02-07128,1.28,1.97,cotton,9
SC02-07129,2.64,5.43,synthetic,20
SC02-07130,8.05,1.12,delicate,74
SC02-07131,4.89,5.31,cotton,42
SC02-07132,8.1,6.99,heavy,97
SC02-07133,7.59,3.89,synthetic,80
SC02-07134,6.29,3.33,synthetic,89
SC02-07135,2.15,3.31,synthetic,35
SC02-07136,2.86,1.07,delicate,98
SC02-07137,6.88,5.49,synthetic,10
SC02-07138,2.14,7.41,cotton,65
SC02-07139,9.66,5.65,cotton,7
SC02-07140,2.06,6.69,delicate,88
SC02-07141,5.93,3.83,heavy,65
SC02-07142,3.01,1.25,synthetic,63
SC02-07143,9.39,2.45,cotton,21
SC02-07144,0.28,1.06,cotton,25
SC02-07145,2.43,2.5,delicate,12
SC02-07146,1.11,3.82,cotton,49
SC02-07147,0.11,0.51,heavy,99
SC02-07148,3.95,2.68,heavy,5
SC02-07149,7.32,0.58,heavy,84
SC02-07150,6.65,3.77,cotton,99
SC02-07151,4.65,1.58,synthetic,0
SC02-07152,4.83,5.41,delicate,81
SC02-07153,4.16,7.69,heavy,18
SC02-07154,0.42,4.59,heavy,71
SC02-07155,0.49,2.75,heavy,73
SC02-07156,2.22,2.2,cotton,49
SC02-07157,8.45,5.41,heavy,32
SC02-07158,6.15,4.0,delicate,75
SC02-07159,6.13,3.51,synthetic,91
SC02-07160,9.06,6.15,delicate,49
SC02-07161,7.85,2.38,delicate,72
SC02-07162,7.19,6.13,delicate,29
SC02-07163,2.98,3.02,delicate,90
SC02-07164,9.61,3.88,delicate,15
SC02-07165,5.52,6.03,synthetic,71
SC02-07166,5.74,1.91,cotton,74
SC02-07167,3.91,7.66,heavy,35
SC02-07168,1.75,7.71,cotton,8
SC02-07169,5.98,5.28,heavy,93
SC02-07170,1.39,7.06,cotton,51
SC02-07171,7.96,1.55,delicate,54
SC02-07172,5.71,7.47,delicate,70
SC02-07173,7.08,3.92,synthetic,65
SC02-07174,0.1,6.99,cotton,25
SC02-07175,7.73,3.26,cotton,96
SC02-07176,5.03,2.74,delicate,0
SC02-07177,4.08,3.86,synthetic,10
SC02-07178,4.8,3.04,synthetic,48
SC02-07179,5.74,6.29,synthetic,15
SC02-07180,0.26,1.72,delicate,38
SC02-07181,0.47,6.56,delicate,19
SC02-07182,9.11,2.33,delicate,73
SC02-07183,3.3,4.35,heavy,72
SC02-07184,5.78,7.49,synthetic,97
SC02-07185,8.62,3.9,heavy,63
SC02-07186,0.81,4.14,delicate,24
SC02-07187,0.33,3.58,heavy,7
SC02-07188,8.93,2.78,cotton,32
SC02-07189,9.1,5.74,delicate,42
SC02-07190,0.93,3.44,cotton,97
SC02-07191,6.35,4.66,synthetic,26
SC02-07192,2.39,3.39,synthetic,14
SC02-07193,7.56,3.9,heavy,58
SC02-07194,4.65,5.5,delicate,1
SC02-07195,3.88,2.18,synthetic,83
SC02-07196,8.43,7.48,heavy,86
SC02-07197,6.35,6.82,delicate,81
SC02-07198,7.63,6.2,delicate,29
SC02-07199,2.26,2.48,heavy,95
SC02-07200,8.29,5.94,synthetic,96
SC02-07201,9.84,7.22,synthetic,43
SC02-07202,1.16,0.5,synthetic,68
SC02-07203,8.59,4.9,heavy,92
SC02-07204,8.02,6.83,delicate,44
SC02-07205,3.87,6.92,synthetic,20
SC02-07206,4.84,3.91,synthetic,74
SC02-07207,7.18,2.74,heavy,52
SC02-07208,8.32,1.29,delicate,61
SC02-07209,9.53,4.82,heavy,39
SC02-07210,8.81,3.22,synthetic,53
SC02-07211,3.41,1.62,heavy,19
SC02-07212,1.66,5.62,cotton,37
SC02-07213,5.07,2.51,delicate,97
SC02-07214,2.03,0.58,synthetic,87
SC02-07215,3.8,6.94,heavy,1
SC02-07216,8.43,3.34,cotton,83
SC02-07217,7.18,3.56,cotton,66
SC02-07218,1.32,3.57,heavy,4
SC02-07219,6.25,6.97,heavy,58
SC02-07220,4.39,3.31,delicate,96
SC02-07221,6.54,4.77,heavy,18
SC02-07222,3.76,4.23,cotton,95
SC02-07223,8.08,7.42,delicate,85
SC02-07224,7.85,0.91,heavy,97
SC02-07225,2.38,3.18,cotton,70
SC02-07226,5.97,1.79,delicate,52
SC02-07227,5.4,7.26,cotton,36
SC02-07228,2.02,2.24,cotton,6
SC02-07229,7.88,2.12,cotton,32
SC02-07230,2.8,0.67,heavy,90
SC02-07231,8.9,6.76,heavy,72
SC02-07232,9.85,2.44,cotton,87
SC02-07233,9.17,3.49,synthetic,83
SC02-07234,1.31,3.06,heavy,41
SC02-07235,7.79,4.99,delicate,17
SC02-07236,5.06,2.32,delicate,4
SC02-07237,7.85,6.96,synthetic,32
SC02-07238,5.31,6.71,synthetic,36
SC02-07239,5.32,6.35,synthetic,31
SC02-07240,1.07,7.71,delicate,32
SC02-07241,1.67,3.13,synthetic,18
SC02-07242,5.29,0.55,cotton,56
SC02-07243,4.1,7.95,cotton,46
SC02-07244,3.33,0.72,heavy,70
SC02-07245,5.3,7.7,heavy,3
SC02-07246,6.79,0.82,cotton,21
SC02-07247,1.22,7.16,heavy,4
SC02-07248,9.02,1.2,synthetic,71
SC02-07249,4.01,3.61,cotton,75
SC02-07250,7.76,5.46,heavy,72
SC02-07251,5.24,4.13,heavy,25
SC02-07252,8.26,5.75,synthetic,20
SC02-07253,8.06,4.76,heavy,22
SC02-07254,5.76,1.35,heavy,39
SC02-07255,3.0,3.7,cotton,24
SC02-07256,7.6,4.56,delicate,60
SC02-07257,0.04,2.93,delicate,22
SC02-07258,5.27,2.84,delicate,19
SC02-07259,9.39,1.6,cotton,93
SC02-07260,7.03,6.14,delicate,92
SC02-07261,8.87,3.21,synthetic,34
SC02-07262,0.67,2.57,heavy,79
SC02-07263,1.37,6.99,delicate,7
SC02-07264,8.68,2.52,heavy,16
SC02-07265,8.74,2.9,delicate,99
SC02-07266,0.98,1.78,heavy,32
SC02-07267,2.76,6.69,cotton,92
SC02-07268,3.98,4.11,synthetic,37
SC02-07269,7.35,7.49,cotton,25
SC02-07270,0.13,7.76,heavy,18
SC02-07271,9.02,5.67,cotton,50
SC02-07272,5.35,5.33,heavy,6
SC02-07273,7.96,6.98,synthetic,57
SC02-07274,9.78,1.65,cotton,51
SC02-07275,4.85,2.51,synthetic,64
SC02-07276,7.04,5.16,heavy,0
SC02-07277,0.96,0.83,delicate,72
SC02-07278,4.32,5.07,heavy,85
SC02-07279,1.32,5.13,synthetic,9
SC02-07280,5.71,0.85,cotton,70
SC02-07281,7.24,3.15,cotton,29
SC02-07282,7.05,7.77,heavy,0
SC02-07283,8.31,4.82,cotton,96
SC02-07284,4.77,3.05,cotton,75
SC02-07285,9.09,3.08,synthetic,41
SC02-07286,8.11,1.08,cotton,77
SC02-07287,6.46,1.12,cotton,2
SC02-07288,9.04,4.0,heavy,38
SC02-07289,6.96,1.33,synthetic,23
SC02-07290,2.99,6.58,cotton,74
SC02-07291,4.12,3.39,synthetic,76
SC02-07292,0.8,7.44,cotton,88
SC02-07293,0.7,2.75,heavy,93
SC02-07294,4.5,6.2,heavy,90
SC02-07295,7.89,4.1,synthetic,38
SC02-07296,1.91,2.79,synthetic,38
SC02-07297,6.23,3.97,heavy,21
SC02-07298,6.04,7.0,synthetic,60
SC02-07299,1.1,7.28,synthetic,28
SC02-07300,8.94,7.0,delicate,20
SC02-07301,6.13,4.79,cotton,34
SC02-07302,9.28,5.35,synthetic,16
SC02-07303,2.93,4.86,heavy,6
SC02-07304,6.26,5.91,synthetic,1
SC02-07305,6.01,3.64,synthetic,61
SC02-07306,2.28,3.61,synthetic,21
SC02-07307,4.06,5.71,cotton,16
SC02-07308,3.66,4.95,delicate,28
SC02-07309,4.13,5.0,delicate,76
SC02-07310,7.6,5.88,synthetic,80
SC02-07311,9.75,7.34,synthetic,18
SC02-07312,4.67,1.32,delicate,96
SC02-07313,4.6,6.65,heavy,39
SC02-07314,9.11,2.44,synthetic,53
SC02-07315,5.72,6.41,delicate,81
SC02-07316,0.66,2.49,cotton,27
SC02-07317,9.79,5.08,synthetic,57
SC02-07318,8.01,1.73,cotton,97
SC02-07319,6.47,2.92,heavy,87
SC02-07320,4.15,5.7,heavy,10
SC02-07321,9.83,2.37,delicate,21
SC02-07322,1.66,6.27,cotton,94
SC02-07323,3.01,5.96,cotton,51
SC02-07324,3.24,0.82,cotton,18
SC02-07325,6.05,0.62,delicate,90
SC02-07326,9.71,0.92,synthetic,58
SC02-07327,4.07,6.98,synthetic,38
SC02-07328,1.46,4.27,cotton,94
SC02-07329,7.06,2.89,delicate,91
SC02-07330,9.21,1.82,cotton,15
SC02-07331,4.01,4.2,cotton,92
SC02-07332,7.05,0.96,heavy,56
SC02-07333,9.5,6.59,synthetic,73
SC02-07334,2.25,1.97,cotton,87
SC02-07335,5.75,4.91,synthetic,40
SC02-07336,8.54,6.05,cotton,88
SC02-07337,3.47,4.35,cotton,42
SC02-07338,4.57,2.36,delicate,28
SC02-07339,2.46,7.51,cotton,35
SC02-07340,3.4,5.22,cotton,6
SC02-07341,1.81,2.23,synthetic,12
SC02-07342,8.45,1.64,heavy,32
SC02-07343,0.22,4.78,synthetic,24
SC02-07344,7.15,3.94,delicate,30
SC02-07345,2.3,0.84,delicate,51
SC02-07346,0.48,2.36,cotton,41
SC02-07347,0.96,0.71,delicate,46
SC02-07348,9.47,2.93,heavy,6
SC02-07349,8.04,7.67,synthetic,81
SC02-07350,9.98,0.89,cotton,19
SC02-07351,8.95,6.63,synthetic,43
SC02-07352,3.93,1.03,cotton,47
SC02-07353,8.13,6.92,cotton,41
SC02-07354,2.33,6.51,delicate,62
SC02-07355,7.71,1.07,delicate,31
SC02-07356,8.22,6.0,synthetic,2
SC02-07357,3.49,6.07,synthetic,78
SC02-07358,9.61,7.49,delicate,78
SC02-07359,7.13,4.03,synthetic,88
SC02-07360,4.97,6.17,synthetic,63
SC02-07361,9.49,7.21,heavy,55
SC02-07362,7.98,1.8,cotton,35
SC02-07363,4.1,0.63,heavy,15
SC02-07364,7.45,1.51,delicate,85
SC02-07365,6.7,4.52,synthetic,91
SC02-07366,4.33,2.87,delicate,99
SC02-07367,0.01,3.77,delicate,40
SC02-07368,0.42,1.65,synthetic,77
SC02-07369,5.62,3.39,synthetic,85
SC02-07370,6.52,4.97,heavy,9
SC02-07371,3.06,5.64,heavy,3
SC02-07372,9.13,4.29,delicate,13
SC02-07373,0.44,7.37,heavy,93
SC02-07374,0.96,0.88,cotton,76
SC02-07375,1.49,6.73,delicate,68
SC02-07376,5.94,0.79,heavy,84
SC02-07377,1.15,7.54,delicate,52
SC02-07378,9.67,4.05,synthetic,11
SC02-07379,5.27,5.64,heavy,76
SC02-07380,0.46,3.13,delicate,84
SC02-07381,5.91,3.01,heavy,97
SC02-07382,5.57,6.19,heavy,61
SC02-07383,1.76,0.76,heavy,19
SC02-07384,7.15,1.67,delicate,92
SC02-07385,6.38,4.65,synthetic,57
SC02-07386,1.54,1.95,cotton,45
SC02-07387,4.2,0.63,cotton,93
SC02-07388,7.24,6.36,cotton,6
SC02-07389,7.69,5.03,synthetic,13
SC02-07390,6.42,3.1,synthetic,77
SC02-07391,5.49,3.59,delicate,33
SC02-07392,3.88,2.48,delicate,55
SC02-07393,3.79,4.36,heavy,57
SC02-07394,3.73,7.01,synthetic,97
SC02-07395,4.91,1.26,heavy,38
SC02-07396,3.54,0.84,synthetic,51
SC02-07397,2.07,2.78,delicate,64
SC02-07398,0.49,5.19,heavy,26
SC02-07399,5.89,1.6,delicate,17
SC02-07400,3.49,6.76,synthetic,54
SC02-07401,3.31,6.43,cotton,98
SC02-07402,4.7,4.08,cotton,2
SC02-07403,6.77,1.25,heavy,88
SC02-07404,5.57,1.31,cotton,53
SC02-07405,1.08,2.62,heavy,86
SC02-07406,1.54,6.89,cotton,33
SC02-07407,6.65,1.54,synthetic,37
SC02-07408,3.37,0.68,delicate,43
SC02-07409,2.96,7.94,delicate,85
SC02-07410,5.64,7.39,cotton,72
SC02-07411,8.47,3.51,heavy,30
SC02-07412,5.2,4.09,synthetic,48
SC02-07413,0.97,2.11,cotton,98
SC02-07414,2.82,4.45,delicate,3
SC02-07415,0.3,1.1,cotton,40
SC02-07416,1.57,2.8,cotton,2
SC02-07417,4.92,7.8,synthetic,13
SC02-07418,4.38,4.76,heavy,40
SC02-07419,9.9,3.6,heavy,19
SC02-07420,5.12,4.22,cotton,45
SC02-07421,1.0,5.04,heavy,20
SC02-07422,1.45,1.66,synthetic,80
SC02-07423,4.04,0.53,cotton,31
SC02-07424,0.37,2.18,synthetic,4
SC02-07425,3.72,6.08,heavy,13
SC02-07426,1.84,1.09,synthetic,66
SC02-07427,5.64,0.83,synthetic,13
SC02-07428,9.23,6.88,cotton,98
SC02-07429,8.62,7.12,delicate,43
SC02-07430,0.69,3.52,delicate,90
SC02-07431,5.42,1.36,cotton,27
SC02-07432,5.79,4.16,synthetic,98
SC02-07433,2.75,5.26,delicate,74
SC02-07434,5.57,6.5,heavy,10
SC02-07435,3.26,4.05,synthetic,70
SC02-07436,8.1,6.92,synthetic,38
SC02-07437,3.03,0.61,cotton,33
SC02-07438,6.94,1.62,heavy,24
SC02-07439,7.24,2.33,heavy,30
SC02-07440,4.62,2.75,delicate,28
SC02-07441,9.43,6.78,delicate,68
SC02-07442,0.32,1.64,heavy,80
SC02-07443,5.87,1.41,synthetic,100
SC02-07444,1.22,6.22,heavy,0
SC02-07445,3.83,0.68,heavy,100
SC02-07446,7.88,7.05,delicate,13
SC02-07447,8.15,6.53,cotton,93
SC02-07448,3.15,7.61,cotton,38
SC02-07449,7.26,3.57,cotton,37
SC02-07450,0.63,0.84,synthetic,10
SC02-07451,2.81,1.99,delicate,66
SC02-07452,1.04,7.58,delicate,39
SC02-07453,0.1,7.87,delicate,89
SC02-07454,7.04,1.67,delicate,56
SC02-07455,8.74,5.51,synthetic,39
SC02-07456,4.5,4.27,heavy,0
SC02-07457,5.73,2.56,delicate,49
SC02-07458,4.53,2.72,heavy,67
SC02-07459,2.13,0.66,delicate,33
SC02-07460,8.09,3.15,heavy,34
SC02-07461,3.15,1.44,cotton,58
SC02-07462,3.28,7.83,synthetic,6
SC02-07463,4.55,2.51,cotton,27
SC02-07464,8.58,7.53,synthetic,33
SC02-07465,6.18,4.85,heavy,0
SC02-07466,6.04,2.22,delicate,90
SC02-07467,2.29,6.11,synthetic,11
SC02-07468,1.86,5.23,synthetic,9
SC02-07469,0.04,3.39,cotton,21
SC02-07470,4.27,6.57,synthetic,29
SC02-07471,9.4,5.77,delicate,44
SC02-07472,4.89,7.61,cotton,11
SC02-07473,6.85,0.77,delicate,68
SC02-07474,6.03,5.33,synthetic,52
SC02-07475,7.87,1.74,cotton,50
SC02-07476,0.37,7.48,delicate,7
SC02-07477,2.81,2.68,heavy,59
SC02-07478,5.99,7.08,heavy,99
SC02-07479,6.36,4.88,synthetic,65
SC02-07480,2.52,1.02,delicate,83
SC02-07481,2.46,6.56,delicate,6
SC02-07482,9.21,3.92,heavy,0
SC02-07483,7.53,3.83,cotton,83
SC02-07484,4.8,4.81,synthetic,76
SC02-07485,1.97,2.01,delicate,56
SC02-07486,5.28,1.33,delicate,56
SC02-07487,1.07,5.78,heavy,6
SC02-07488,9.93,2.59,delicate,21
SC02-07489,9.22,2.51,synthetic,11
SC02-07490,9.45,6.58,synthetic,75
SC02-07491,4.23,2.59,cotton,29
SC02-07492,6.66,4.39,heavy,89
SC02-07493,9.26,3.31,cotton,29
SC02-07494,5.68,1.32,delicate,27
SC02-07495,7.27,3.2,delicate,96
SC02-07496,0.55,5.13,cotton,49
SC02-07497,6.27,7.85,cotton,92
SC02-07498,3.86,1.34,heavy,82
SC02-07499,8.31,2.27,heavy,27
SC02-07500,9.62,7.02,heavy,88
SC02-07501,9.13,2.55,heavy,91
SC02-07502,7.23,7.47,cotton,95
SC02-07503,8.12,6.67,heavy,42
SC02-07504,9.7,2.33,cotton,61
SC02-07505,6.59,3.41,heavy,84
SC02-07506,0.92,5.76,cotton,35
SC02-07507,5.77,6.43,heavy,77
SC02-07508,3.91,7.53,heavy,0
SC02-07509,3.65,4.69,delicate,61
SC02-07510,8.73,6.69,heavy,77
SC02-07511,1.25,7.11,delicate,49
SC02-07512,1.36,0.68,cotton,47
SC02-07513,7.5,3.45,heavy,26
SC02-07514,8.2,4.51,heavy,1
SC02-07515,1.02,2.72,synthetic,46
SC02-07516,4.86,6.85,cotton,76
SC02-07517,7.17,2.38,cotton,60
SC02-07518,6.96,7.87,heavy,50
SC02-07519,9.54,4.87,cotton,46
SC02-07520,3.22,5.03,delicate,42
SC02-07521,0.24,7.43,heavy,6
SC02-07522,0.07,5.5,delicate,85
SC02-07523,7.71,0.92,synthetic,54
SC02-07524,0.74,1.03,heavy,24
SC02-07525,5.62,6.41,delicate,17
SC02-07526,9.48,6.92,delicate,6
SC02-07527,6.73,4.67,cotton,83
SC02-07528,7.64,4.48,synthetic,85
SC02-07529,9.72,6.74,delicate,97
SC02-07530,6.8,7.63,heavy,61
SC02-07531,1.28,5.55,cotton,9
SC02-07532,0.61,5.49,delicate,63
SC02-07533,6.76,7.58,heavy,80
SC02-07534,2.45,7.94,synthetic,40
SC02-07535,7.25,1.03,cotton,16
SC02-07536,9.88,6.29,cotton,17
SC02-07537,0.21,2.1,delicate,67
SC02-07538,7.27,3.48,synthetic,15
SC02-07539,4.81,0.97,cotton,3
SC02-07540,1.56,3.6,delicate,88
SC02-07541,6.28,5.06,heavy,64
SC02-07542,1.89,7.35,delicate,52
SC02-07543,8.48,3.76,delicate,31
SC02-07544,1.47,6.36,delicate,91
SC02-07545,5.72,2.21,cotton,43
SC02-07546,1.4,7.25,cotton,81
SC02-07547,8.05,6.54,delicate,22
SC02-07548,3.81,5.02,heavy,74
SC02-07549,2.6,6.84,synthetic,21
SC02-07550,9.36,2.85,heavy,97
SC02-07551,2.57,2.76,synthetic,97
SC02-07552,9.61,6.51,heavy,98
SC02-07553,7.03,4.57,delicate,14
SC02-07554,0.74,6.37,cotton,28
SC02-07555,0.46,2.43,delicate,41
SC02-07556,5.62,4.09,synthetic,40
SC02-07557,7.02,4.95,delicate,98
SC02-07558,6.4,3.41,cotton,99
SC02-07559,4.81,4.09,delicate,21
SC02-07560,9.22,4.83,cotton,2
SC02-07561,7.13,2.5,heavy,30
SC02-07562,4.68,1.37,cotton,92
SC02-07563,9.67,3.46,delicate,27
SC02-07564,1.46,2.93,synthetic,9
SC02-07565,5.35,0.55,synthetic,44
SC02-07566,6.58,4.92,heavy,59
SC02-07567,7.7,5.91,cotton,77
SC02-07568,8.31,7.83,synthetic,97
SC02-07569,3.46,4.73,cotton,32
SC02-07570,7.2,2.52,delicate,9
SC02-07571,0.64,5.57,heavy,58
SC02-07572,0.12,5.83,heavy,18
SC02-07573,9.61,3.45,heavy,55
SC02-07574,1.04,1.7,synthetic,93
SC02-07575,8.5,2.04,delicate,1
SC02-07576,5.43,3.21,cotton,4
SC02-07577,7.43,4.31,cotton,73
SC02-07578,9.64,5.21,cotton,65
SC02-07579,4.66,7.71,cotton,14
SC02-07580,0.39,4.04,cotton,10
SC02-07581,1.72,3.81,heavy,45
SC02-07582,7.62,2.68,synthetic,19
SC02-07583,1.84,4.04,delicate,8
SC02-07584,6.17,6.84,synthetic,17
SC02-07585,5.45,2.4,delicate,55
SC02-07586,6.82,1.7,heavy,97
SC02-07587,8.88,5.22,synthetic,8
SC02-07588,1.57,5.99,synthetic,45
SC02-07589,3.32,5.63,delicate,2
SC02-07590,9.57,7.14,delicate,65
SC02-07591,1.15,2.78,synthetic,90
SC02-07592,1.29,3.72,cotton,26
SC02-07593,6.9,0.6,heavy,1
SC02-07594,9.96,1.51,cotton,41
SC02-07595,0.38,6.09,cotton,0
SC02-07596,7.05,1.93,synthetic,87
SC02-07597,1.42,6.64,synthetic,25
SC02-07598,9.96,2.98,cotton,73
SC02-07599,1.15,3.76,cotton,71
SC02-07600,0.3,5.05,heavy,90
SC02-07601,3.96,1.43,heavy,78
SC02-07602,3.86,4.69,synthetic,1
SC02-07603,2.49,6.94,synthetic,47
SC02-07604,2.78,2.4,delicate,49
SC02-07605,1.0,3.43,heavy,0
SC02-07606,0.31,4.6,synthetic,100
SC02-07607,7.34,4.64,delicate,42
SC02-07608,7.29,1.21,heavy,38
SC02-07609,1.43,7.59,cotton,66
SC02-07610,0.04,1.47,delicate,15
SC02-07611,3.59,2.88,delicate,83
SC02-07612,6.1,6.55,heavy,12
SC02-07613,7.31,6.3,delicate,42
SC02-07614,8.36,5.81,synthetic,20
SC02-07615,6.98,5.72,cotton,84
SC02-07616,7.93,4.65,delicate,41
SC02-07617,5.03,4.61,heavy,82
SC02-07618,4.45,2.78,synthetic,34
SC02-07619,7.4,7.66,synthetic,63
SC02-07620,9.95,1.81,synthetic,95
SC02-07621,8.7,1.99,synthetic,5
SC02-07622,7.72,1.15,synthetic,99
SC02-07623,1.59,2.93,heavy,23
SC02-07624,4.63,5.78,cotton,51
SC02-07625,0.4,1.12,heavy,35
SC02-07626,5.32,0.64,cotton,2
SC02-07627,2.55,7.73,delicate,90
SC02-07628,7.59,4.03,heavy,8
SC02-07629,7.99,6.87,synthetic,16
SC02-07630,1.78,7.94,cotton,47
SC02-07631,9.57,2.96,synthetic,84
SC02-07632,7.31,4.97,cotton,5
SC02-07633,3.26,6.45,heavy,56
SC02-07634,3.21,4.22,delicate,13
SC02-07635,6.81,6.39,cotton,2
SC02-07636,7.09,6.19,heavy,52
SC02-07637,9.72,3.82,synthetic,41
SC02-07638,7.67,5.62,delicate,49
SC02-07639,0.01,4.77,synthetic,67
SC02-07640,5.7,7.34,delicate,96
SC02-07641,1.09,3.11,cotton,23
SC02-07642,1.16,2.04,heavy,90
SC02-07643,5.22,6.33,delicate,0
SC02-07644,9.15,1.97,heavy,55
SC02-07645,6.81,1.03,cotton,0
SC02-07646,6.87,7.41,synthetic,49
SC02-07647,9.03,6.05,cotton,93
SC02-07648,8.37,5.03,heavy,73
SC02-07649,8.84,6.84,cotton,59
SC02-07650,1.05,7.3,synthetic,89
SC02-07651,3.94,0.86,cotton,27
SC02-07652,5.21,4.14,synthetic,18
SC02-07653,5.13,6.0,heavy,65
SC02-07654,6.52,4.6,synthetic,99
SC02-07655,2.35,4.82,heavy,89
SC02-07656,2.43,5.84,delicate,82
SC02-07657,0.04,2.28,synthetic,78
SC02-07658,5.82,5.09,synthetic,100
SC02-07659,2.77,3.97,synthetic,39
SC02-07660,2.77,6.87,delicate,57
SC02-07661,4.03,7.29,cotton,95
SC02-07662,4.26,3.39,synthetic,36
SC02-07663,6.54,2.73,heavy,45
SC02-07664,9.94,1.32,heavy,3
SC02-07665,9.37,6.0,cotton,43
SC02-07666,5.8,7.4,cotton,78
SC02-07667,5.16,7.66,delicate,59
SC02-07668,8.12,5.78,heavy,46
SC02-07669,5.06,2.86,cotton,86
SC02-07670,4.97,3.62,delicate,48
SC02-07671,4.77,2.82,cotton,39
SC02-07672,6.77,4.17,cotton,7
SC02-07673,9.96,5.39,delicate,87
SC02-07674,8.4,3.99,heavy,12
SC02-07675,8.8,5.65,cotton,40
SC02-07676,6.58,5.31,delicate,62
SC02-07677,5.08,2.13,cotton,19
SC02-07678,1.91,5.87,synthetic,36
SC02-07679,0.14,7.28,heavy,74
SC02-07680,5.88,3.05,synthetic,87
SC02-07681,7.66,5.96,cotton,11
SC02-07682,7.65,7.72,heavy,40
SC02-07683,1.96,3.94,synthetic,88
SC02-07684,6.71,2.98,delicate,36
SC02-07685,6.23,1.67,delicate,24
SC02-07686,1.4,1.46,synthetic,61
SC02-07687,4.87,2.69,synthetic,4
SC02-07688,5.85,5.83,synthetic,47
SC02-07689,3.45,3.89,delicate,19
SC02-07690,0.37,3.58,heavy,32
SC02-07691,0.74,3.64,synthetic,33
SC02-07692,9.37,6.45,synthetic,60
SC02-07693,7.99,1.33,cotton,13
SC02-07694,5.51,2.37,delicate,81
SC02-07695,1.47,5.58,delicate,53
SC02-07696,3.25,3.78,heavy,13
SC02-07697,9.06,1.77,cotton,69
SC02-07698,6.49,5.42,delicate,46
SC02-07699,3.86,2.62,synthetic,31
SC02-07700,6.71,7.53,synthetic,47
SC02-07701,3.24,7.55,synthetic,6
SC02-07702,1.26,3.56,synthetic,54
SC02-07703,0.07,4.24,synthetic,27
SC02-07704,2.32,1.53,heavy,24
SC02-07705,5.77,5.0,synthetic,86
SC02-07706,8.23,0.77,cotton,88
SC02-07707,7.42,2.33,heavy,92
SC02-07708,6.61,6.65,cotton,54
SC02-07709,8.9,4.72,cotton,87
SC02-07710,1.84,0.97,heavy,47
SC02-07711,9.49,5.57,heavy,13
SC02-07712,4.58,5.04,heavy,82
SC02-07713,9.39,3.97,delicate,43
SC02-07714,6.78,1.79,delicate,26
SC02-07715,5.84,2.07,synthetic,78
SC02-07716,0.33,3.77,heavy,20
SC02-07717,9.12,3.37,delicate,70
SC02-07718,6.49,5.64,cotton,75
SC02-07719,7.35,6.91,delicate,94
SC02-07720,5.96,4.83,heavy,100
SC02-07721,6.49,1.6,delicate,43
SC02-07722,2.24,4.1,cotton,22
SC02-07723,9.2,0.82,delicate,71
SC02-07724,1.26,1.59,cotton,83
SC02-07725,4.63,6.11,cotton,58
SC02-07726,7.79,2.87,synthetic,62
SC02-07727,7.35,4.52,heavy,21
SC02-07728,8.91,7.5,delicate,51
SC02-07729,1.94,1.69,delicate,10
SC02-07730,9.81,1.76,delicate,37
SC02-07731,2.59,5.78,synthetic,64
SC02-07732,5.8,1.53,synthetic,62
SC02-07733,4.08,6.83,heavy,88
SC02-07734,8.22,5.35,synthetic,56
SC02-07735,1.56,5.21,synthetic,22
SC02-07736,3.62,2.13,heavy,88
SC02-07737,2.51,4.21,synthetic,1
SC02-07738,4.42,6.58,synthetic,53
SC02-07739,3.18,4.01,delicate,55
SC02-07740,0.86,7.29,heavy,19
SC02-07741,5.46,1.66,delicate,76
SC02-07742,1.36,6.47,cotton,51
SC02-07743,6.87,1.03,heavy,32
SC02-07744,1.2,0.7,synthetic,25
SC02-07745,8.66,1.06,heavy,4
SC02-07746,3.35,5.96,heavy,69
SC02-07747,5.15,6.46,delicate,88
SC02-07748,8.39,5.31,heavy,39
SC02-07749,9.99,7.77,synthetic,81
SC02-07750,0.64,4.0,cotton,15
SC02-07751,8.8,6.21,synthetic,17
SC02-07752,5.57,3.21,synthetic,86
SC02-07753,6.86,1.12,heavy,2
SC02-07754,0.85,5.03,synthetic,71
SC02-07755,0.2,3.8,delicate,60
SC02-07756,0.01,4.36,heavy,62
SC02-07757,8.72,1.27,cotton,5
SC02-07758,4.8,5.37,delicate,60
SC02-07759,8.27,0.94,cotton,28
SC02-07760,4.25,4.61,synthetic,93
SC02-07761,4.43,3.34,cotton,82
SC02-07762,9.12,3.59,delicate,41
SC02-07763,9.74,1.19,delicate,6
SC02-07764,6.76,0.88,delicate,63
SC02-07765,5.55,3.22,cotton,1
SC02-07766,3.72,1.61,synthetic,72
SC02-07767,4.74,5.65,cotton,90
SC02-07768,6.83,1.82,delicate,1
SC02-07769,9.9,1.79,heavy,46
SC02-07770,9.04,6.43,heavy,34
SC02-07771,6.48,5.56,synthetic,81
SC02-07772,2.3,4.99,synthetic,76
SC02-07773,8.67,7.91,synthetic,32
SC02-07774,8.31,1.75,cotton,49
SC02-07775,6.63,5.6,synthetic,85
SC02-07776,6.48,0.92,delicate,51
SC02-07777,2.84,3.12,cotton,56
SC02-07778,2.92,7.56,synthetic,11
SC02-07779,9.0,7.97,cotton,58
SC02-07780,9.37,7.87,cotton,56
SC02-07781,7.89,6.47,heavy,94
SC02-07782,5.73,6.38,heavy,48
SC02-07783,5.34,6.08,heavy,98
SC02-07784,9.17,6.78,synthetic,43
SC02-07785,4.96,1.16,heavy,38
SC02-07786,5.99,0.85,synthetic,66
SC02-07787,2.98,5.93,delicate,35
SC02-07788,2.73,5.09,delicate,27
SC02-07789,9.56,6.48,heavy,21
SC02-07790,2.83,0.84,synthetic,56
SC02-07791,2.55,2.98,heavy,26
SC02-07792,1.83,3.3,cotton,40
SC02-07793,1.45,3.81,delicate,12
SC02-07794,9.01,1.18,delicate,89
SC02-07795,5.18,6.51,delicate,68
SC02-07796,2.5,5.58,synthetic,76
SC02-07797,2.22,1.74,cotton,45
SC02-07798,8.27,3.59,cotton,6
SC02-07799,8.19,3.9,cotton,83
SC02-07800,2.75,7.53,delicate,97
SC02-07801,0.4,1.67,heavy,33
SC02-07802,1.55,5.12,heavy,84
SC02-07803,9.32,0.56,synthetic,37
SC02-07804,5.47,1.73,heavy,70
SC02-07805,8.64,5.89,cotton,8
SC02-07806,8.54,6.53,heavy,87
SC02-07807,2.55,5.97,synthetic,57
SC02-07808,3.05,0.54,cotton,74
SC02-07809,2.48,3.92,delicate,61
SC02-07810,7.21,7.39,heavy,23
SC02-07811,0.81,3.72,heavy,23
SC02-07812,4.99,4.52,synthetic,44
SC02-07813,8.01,5.16,cotton,54
SC02-07814,4.46,7.57,heavy,79
SC02-07815,9.19,4.39,heavy,75
SC02-07816,9.93,4.44,heavy,42
SC02-07817,2.93,2.97,synthetic,57
SC02-07818,7.58,7.75,cotton,35
SC02-07819,0.04,7.39,cotton,92
SC02-07820,9.36,7.93,cotton,53
SC02-07821,9.95,7.38,synthetic,77
SC02-07822,4.35,5.72,synthetic,84
SC02-07823,9.91,7.91,cotton,32
SC02-07824,3.77,2.37,delicate,14
SC02-07825,1.53,2.59,synthetic,100
SC02-07826,2.95,5.03,heavy,92
SC02-07827,7.88,3.12,delicate,8
SC02-07828,9.81,3.57,heavy,17
SC02-07829,7.05,5.76,cotton,7
SC02-07830,9.66,6.59,delicate,84
SC02-07831,4.19,5.1,delicate,40
SC02-07832,9.68,1.27,delicate,16
SC02-07833,7.07,3.87,synthetic,30
SC02-07834,2.48,2.1,heavy,86
SC02-07835,1.76,7.14,heavy,8
SC02-07836,5.37,5.27,cotton,36
SC02-07837,2.98,7.04,synthetic,53
SC02-07838,1.88,0.97,delicate,16
SC02-07839,6.26,2.07,delicate,62
SC02-07840,5.45,1.9,heavy,69
SC02-07841,7.58,0.86,heavy,53
SC02-07842,0.78,5.73,synthetic,44
SC02-07843,6.23,4.33,heavy,48
SC02-07844,2.32,3.75,synthetic,10
SC02-07845,5.23,0.72,cotton,43
SC02-07846,1.4,7.54,heavy,55
SC02-07847,5.84,7.33,synthetic,78
SC02-07848,2.73,4.92,synthetic,22
SC02-07849,5.37,7.18,synthetic,57
SC02-07850,8.83,2.96,delicate,31
SC02-07851,0.79,2.15,cotton,78
SC02-07852,5.4,7.0,heavy,11
SC02-07853,7.93,6.16,cotton,26
SC02-07854,7.46,7.38,cotton,55
SC02-07855,9.45,4.42,synthetic,16
SC02-07856,7.88,7.47,heavy,69
SC02-07857,3.89,3.71,synthetic,23
SC02-07858,4.71,4.47,heavy,3
SC02-07859,7.22,1.62,heavy,57
SC02-07860,5.61,6.73,heavy,10
SC02-07861,9.57,0.55,cotton,85
SC02-07862,5.37,6.68,synthetic,81
SC02-07863,6.33,6.6,synthetic,61
SC02-07864,2.43,7.18,cotton,24
SC02-07865,9.54,1.47,heavy,63
SC02-07866,6.44,6.25,delicate,32
SC02-07867,3.31,3.05,synthetic,90
SC02-07868,5.84,2.14,cotton,99
SC02-07869,4.62,6.09,cotton,21
SC02-07870,5.51,6.62,heavy,2
SC02-07871,3.12,1.72,synthetic,5
SC02-07872,7.63,7.78,synthetic,43
SC02-07873,3.38,7.31,cotton,74
SC02-07874,7.96,7.19,heavy,83
SC02-07875,0.39,1.28,heavy,61
SC02-07876,9.71,4.53,delicate,46
SC02-07877,7.89,3.66,synthetic,51
SC02-07878,8.69,3.95,heavy,100
SC02-07879,9.86,3.07,delicate,38
SC02-07880,9.64,2.59,synthetic,95
SC02-07881,6.71,4.25,cotton,26
SC02-07882,1.87,1.84,delicate,88
SC02-07883,1.63,4.58,synthetic,45
SC02-07884,5.35,7.39,heavy,3
SC02-07885,0.11,6.87,cotton,30
SC02-07886,6.77,2.46,synthetic,74
SC02-07887,8.4,5.58,synthetic,20
SC02-07888,4.22,0.74,heavy,3
SC02-07889,6.36,4.96,cotton,7
SC02-07890,0.85,7.58,delicate,28
SC02-07891,8.59,2.34,delicate,88
SC02-07892,1.17,5.91,heavy,11
SC02-07893,8.67,3.32,cotton,31
SC02-07894,3.56,4.62,delicate,41
SC02-07895,8.91,4.61,delicate,4
SC02-07896,5.41,0.63,delicate,46
SC02-07897,8.19,2.05,synthetic,25
SC02-07898,3.26,3.94,cotton,81
SC02-07899,6.56,4.18,heavy,9
SC02-07900,9.98,7.45,synthetic,77
SC02-07901,4.31,5.16,heavy,89
SC02-07902,9.17,5.51,synthetic,45
SC02-07903,9.61,3.05,synthetic,78
SC02-07904,5.7,7.82,delicate,43
SC02-07905,3.24,5.36,heavy,17
SC02-07906,5.63,5.24,heavy,14
SC02-07907,3.0,3.23,synthetic,9
SC02-07908,5.59,5.18,cotton,88
SC02-07909,3.13,6.04,synthetic,18
SC02-07910,8.09,0.96,heavy,85
SC02-07911,7.74,5.34,cotton,99
SC02-07912,7.59,3.46,synthetic,12
SC02-07913,8.74,5.08,cotton,11
SC02-07914,2.99,7.31,heavy,37
SC02-07915,7.11,2.9,delicate,26
SC02-07916,0.4,6.55,cotton,60
SC02-07917,6.31,6.24,synthetic,59
SC02-07918,2.02,4.35,cotton,38
SC02-07919,9.51,1.91,synthetic,87
SC02-07920,8.58,1.79,delicate,100
SC02-07921,1.69,7.94,synthetic,1
SC02-07922,7.37,1.8,cotton,98
SC02-07923,4.37,2.67,delicate,73
SC02-07924,2.51,1.82,delicate,70
SC02-07925,9.01,3.21,cotton,45
SC02-07926,4.78,2.88,delicate,90
SC02-07927,0.27,7.44,heavy,77
SC02-07928,9.13,1.16,cotton,19
SC02-07929,3.25,3.55,delicate,70
SC02-07930,9.0,1.15,delicate,26
SC02-07931,8.0,6.06,cotton,33
SC02-07932,8.01,5.83,heavy,8
SC02-07933,2.02,5.01,heavy,88
SC02-07934,1.76,3.96,heavy,11
SC02-07935,1.86,2.29,cotton,14
SC02-07936,7.68,1.63,cotton,79
SC02-07937,0.86,5.72,cotton,64
SC02-07938,0.84,2.18,delicate,37
SC02-07939,5.92,2.79,delicate,20
SC02-07940,6.18,7.63,delicate,71
SC02-07941,5.45,4.46,delicate,74
SC02-07942,3.8,3.59,synthetic,20
SC02-07943,1.88,6.68,delicate,86
SC02-07944,5.76,4.93,cotton,8
SC02-07945,6.71,1.94,heavy,71
SC02-07946,7.27,5.72,delicate,56
SC02-07947,9.59,2.25,heavy,80
SC02-07948,3.99,0.9,synthetic,91
SC02-07949,8.8,7.93,heavy,10
SC02-07950,0.11,5.41,delicate,79
SC02-07951,1.15,4.3,heavy,37
SC02-07952,0.36,6.6,delicate,14
SC02-07953,2.39,2.04,cotton,2
SC02-07954,7.63,7.9,synthetic,33
SC02-07955,5.92,3.72,heavy,9
SC02-07956,2.56,4.39,heavy,44
SC02-07957,0.58,5.87,heavy,44
SC02-07958,7.51,1.65,heavy,19
SC02-07959,2.26,6.69,cotton,15
SC02-07960,3.94,6.76,heavy,82
SC02-07961,5.04,1.08,delicate,40
SC02-07962,7.71,5.68,heavy,3
SC02-07963,9.54,6.2,heavy,98
SC02-07964,2.06,3.68,heavy,2
SC02-07965,0.14,4.95,synthetic,51
SC02-07966,9.14,6.97,heavy,50
SC02-07967,6.86,2.34,cotton,98
SC02-07968,2.48,5.68,delicate,3
SC02-07969,4.93,6.07,synthetic,66
SC02-07970,8.19,6.36,heavy,8
SC02-07971,2.74,0.86,heavy,25
SC02-07972,2.5,2.12,cotton,3
SC02-07973,7.99,3.55,heavy,37
SC02-07974,2.85,5.72,cotton,79
SC02-07975,8.75,1.78,heavy,42
SC02-07976,6.0,0.54,heavy,23
SC02-07977,1.42,6.88,synthetic,69
SC02-07978,8.38,1.56,synthetic,70
SC02-07979,9.46,6.07,synthetic,40
SC02-07980,9.99,1.34,delicate,73
SC02-07981,9.55,6.36,cotton,39
SC02-07982,5.19,1.74,cotton,54
SC02-07983,4.96,4.71,cotton,70
SC02-07984,7.1,1.97,cotton,18
SC02-07985,9.53,4.49,delicate,33
SC02-07986,6.95,3.58,heavy,46
SC02-07987,5.19,3.6,synthetic,66
SC02-07988,4.31,4.1,synthetic,12
SC02-07989,3.93,4.18,delicate,16
SC02-07990,0.39,2.21,heavy,42
SC02-07991,3.45,1.76,heavy,61
SC02-07992,4.0,1.41,synthetic,65
SC02-07993,3.02,4.35,delicate,95
SC02-07994,7.76,2.4,delicate,47
SC02-07995,4.39,4.58,synthetic,91
SC02-07996,2.14,3.34,delicate,9
SC02-07997,4.14,3.36,delicate,39
SC02-07998,3.87,0.73,cotton,48
SC02-07999,0.76,4.37,cotton,51
SC02-08000,7.49,0.67,synthetic,43
SC02-08001,3.4,5.23,heavy,44
SC02-08002,9.1,1.82,heavy,64
SC02-08003,9.7,3.35,synthetic,99
SC02-08004,9.71,7.94,heavy,57
SC02-08005,0.9,2.5,delicate,25
SC02-08006,2.9,6.49,synthetic,80
SC02-08007,6.86,2.61,synthetic,72
SC02-08008,3.54,3.58,heavy,3
SC02-08009,0.09,7.94,delicate,11
SC02-08010,6.01,3.6,cotton,19
SC02-08011,4.97,1.62,cotton,66
SC02-08012,3.76,4.9,synthetic,87
SC02-08013,1.26,1.24,heavy,95
SC02-08014,8.72,2.06,cotton,68
SC02-08015,3.68,6.4,delicate,74
SC02-08016,3.25,5.59,heavy,2
SC02-08017,9.8,4.89,synthetic,3
SC02-08018,7.81,5.03,delicate,52
SC02-08019,6.83,7.3,delicate,69
SC02-08020,1.14,1.92,synthetic,96
SC02-08021,7.74,0.64,synthetic,67
SC02-08022,6.28,4.71,cotton,95
SC02-08023,9.61,6.6,delicate,1
SC02-08024,6.91,1.8,heavy,73
SC02-08025,3.31,5.46,synthetic,90
SC02-08026,1.24,6.58,synthetic,32
SC02-08027,2.85,6.12,heavy,73
SC02-08028,3.29,1.54,delicate,94
SC02-08029,7.52,4.07,synthetic,55
SC02-08030,1.3,3.07,delicate,1
SC02-08031,1.12,7.75,delicate,82
SC02-08032,9.93,2.04,synthetic,59
SC02-08033,5.8,6.37,synthetic,74
SC02-08034,1.84,2.85,delicate,52
SC02-08035,7.12,4.63,cotton,54
SC02-08036,2.78,5.99,heavy,91
SC02-08037,0.91,7.67,delicate,6
SC02-08038,0.9,0.6,delicate,16
SC02-08039,6.83,5.17,synthetic,57
SC02-08040,4.05,1.06,cotton,5
SC02-08041,8.56,7.05,synthetic,71
SC02-08042,2.82,5.74,synthetic,22
SC02-08043,6.26,7.18,cotton,40
SC02-08044,7.14,6.3,cotton,81
SC02-08045,2.13,1.77,heavy,91
SC02-08046,3.59,3.54,heavy,73
SC02-08047,9.94,1.44,cotton,6
SC02-08048,9.18,3.61,synthetic,48
SC02-08049,2.74,3.92,heavy,12
SC02-08050,8.28,3.06,cotton,93
SC02-08051,7.29,0.99,heavy,4
SC02-08052,6.75,4.41,synthetic,9
SC02-08053,9.32,7.52,heavy,93
SC02-08054,5.77,1.37,heavy,15
SC02-08055,0.76,7.5,synthetic,32
SC02-08056,3.82,5.37,delicate,74
SC02-08057,8.56,2.31,heavy,46
SC02-08058,8.0,1.79,synthetic,62
SC02-08059,2.13,5.99,synthetic,90
SC02-08060,1.85,4.23,heavy,37
SC02-08061,5.6,6.79,heavy,58
SC02-08062,0.05,4.02,delicate,80
SC02-08063,1.47,2.32,synthetic,12
SC02-08064,1.57,6.13,delicate,70
SC02-08065,9.69,6.16,heavy,61
SC02-08066,5.72,4.89,heavy,85
SC02-08067,4.06,5.96,cotton,69
SC02-08068,4.3,7.33,cotton,70
SC02-08069,9.93,6.72,synthetic,58
SC02-08070,0.63,2.81,cotton,13
SC02-08071,7.69,0.51,delicate,24
SC02-08072,6.83,6.09,delicate,96
SC02-08073,7.49,6.82,delicate,57
SC02-08074,0.47,2.34,delicate,67
SC02-08075,6.32,6.14,heavy,91
SC02-08076,7.05,3.76,cotton,21
SC02-08077,0.37,6.5,delicate,73
SC02-08078,9.64,7.18,cotton,34
SC02-08079,5.05,4.95,heavy,62
SC02-08080,7.23,4.56,heavy,87
SC02-08081,1.76,3.57,delicate,60
SC02-08082,7.98,5.55,synthetic,43
SC02-08083,3.95,3.81,heavy,60
SC02-08084,3.95,5.58,delicate,98
SC02-08085,5.98,1.7,delicate,57
SC02-08086,9.98,2.54,heavy,73
SC02-08087,3.5,6.94,delicate,24
SC02-08088,3.07,6.24,cotton,7
SC02-08089,1.86,7.81,heavy,78
SC02-08090,9.92,2.19,cotton,16
SC02-08091,8.45,3.42,synthetic,44
SC02-08092,1.72,7.45,heavy,28
SC02-08093,2.42,5.09,delicate,59
SC02-08094,7.53,6.65,delicate,93
SC02-08095,3.81,3.01,heavy,65
SC02-08096,3.43,5.35,synthetic,59
SC02-08097,4.0,4.09,delicate,16
SC02-08098,3.43,4.68,heavy,97
SC02-08099,6.33,4.95,delicate,7
SC02-08100,7.2,3.19,cotton,51
SC02-08101,7.23,6.25,cotton,24
SC02-08102,1.36,3.76,cotton,33
SC02-08103,1.3,4.5,synthetic,89
SC02-08104,4.0,6.3,cotton,59
SC02-08105,1.4,6.4,cotton,63
SC02-08106,6.74,1.9,cotton,13
SC02-08107,0.35,6.57,heavy,98
SC02-08108,7.33,5.86,delicate,0
SC02-08109,5.43,4.88,cotton,83
SC02-08110,2.08,7.52,delicate,26
SC02-08111,7.43,0.58,cotton,24
SC02-08112,2.33,6.21,delicate,80
SC02-08113,6.27,7.15,cotton,68
SC02-08114,2.81,3.49,delicate,16
SC02-08115,3.6,4.15,delicate,34
SC02-08116,4.65,3.8,synthetic,96
SC02-08117,9.35,5.58,heavy,53
SC02-08118,5.71,3.39,delicate,83
SC02-08119,6.28,2.72,synthetic,39
SC02-08120,3.02,6.74,cotton,12
SC02-08121,3.68,5.49,cotton,59
SC02-08122,6.21,1.68,synthetic,3
SC02-08123,3.23,5.85,heavy,25
SC02-08124,6.48,7.93,heavy,66
SC02-08125,5.29,5.13,synthetic,92
SC02-08126,9.62,4.45,cotton,81
SC02-08127,8.03,0.79,heavy,78
SC02-08128,9.1,4.02,cotton,86
SC02-08129,2.11,5.7,delicate,30
SC02-08130,1.65,4.95,synthetic,96
SC02-08131,5.82,5.56,synthetic,46
SC02-08132,7.79,5.61,delicate,16
SC02-08133,3.32,3.47,heavy,94
SC02-08134,6.49,3.54,delicate,51
SC02-08135,6.46,2.17,synthetic,63
SC02-08136,4.18,1.2,synthetic,72
SC02-08137,5.77,4.49,cotton,18
SC02-08138,5.6,3.19,delicate,93
SC02-08139,0.01,4.46,cotton,39
SC02-08140,1.47,4.02,cotton,19
SC02-08141,1.03,3.14,heavy,30
SC02-08142,9.08,3.81,cotton,73
SC02-08143,6.77,3.61,synthetic,78
SC02-08144,3.37,4.97,delicate,25
SC02-08145,5.56,3.11,synthetic,53
SC02-08146,3.62,6.34,synthetic,25
SC02-08147,0.74,0.94,heavy,27
SC02-08148,0.31,1.62,delicate,2
SC02-08149,6.62,6.02,heavy,26
SC02-08150,3.8,3.32,cotton,44
SC02-08151,7.36,5.43,heavy,26
SC02-08152,7.2,6.7,cotton,93
SC02-08153,2.05,7.39,heavy,34
SC02-08154,5.64,4.99,delicate,54
SC02-08155,6.68,0.54,delicate,74
SC02-08156,1.24,5.02,synthetic,70
SC02-08157,5.19,3.47,delicate,95
SC02-08158,4.42,7.82,cotton,52
SC02-08159,3.1,7.43,heavy,99
SC02-08160,7.69,7.15,cotton,85
SC02-08161,4.69,3.18,synthetic,80
SC02-08162,9.39,1.19,heavy,7
SC02-08163,7.87,5.12,delicate,76
SC02-08164,1.98,1.23,heavy,37
SC02-08165,9.15,6.28,synthetic,81
SC02-08166,9.5,1.31,synthetic,44
SC02-08167,7.51,6.61,synthetic,53
SC02-08168,4.35,4.81,synthetic,32
SC02-08169,9.14,6.45,cotton,69
SC02-08170,4.4,4.62,delicate,95
SC02-08171,7.71,7.19,synthetic,16
SC02-08172,5.01,4.79,synthetic,49
SC02-08173,4.37,7.39,delicate,70
SC02-08174,1.91,4.57,synthetic,94
SC02-08175,4.49,1.18,cotton,56
SC02-08176,2.73,6.61,synthetic,5
SC02-08177,6.06,3.52,synthetic,79
SC02-08178,2.14,0.8,cotton,95
SC02-08179,3.23,1.62,delicate,65
SC02-08180,8.61,5.34,heavy,35
SC02-08181,3.93,5.06,cotton,33
SC02-08182,9.3,2.74,cotton,45
SC02-08183,2.51,3.54,synthetic,22
SC02-08184,9.97,1.9,delicate,87
SC02-08185,3.56,0.74,cotton,64
SC02-08186,4.52,0.54,delicate,26
SC02-08187,3.3,2.83,synthetic,48
SC02-08188,4.27,7.29,delicate,27
SC02-08189,4.77,2.45,synthetic,58
SC02-08190,4.3,7.36,delicate,84
SC02-08191,7.42,1.11,delicate,23
SC02-08192,1.77,6.59,delicate,96
SC02-08193,2.38,4.81,heavy,89
SC02-08194,3.13,3.13,heavy,90
SC02-08195,5.03,7.45,delicate,81
SC02-08196,5.63,5.29,delicate,100
SC02-08197,8.29,1.42,cotton,27
SC02-08198,2.17,1.48,heavy,91
SC02-08199,7.15,3.51,delicate,28
SC02-08200,5.16,2.87,delicate,98
SC02-08201,8.63,1.76,synthetic,100
SC02-08202,8.55,1.95,delicate,13
SC02-08203,9.92,7.13,delicate,23
SC02-08204,8.56,6.58,heavy,12
SC02-08205,9.63,1.19,synthetic,71
SC02-08206,0.55,6.11,delicate,76
SC02-08207,2.95,4.76,delicate,24
SC02-08208,9.13,5.19,synthetic,4
SC02-08209,8.77,3.02,delicate,85
SC02-08210,8.13,6.58,cotton,73
SC02-08211,4.12,3.79,heavy,84
SC02-08212,4.92,4.12,delicate,82
SC02-08213,3.11,7.61,cotton,90
SC02-08214,1.63,6.77,synthetic,2
SC02-08215,4.9,7.34,delicate,76
SC02-08216,4.23,1.65,cotton,26
SC02-08217,8.13,1.06,cotton,35
SC02-08218,5.76,1.72,cotton,5
SC02-08219,5.63,7.57,synthetic,5
SC02-08220,6.66,7.58,cotton,61
SC02-08221,8.73,1.05,heavy,63
SC02-08222,3.63,4.67,heavy,19
SC02-08223,7.16,2.41,delicate,49
SC02-08224,3.99,1.01,cotton,53
SC02-08225,7.89,6.05,delicate,83
SC02-08226,2.3,0.95,heavy,75
SC02-08227,9.97,3.28,delicate,54
SC02-08228,3.18,5.55,cotton,14
SC02-08229,1.18,3.74,delicate,69
SC02-08230,0.82,1.41,cotton,85
SC02-08231,7.1,6.35,cotton,25
SC02-08232,0.59,2.93,heavy,74
SC02-08233,7.21,1.52,heavy,100
SC02-08234,1.51,1.36,synthetic,84
SC02-08235,3.41,3.73,delicate,2
SC02-08236,8.81,5.78,delicate,73
SC02-08237,7.63,6.95,delicate,36
SC02-08238,3.59,3.08,delicate,8
SC02-08239,1.41,0.87,cotton,54
SC02-08240,0.06,1.42,synthetic,99
SC02-08241,1.03,5.67,delicate,32
SC02-08242,2.55,6.47,heavy,5
SC02-08243,8.76,5.76,heavy,13
SC02-08244,2.57,6.53,cotton,34
SC02-08245,4.25,2.94,synthetic,72
SC02-08246,8.75,0.72,heavy,1
SC02-08247,5.91,6.59,synthetic,64
SC02-08248,0.35,6.71,heavy,33
SC02-08249,3.4,3.74,cotton,87
SC02-08250,6.18,4.6,synthetic,73
SC02-08251,6.54,4.15,cotton,77
SC02-08252,9.83,1.09,cotton,85
SC02-08253,6.19,0.62,synthetic,58
SC02-08254,9.3,7.98,heavy,55
SC02-08255,1.79,6.86,synthetic,58
SC02-08256,4.06,3.43,delicate,76
SC02-08257,8.06,1.96,delicate,50
SC02-08258,9.38,7.75,heavy,17
SC02-08259,5.24,5.23,delicate,60
SC02-08260,9.89,5.54,heavy,66
SC02-08261,3.2,7.3,cotton,100
SC02-08262,9.62,3.41,heavy,49
SC02-08263,0.85,6.19,heavy,17
SC02-08264,7.69,4.55,heavy,1
SC02-08265,7.68,2.81,cotton,34
SC02-08266,8.08,3.5,heavy,61
SC02-08267,6.5,1.44,synthetic,48
SC02-08268,1.57,4.23,heavy,87
SC02-08269,2.95,1.69,synthetic,63
SC02-08270,9.52,2.05,cotton,41
SC02-08271,1.48,1.84,cotton,43
SC02-08272,1.51,6.71,heavy,4
SC02-08273,0.01,2.91,synthetic,76
SC02-08274,3.9,0.97,cotton,13
SC02-08275,3.62,6.87,synthetic,98
SC02-08276,1.5,5.19,cotton,42
SC02-08277,1.99,1.16,delicate,65
SC02-08278,2.72,7.39,delicate,42
SC02-08279,6.13,6.72,cotton,36
SC02-08280,6.64,2.32,cotton,92
SC02-08281,7.18,1.43,delicate,18
SC02-08282,9.21,4.84,synthetic,95
SC02-08283,2.26,1.32,synthetic,89
SC02-08284,6.41,1.06,delicate,68
SC02-08285,9.26,4.14,cotton,33
SC02-08286,6.95,6.5,cotton,87
SC02-08287,8.43,3.99,heavy,75
SC02-08288,7.62,1.63,synthetic,5
SC02-08289,7.56,1.23,delicate,54
SC02-08290,9.31,1.6,delicate,27
SC02-08291,4.92,7.55,delicate,64
SC02-08292,1.09,0.62,delicate,87
SC02-08293,5.67,1.63,synthetic,20
SC02-08294,9.73,3.08,heavy,66
SC02-08295,7.72,6.16,heavy,27
SC02-08296,6.79,3.21,heavy,57
SC02-08297,9.72,6.32,synthetic,16
SC02-08298,4.17,6.25,synthetic,64
SC02-08299,5.23,4.5,cotton,95
SC02-08300,7.57,4.2,cotton,40
SC02-08301,3.11,6.11,cotton,81
SC02-08302,3.22,2.95,delicate,59
SC02-08303,9.7,5.6,cotton,70
SC02-08304,0.25,0.85,cotton,32
SC02-08305,3.36,2.23,cotton,65
SC02-08306,9.62,1.69,synthetic,56
SC02-08307,3.97,3.76,heavy,90
SC02-08308,0.44,1.46,heavy,38
SC02-08309,3.21,5.72,heavy,10
SC02-08310,7.23,1.47,heavy,40
SC02-08311,2.08,5.63,cotton,91
SC02-08312,9.11,4.67,cotton,13
SC02-08313,3.71,6.13,cotton,50
SC02-08314,1.28,5.43,delicate,61
SC02-08315,8.41,5.84,delicate,32
SC02-08316,7.9,2.47,delicate,81
SC02-08317,8.19,0.61,heavy,10
SC02-08318,2.77,2.65,cotton,75
SC02-08319,7.88,4.98,synthetic,45
SC02-08320,7.08,2.84,cotton,27
SC02-08321,0.69,6.47,heavy,12
SC02-08322,8.11,5.63,synthetic,29
SC02-08323,2.27,2.32,synthetic,100
SC02-08324,5.81,3.88,heavy,78
SC02-08325,4.67,1.19,delicate,95
SC02-08326,2.06,5.25,cotton,37
SC02-08327,3.02,5.0,synthetic,94
SC02-08328,7.11,5.76,heavy,80
SC02-08329,0.69,4.48,delicate,60
SC02-08330,5.12,0.9,cotton,14
SC02-08331,3.66,4.93,heavy,77
SC02-08332,2.55,3.92,cotton,65
SC02-08333,1.28,7.27,delicate,26
SC02-08334,2.14,1.7,cotton,29
SC02-08335,8.71,2.91,delicate,56
SC02-08336,0.14,3.88,delicate,39
SC02-08337,7.32,7.09,cotton,50
SC02-08338,5.56,2.82,heavy,92
SC02-08339,8.59,2.42,heavy,2
SC02-08340,2.21,3.39,synthetic,51
SC02-08341,0.13,5.54,heavy,48
SC02-08342,9.62,1.54,cotton,15
SC02-08343,8.65,1.86,cotton,15
SC02-08344,5.81,7.46,heavy,68
SC02-08345,1.65,4.67,synthetic,97
SC02-08346,4.4,3.7,cotton,76
SC02-08347,2.06,6.88,synthetic,92
SC02-08348,7.79,5.33,heavy,72
SC02-08349,1.66,6.2,heavy,51
SC02-08350,6.6,3.48,synthetic,69
SC02-08351,3.52,2.24,cotton,25
SC02-08352,2.52,7.36,cotton,43
SC02-08353,5.21,5.95,delicate,14
SC02-08354,9.67,5.43,heavy,44
SC02-08355,0.98,7.75,cotton,15
SC02-08356,0.29,3.42,cotton,59
SC02-08357,5.57,1.16,delicate,39
SC02-08358,5.59,5.94,cotton,48
SC02-08359,2.52,7.62,delicate,10
SC02-08360,6.89,5.95,synthetic,46
SC02-08361,7.38,6.65,synthetic,73
SC02-08362,9.32,1.75,cotton,63
SC02-08363,5.74,1.98,delicate,26
SC02-08364,7.63,3.58,heavy,43
SC02-08365,5.76,1.83,heavy,59
SC02-08366,4.28,4.19,heavy,46
SC02-08367,5.68,3.21,heavy,9
SC02-08368,2.09,6.32,delicate,62
SC02-08369,2.57,4.97,synthetic,28
SC02-08370,7.74,7.97,delicate,70
SC02-08371,6.52,6.5,cotton,55
SC02-08372,7.87,6.91,cotton,25
SC02-08373,6.08,0.6,heavy,51
SC02-08374,1.15,6.99,delicate,12
SC02-08375,0.75,2.18,delicate,42
SC02-08376,3.08,7.75,synthetic,36
SC02-08377,1.83,1.99,synthetic,63
SC02-08378,6.18,6.19,synthetic,74
SC02-08379,6.04,1.15,heavy,12
SC02-08380,8.0,3.38,synthetic,58
SC02-08381,7.04,0.64,delicate,43
SC02-08382,9.81,4.11,delicate,48
SC02-08383,4.54,7.54,heavy,59
SC02-08384,6.66,3.4,cotton,4
SC02-08385,5.84,3.46,delicate,23
SC02-08386,7.62,3.94,heavy,39
SC02-08387,2.24,1.8,synthetic,65
SC02-08388,7.98,4.76,heavy,20
SC02-08389,8.96,7.33,heavy,13
SC02-08390,6.65,6.15,synthetic,46
SC02-08391,9.15,3.83,cotton,20
SC02-08392,7.68,4.17,delicate,15
SC02-08393,1.16,3.02,delicate,59
SC02-08394,6.76,2.04,cotton,93
SC02-08395,8.37,3.6,heavy,65
SC02-08396,3.4,4.31,heavy,96
SC02-08397,0.63,7.46,synthetic,86
SC02-08398,6.05,2.0,synthetic,64
SC02-08399,3.79,7.76,synthetic,27
SC02-08400,9.49,7.37,heavy,35
SC02-08401,2.72,4.22,cotton,48
SC02-08402,2.01,4.18,heavy,84
SC02-08403,4.24,6.51,synthetic,76
SC02-08404,3.94,7.04,synthetic,94
SC02-08405,3.35,3.83,heavy,49
SC02-08406,6.19,6.64,synthetic,56
SC02-08407,7.45,3.12,cotton,35
SC02-08408,8.54,7.3,synthetic,82
SC02-08409,0.36,5.29,synthetic,3
SC02-08410,7.75,2.31,heavy,21
SC02-08411,6.01,0.54,synthetic,86
SC02-08412,8.32,4.43,heavy,40
SC02-08413,8.78,5.31,synthetic,42
SC02-08414,8.78,2.28,synthetic,35
SC02-08415,5.54,7.56,heavy,67
SC02-08416,0.07,2.22,cotton,25
SC02-08417,7.29,3.29,heavy,74
SC02-08418,1.88,5.91,delicate,31
SC02-08419,4.07,3.35,delicate,89
SC02-08420,9.19,6.59,delicate,60
SC02-08421,2.21,2.07,synthetic,11
SC02-08422,3.52,5.91,heavy,27
SC02-08423,1.77,7.92,synthetic,3
SC02-08424,3.14,0.84,cotton,52
SC02-08425,3.61,2.23,heavy,80
SC02-08426,5.81,2.04,synthetic,50
SC02-08427,4.67,5.36,synthetic,88
SC02-08428,9.83,6.42,heavy,55
SC02-08429,7.46,2.36,cotton,62
SC02-08430,1.97,6.38,heavy,33
SC02-08431,1.11,4.96,delicate,90
SC02-08432,9.55,4.82,delicate,6
SC02-08433,8.77,0.66,heavy,55
SC02-08434,0.45,6.53,delicate,87
SC02-08435,8.74,2.96,heavy,38
SC02-08436,9.77,2.47,heavy,60
SC02-08437,5.66,4.02,cotton,30
SC02-08438,8.63,0.66,delicate,33
SC02-08439,2.52,7.17,heavy,83
SC02-08440,3.71,5.79,heavy,67
SC02-08441,5.9,6.91,delicate,44
SC02-08442,6.69,6.26,cotton,52
SC02-08443,0.32,6.2,delicate,92
SC02-08444,4.03,4.46,synthetic,55
SC02-08445,7.56,0.95,delicate,81
SC02-08446,8.46,5.75,delicate,20
SC02-08447,6.0,2.29,heavy,12
SC02-08448,8.63,4.77,cotton,24
SC02-08449,4.92,2.4,synthetic,86
SC02-08450,1.02,6.02,cotton,31
SC02-08451,4.98,7.51,heavy,1
SC02-08452,3.34,5.7,delicate,62
SC02-08453,5.79,6.19,heavy,82
SC02-08454,3.63,7.15,heavy,34
SC02-08455,0.41,0.77,heavy,67
SC02-08456,2.05,4.53,synthetic,56
SC02-08457,5.31,2.52,cotton,1
SC02-08458,2.28,4.38,synthetic,59
SC02-08459,2.13,7.47,synthetic,84
SC02-08460,2.85,5.59,synthetic,33
SC02-08461,6.2,4.09,delicate,78
SC02-08462,0.1,1.38,heavy,70
SC02-08463,8.69,4.3,heavy,32
SC02-08464,2.46,7.61,heavy,63
SC02-08465,7.44,2.94,synthetic,33
SC02-08466,9.94,7.17,synthetic,95
SC02-08467,5.88,0.68,cotton,80
SC02-08468,0.34,5.2,synthetic,55
SC02-08469,0.05,5.85,synthetic,19
SC02-08470,4.23,5.19,delicate,15
SC02-08471,7.43,1.69,delicate,16
SC02-08472,6.07,4.99,heavy,48
SC02-08473,1.96,0.66,cotton,31
SC02-08474,3.58,7.73,synthetic,33
SC02-08475,9.69,7.84,delicate,56
SC02-08476,5.97,4.95,synthetic,35
SC02-08477,8.05,6.81,cotton,87
SC02-08478,4.63,7.43,delicate,15
SC02-08479,1.46,7.81,synthetic,27
SC02-08480,0.93,7.82,synthetic,0
SC02-08481,0.22,1.46,delicate,85
SC02-08482,9.47,1.55,delicate,97
SC02-08483,9.97,6.91,cotton,7
SC02-08484,3.01,7.06,delicate,72
SC02-08485,2.38,7.76,synthetic,38
SC02-08486,5.31,5.82,cotton,66
SC02-08487,3.59,6.17,heavy,76
SC02-08488,4.47,2.03,cotton,34
SC02-08489,8.31,2.97,synthetic,30
SC02-08490,5.26,1.29,delicate,68
SC02-08491,1.57,1.59,cotton,97
SC02-08492,5.15,1.54,synthetic,16
SC02-08493,5.87,7.01,delicate,64
SC02-08494,3.43,7.03,synthetic,82
SC02-08495,4.67,3.64,delicate,43
SC02-08496,9.05,4.94,cotton,6
SC02-08497,9.37,1.43,heavy,93
SC02-08498,7.27,6.73,synthetic,38
SC02-08499,2.62,4.26,heavy,13
SC02-08500,6.75,3.04,synthetic,65
SC02-08501,5.54,4.89,delicate,91
SC02-08502,8.45,6.03,cotton,83
SC02-08503,2.55,3.55,synthetic,5
SC02-08504,2.37,2.99,heavy,52
SC02-08505,5.96,3.21,synthetic,76
SC02-08506,6.98,6.3,cotton,47
SC02-08507,8.61,4.31,delicate,7
SC02-08508,5.08,5.84,cotton,57
SC02-08509,4.39,2.97,heavy,98
SC02-08510,8.36,5.21,heavy,34
SC02-08511,3.72,7.05,synthetic,36
SC02-08512,8.79,1.38,cotton,65
SC02-08513,4.47,6.89,cotton,61
SC02-08514,5.96,5.12,delicate,63
SC02-08515,0.62,2.64,synthetic,46
SC02-08516,6.0,2.63,synthetic,72
SC02-08517,6.88,3.62,synthetic,92
SC02-08518,8.45,1.29,heavy,16
SC02-08519,1.97,4.73,heavy,84
SC02-08520,8.45,1.38,synthetic,46
SC02-08521,5.86,3.08,delicate,21
SC02-08522,7.77,3.73,synthetic,79
SC02-08523,7.34,0.66,synthetic,15
SC02-08524,7.82,7.33,cotton,62
SC02-08525,1.48,4.12,synthetic,25
SC02-08526,8.05,7.56,synthetic,14
SC02-08527,6.93,2.01,delicate,63
SC02-08528,9.06,5.28,delicate,7
SC02-08529,3.39,7.7,synthetic,71
SC02-08530,2.41,2.67,synthetic,79
SC02-08531,9.63,7.16,synthetic,55
SC02-08532,8.01,7.69,heavy,71
SC02-08533,9.56,5.48,cotton,47
SC02-08534,7.94,7.46,heavy,89
SC02-08535,9.71,6.23,heavy,65
SC02-08536,0.54,6.65,synthetic,97
SC02-08537,0.08,7.91,delicate,3
SC02-08538,5.03,6.19,delicate,37
SC02-08539,2.01,4.05,synthetic,42
SC02-08540,6.8,4.69,cotton,11
SC02-08541,6.26,4.84,cotton,28
SC02-08542,3.91,3.38,delicate,99
SC02-08543,9.38,5.61,cotton,8
SC02-08544,6.68,3.65,synthetic,82
SC02-08545,6.79,7.85,delicate,47
SC02-08546,3.72,6.22,cotton,76
SC02-08547,0.78,1.31,cotton,22
SC02-08548,0.44,3.54,delicate,4
SC02-08549,6.11,1.92,cotton,90
SC02-08550,2.17,4.78,cotton,63
SC02-08551,5.87,1.89,delicate,85
SC02-08552,6.69,2.27,heavy,66
SC02-08553,1.7,5.41,delicate,71
SC02-08554,5.32,2.08,synthetic,36
SC02-08555,9.53,3.87,delicate,96
SC02-08556,7.56,6.3,heavy,51
SC02-08557,2.48,7.11,cotton,94
SC02-08558,0.08,2.24,delicate,23
SC02-08559,2.94,6.07,heavy,55
SC02-08560,2.92,2.59,heavy,39
SC02-08561,2.75,0.72,heavy,82
SC02-08562,5.59,6.25,cotton,97
SC02-08563,4.95,6.65,heavy,30
SC02-08564,4.42,6.39,synthetic,66
SC02-08565,0.93,5.7,heavy,56
SC02-08566,8.25,2.77,cotton,39
SC02-08567,3.88,3.84,delicate,39
SC02-08568,9.32,2.43,cotton,72
SC02-08569,6.17,3.01,delicate,41
SC02-08570,3.3,3.78,synthetic,83
SC02-08571,1.44,5.11,delicate,19
SC02-08572,6.27,6.44,delicate,71
SC02-08573,9.39,6.54,synthetic,98
SC02-08574,9.55,3.41,heavy,85
SC02-08575,9.96,4.4,delicate,84
SC02-08576,9.86,1.87,cotton,73
SC02-08577,7.82,1.59,cotton,34
SC02-08578,3.84,4.18,cotton,6
SC02-08579,2.27,2.06,heavy,90
SC02-08580,5.58,2.52,heavy,86
SC02-08581,7.12,2.03,heavy,62
SC02-08582,9.2,5.8,synthetic,63
SC02-08583,5.01,0.89,synthetic,100
SC02-08584,3.3,4.88,synthetic,86
SC02-08585,7.76,5.47,synthetic,58
SC02-08586,5.02,4.71,delicate,6
SC02-08587,8.87,3.03,cotton,50
SC02-08588,6.37,4.09,heavy,33
SC02-08589,6.39,7.55,synthetic,27
SC02-08590,9.68,7.37,cotton,59
SC02-08591,0.36,3.58,synthetic,55
SC02-08592,3.55,7.12,synthetic,22
SC02-08593,0.42,2.69,delicate,87
SC02-08594,5.1,3.82,heavy,91
SC02-08595,1.0,3.26,delicate,31
SC02-08596,3.26,5.24,delicate,73
SC02-08597,9.71,3.11,delicate,43
SC02-08598,4.09,5.21,cotton,28
SC02-08599,3.17,6.89,synthetic,6
SC02-08600,5.43,5.19,cotton,23
SC02-08601,8.33,5.82,heavy,54
SC02-08602,4.11,7.96,cotton,62
SC02-08603,6.72,5.69,delicate,99
SC02-08604,2.79,2.05,delicate,0
SC02-08605,4.02,7.4,delicate,94
SC02-08606,8.23,0.82,synthetic,19
SC02-08607,1.27,1.11,synthetic,44
SC02-08608,4.59,6.79,synthetic,74
SC02-08609,8.32,3.55,delicate,42
SC02-08610,8.47,4.05,cotton,44
SC02-08611,6.16,3.72,delicate,37
SC02-08612,2.16,7.28,cotton,5
SC02-08613,3.12,7.01,heavy,61
SC02-08614,7.32,6.07,synthetic,15
SC02-08615,2.21,3.71,delicate,76
SC02-08616,7.51,7.23,cotton,13
SC02-08617,4.01,4.91,synthetic,43
SC02-08618,8.04,2.01,heavy,14
SC02-08619,2.83,3.85,cotton,5
SC02-08620,2.83,1.12,cotton,56
SC02-08621,2.82,6.5,cotton,52
SC02-08622,4.25,3.14,delicate,22
SC02-08623,2.22,3.51,heavy,45
SC02-08624,3.4,0.67,cotton,32
SC02-08625,4.54,2.99,cotton,53
SC02-08626,4.57,1.54,delicate,86
SC02-08627,2.42,5.22,heavy,95
SC02-08628,0.57,3.91,synthetic,14
SC02-08629,0.08,7.17,synthetic,95
SC02-08630,8.45,7.38,heavy,70
SC02-08631,4.87,3.7,delicate,40
SC02-08632,4.62,1.07,delicate,22
SC02-08633,0.83,4.42,heavy,58
SC02-08634,8.7,4.99,cotton,30
SC02-08635,3.65,6.47,cotton,97
SC02-08636,6.96,2.24,synthetic,34
SC02-08637,5.3,6.01,synthetic,10
SC02-08638,8.71,3.64,heavy,7
SC02-08639,8.96,4.86,cotton,18
SC02-08640,8.61,5.8,cotton,4
SC02-08641,1.48,1.82,synthetic,52
SC02-08642,7.5,6.38,synthetic,94
SC02-08643,1.1,0.68,delicate,38
SC02-08644,0.69,6.31,delicate,41
SC02-08645,7.1,4.58,delicate,99
SC02-08646,3.16,0.87,cotton,24
SC02-08647,2.84,6.31,cotton,28
SC02-08648,9.81,2.02,cotton,0
SC02-08649,3.16,5.82,synthetic,89
SC02-08650,3.03,3.99,delicate,0
SC02-08651,5.78,4.55,synthetic,15
SC02-08652,4.06,7.93,cotton,57
SC02-08653,9.29,0.75,cotton,12
SC02-08654,7.86,0.58,synthetic,56
SC02-08655,0.61,6.64,synthetic,90
SC02-08656,7.0,5.17,cotton,27
SC02-08657,9.2,5.21,heavy,11
SC02-08658,4.49,6.8,synthetic,48
SC02-08659,5.29,3.91,heavy,47
SC02-08660,0.37,5.03,heavy,94
SC02-08661,2.37,5.67,cotton,3
SC02-08662,7.63,1.02,delicate,87
SC02-08663,3.47,3.22,delicate,99
SC02-08664,3.78,6.27,cotton,31
SC02-08665,7.17,1.05,cotton,48
SC02-08666,2.88,4.25,synthetic,92
SC02-08667,3.0,3.39,synthetic,45
SC02-08668,8.28,7.84,synthetic,73
SC02-08669,2.03,6.81,heavy,2
SC02-08670,6.64,6.89,heavy,47
SC02-08671,0.07,2.46,cotton,1
SC02-08672,4.69,7.11,synthetic,54
SC02-08673,1.47,7.56,cotton,57
SC02-08674,1.11,5.46,cotton,52
SC02-08675,0.26,1.47,heavy,100
SC02-08676,7.4,7.7,delicate,71
SC02-08677,4.36,6.96,delicate,94
SC02-08678,1.18,7.92,cotton,55
SC02-08679,8.38,4.91,delicate,75
SC02-08680,2.78,4.79,delicate,83
SC02-08681,4.67,0.87,cotton,17
SC02-08682,5.0,3.55,cotton,67
SC02-08683,0.24,7.47,heavy,59
SC02-08684,8.23,6.88,delicate,10
SC02-08685,2.78,4.92,cotton,89
SC02-08686,3.86,1.47,delicate,13
SC02-08687,5.63,3.7,heavy,39
SC02-08688,4.34,7.73,heavy,25
SC02-08689,6.36,7.71,synthetic,49
SC02-08690,6.95,4.72,delicate,75
SC02-08691,8.17,1.62,synthetic,15
SC02-08692,9.71,3.26,cotton,93
SC02-08693,8.34,7.5,heavy,36
SC02-08694,7.31,6.37,cotton,45
SC02-08695,0.45,4.22,delicate,54
SC02-08696,4.67,2.49,heavy,81
SC02-08697,4.73,3.22,delicate,70
SC02-08698,1.31,1.35,heavy,33
SC02-08699,5.1,7.58,synthetic,63
SC02-08700,4.51,2.29,synthetic,83
SC02-08701,5.5,2.12,cotton,47
SC02-08702,3.87,4.84,heavy,96
SC02-08703,1.24,3.13,delicate,10
SC02-08704,6.12,0.96,heavy,32
SC02-08705,4.26,4.83,cotton,48
SC02-08706,8.1,1.34,delicate,72
SC02-08707,4.2,4.89,cotton,26
SC02-08708,3.7,5.59,cotton,80
SC02-08709,0.76,6.23,heavy,71
SC02-08710,2.17,2.91,heavy,67
SC02-08711,1.33,6.48,heavy,47
SC02-08712,2.32,2.97,synthetic,22
SC02-08713,4.24,1.79,cotton,76
SC02-08714,6.76,6.32,heavy,32
SC02-08715,4.8,1.43,cotton,71
SC02-08716,1.58,4.93,cotton,37
SC02-08717,7.46,1.42,cotton,73
SC02-08718,9.74,6.5,cotton,74
SC02-08719,2.21,3.8,heavy,65
SC02-08720,4.32,7.29,delicate,31
SC02-08721,5.68,2.58,heavy,47
SC02-08722,8.36,5.33,delicate,40
SC02-08723,3.26,4.12,heavy,92
SC02-08724,4.83,6.84,delicate,58
SC02-08725,3.01,1.06,cotton,85
SC02-08726,3.01,2.76,synthetic,26
SC02-08727,3.5,4.27,delicate,8
SC02-08728,6.9,4.21,delicate,75
SC02-08729,1.41,7.77,cotton,6
SC02-08730,6.19,4.37,cotton,48
SC02-08731,5.92,6.91,heavy,82
SC02-08732,3.52,3.63,synthetic,25
SC02-08733,1.99,1.25,heavy,58
SC02-08734,9.76,6.55,synthetic,41
SC02-08735,0.17,4.79,synthetic,29
SC02-08736,7.74,4.84,synthetic,34
SC02-08737,8.02,0.95,delicate,2
SC02-08738,3.0,6.94,heavy,33
SC02-08739,6.22,3.12,cotton,14
SC02-08740,9.21,0.51,delicate,64
SC02-08741,5.46,5.3,heavy,78
SC02-08742,8.94,5.17,delicate,27
SC02-08743,9.59,6.22,cotton,47
SC02-08744,4.48,7.65,cotton,67
SC02-08745,3.07,4.27,delicate,12
SC02-08746,0.89,5.87,delicate,24
SC02-08747,3.0,3.27,delicate,82
SC02-08748,0.93,7.83,heavy,36
SC02-08749,8.42,7.09,cotton,49
SC02-08750,1.87,6.74,synthetic,41
SC02-08751,2.84,7.92,delicate,22
SC02-08752,9.62,6.73,synthetic,90
SC02-08753,2.51,3.42,cotton,18
SC02-08754,6.64,4.77,delicate,62
SC02-08755,8.37,1.13,heavy,31
SC02-08756,6.66,2.22,heavy,49
SC02-08757,9.13,7.39,synthetic,33
SC02-08758,4.72,0.87,delicate,53
SC02-08759,0.51,6.44,delicate,6
SC02-08760,4.41,7.96,synthetic,13
SC02-08761,3.91,3.03,delicate,33
SC02-08762,6.32,6.04,cotton,0
SC02-08763,9.13,1.74,delicate,62
SC02-08764,3.38,1.01,delicate,77
SC02-08765,3.37,2.4,delicate,67
SC02-08766,7.32,7.31,synthetic,15
SC02-08767,1.92,5.56,heavy,50
SC02-08768,3.6,6.53,cotton,66
SC02-08769,3.41,7.55,delicate,42
SC02-08770,9.05,5.72,synthetic,70
SC02-08771,1.17,5.35,delicate,85
SC02-08772,3.73,4.05,cotton,72
SC02-08773,0.6,2.97,synthetic,75
SC02-08774,1.78,1.14,delicate,82
SC02-08775,6.86,5.38,cotton,73
SC02-08776,5.83,5.06,delicate,37
SC02-08777,1.1,0.55,delicate,27
SC02-08778,8.16,7.71,heavy,73
SC02-08779,5.81,4.85,synthetic,21
SC02-08780,4.12,1.65,delicate,20
SC02-08781,8.21,0.73,heavy,38
SC02-08782,8.9,1.64,synthetic,89
SC02-08783,3.07,5.14,heavy,51
SC02-08784,3.64,2.73,delicate,88
SC02-08785,5.42,3.98,delicate,31
SC02-08786,6.62,3.93,synthetic,77
SC02-08787,9.52,7.35,synthetic,34
SC02-08788,6.94,4.83,synthetic,24
SC02-08789,7.96,5.89,delicate,12
SC02-08790,0.98,0.96,synthetic,17
SC02-08791,2.18,3.19,cotton,30
SC02-08792,2.9,4.57,delicate,93
SC02-08793,1.25,7.11,synthetic,50
SC02-08794,1.74,3.45,delicate,80
SC02-08795,2.43,6.35,delicate,17
SC02-08796,3.13,7.53,synthetic,20
SC02-08797,2.42,3.68,delicate,57
SC02-08798,4.74,0.72,cotton,79
SC02-08799,9.19,1.98,heavy,81
SC02-08800,7.06,7.25,heavy,60
SC02-08801,3.02,7.79,heavy,62
SC02-08802,8.63,1.06,heavy,83
SC02-08803,3.38,6.45,delicate,2
SC02-08804,2.41,2.14,delicate,47
SC02-08805,8.54,0.64,heavy,18
SC02-08806,2.84,3.96,cotton,44
SC02-08807,2.77,3.74,synthetic,8
SC02-08808,4.37,6.58,cotton,75
SC02-08809,1.78,7.99,heavy,96
SC02-08810,7.24,6.15,cotton,74
SC02-08811,5.51,5.74,cotton,71
SC02-08812,6.58,6.54,cotton,65
SC02-08813,5.77,7.31,cotton,85
SC02-08814,6.27,6.33,heavy,70
SC02-08815,6.51,4.37,heavy,94
SC02-08816,9.19,2.56,cotton,45
SC02-08817,9.04,3.92,cotton,10
SC02-08818,5.21,5.02,cotton,9
SC02-08819,8.21,5.94,cotton,86
SC02-08820,0.81,1.93,cotton,39
SC02-08821,7.07,5.9,synthetic,0
SC02-08822,8.15,7.88,delicate,63
SC02-08823,4.79,0.55,synthetic,72
SC02-08824,2.83,4.83,heavy,25
SC02-08825,7.82,3.92,heavy,90
SC02-08826,9.58,1.44,delicate,30
SC02-08827,5.47,0.59,synthetic,74
SC02-08828,3.58,5.08,synthetic,70
SC02-08829,2.79,3.19,cotton,20
SC02-08830,9.0,4.87,synthetic,12
SC02-08831,1.96,6.85,cotton,90
SC02-08832,0.35,2.96,delicate,44
SC02-08833,2.94,4.86,cotton,84
SC02-08834,6.89,1.32,delicate,3
SC02-08835,5.97,4.23,synthetic,13
SC02-08836,6.73,7.83,heavy,29
SC02-08837,4.02,3.17,delicate,42
SC02-08838,7.34,2.39,heavy,30
SC02-08839,4.97,7.41,cotton,18
SC02-08840,2.37,1.51,heavy,64
SC02-08841,7.87,4.0,delicate,90
SC02-08842,1.99,7.67,cotton,27
SC02-08843,6.33,4.59,cotton,66
SC02-08844,0.8,0.97,cotton,45
SC02-08845,9.45,2.8,heavy,94
SC02-08846,6.82,6.12,cotton,15
SC02-08847,0.71,1.71,synthetic,74
SC02-08848,4.23,6.18,heavy,27
SC02-08849,0.7,2.79,cotton,30
SC02-08850,9.91,1.29,delicate,68
SC02-08851,5.04,1.71,cotton,6
SC02-08852,8.16,5.99,synthetic,100
SC02-08853,9.71,7.16,delicate,3
SC02-08854,2.35,7.46,delicate,65
SC02-08855,8.01,2.33,heavy,38
SC02-08856,5.47,3.29,delicate,86
SC02-08857,0.37,0.83,delicate,64
SC02-08858,1.53,1.07,synthetic,3
SC02-08859,5.44,3.86,cotton,66
SC02-08860,2.62,3.67,heavy,81
SC02-08861,5.5,4.5,cotton,23
SC02-08862,7.59,2.61,heavy,1
SC02-08863,2.1,1.46,delicate,35
SC02-08864,1.88,2.84,heavy,32
SC02-08865,2.13,2.04,synthetic,16
SC02-08866,1.04,3.59,delicate,5
SC02-08867,8.05,2.71,heavy,0
SC02-08868,0.66,5.22,delicate,25
SC02-08869,1.22,3.02,synthetic,95
SC02-08870,4.55,2.78,delicate,92
SC02-08871,4.72,7.82,cotton,87
SC02-08872,6.81,5.59,synthetic,54
SC02-08873,7.55,7.97,heavy,16
SC02-08874,6.57,4.17,delicate,90
SC02-08875,5.23,6.23,heavy,91
SC02-08876,5.54,6.87,heavy,62
SC02-08877,4.24,6.02,synthetic,8
SC02-08878,2.18,4.1,delicate,16
SC02-08879,7.9,5.05,delicate,68
SC02-08880,9.71,2.17,heavy,82
SC02-08881,6.36,1.71,synthetic,64
SC02-08882,4.77,0.79,synthetic,14
SC02-08883,5.87,2.89,heavy,65
SC02-08884,8.08,1.13,heavy,92
SC02-08885,2.23,1.35,delicate,63
SC02-08886,9.62,4.84,heavy,99
SC02-08887,3.12,5.58,cotton,80
SC02-08888,6.34,1.3,heavy,40
SC02-08889,5.1,5.15,delicate,98
SC02-08890,9.84,5.28,cotton,84
SC02-08891,3.91,1.55,synthetic,35
SC02-08892,8.27,5.01,cotton,74
SC02-08893,1.83,1.11,synthetic,32
SC02-08894,0.31,3.58,synthetic,53
SC02-08895,8.96,0.56,delicate,94
SC02-08896,4.68,5.26,synthetic,25
SC02-08897,4.59,5.43,cotton,7
SC02-08898,6.87,3.1,synthetic,92
SC02-08899,3.37,2.14,synthetic,34
SC02-08900,2.82,6.19,delicate,57
SC02-08901,7.59,7.39,heavy,58
SC02-08902,4.68,7.76,cotton,82
SC02-08903,7.16,5.97,delicate,97
SC02-08904,9.25,6.05,heavy,99
SC02-08905,1.4,5.5,synthetic,2
SC02-08906,7.69,5.14,heavy,97
SC02-08907,9.7,7.9,cotton,37
SC02-08908,4.03,5.66,synthetic,85
SC02-08909,4.92,5.7,synthetic,12
SC02-08910,9.43,0.67,synthetic,70
SC02-08911,4.28,4.13,heavy,32
SC02-08912,9.51,1.62,heavy,16
SC02-08913,7.7,2.75,heavy,7
SC02-08914,6.96,4.72,heavy,60
SC02-08915,0.82,6.54,delicate,64
SC02-08916,4.63,6.34,cotton,31
SC02-08917,1.57,3.97,delicate,88
SC02-08918,2.85,2.7,delicate,59
SC02-08919,2.44,2.81,heavy,84
SC02-08920,4.23,4.48,heavy,84
SC02-08921,8.92,5.01,delicate,96
SC02-08922,2.14,6.32,synthetic,29
SC02-08923,5.13,1.26,heavy,56
SC02-08924,6.24,7.09,cotton,33
SC02-08925,4.04,4.8,synthetic,59
SC02-08926,0.22,6.91,delicate,13
SC02-08927,9.29,5.6,delicate,11
SC02-08928,5.12,6.26,synthetic,31
SC02-08929,1.36,1.13,synthetic,45
SC02-08930,6.89,6.62,delicate,65
SC02-08931,7.87,1.75,synthetic,76
SC02-08932,0.81,6.63,delicate,2
SC02-08933,2.46,2.32,heavy,34
SC02-08934,1.98,6.82,synthetic,48
SC02-08935,8.06,4.02,delicate,100
SC02-08936,6.89,2.07,cotton,40
SC02-08937,0.91,5.37,cotton,26
SC02-08938,1.23,6.66,synthetic,13
SC02-08939,6.37,1.35,delicate,81
SC02-08940,1.38,3.34,heavy,13
SC02-08941,2.48,3.52,cotton,6
SC02-08942,7.84,3.2,cotton,22
SC02-08943,0.75,5.56,synthetic,20
SC02-08944,6.47,3.68,heavy,83
SC02-08945,9.86,2.33,synthetic,25
SC02-08946,5.61,5.52,synthetic,99
SC02-08947,4.24,1.43,heavy,13
SC02-08948,9.63,2.85,synthetic,34
SC02-08949,7.35,3.6,delicate,68
SC02-08950,2.75,6.7,synthetic,26
SC02-08951,4.39,6.3,synthetic,68
SC02-08952,9.71,3.51,cotton,92
SC02-08953,6.41,3.27,delicate,34
SC02-08954,8.52,4.85,synthetic,4
SC02-08955,1.83,1.94,cotton,44
SC02-08956,5.55,4.95,synthetic,65
SC02-08957,0.56,2.05,synthetic,82
SC02-08958,1.71,4.38,synthetic,3
SC02-08959,9.26,4.22,delicate,63
SC02-08960,7.16,4.31,heavy,27
SC02-08961,3.61,6.41,synthetic,16
SC02-08962,3.58,2.6,heavy,63
SC02-08963,4.89,2.4,synthetic,72
SC02-08964,3.91,6.46,cotton,4
SC02-08965,3.06,2.62,delicate,6
SC02-08966,4.35,3.4,cotton,49
SC02-08967,2.98,3.76,heavy,46
SC02-08968,8.06,6.52,heavy,59
SC02-08969,5.94,6.39,synthetic,83
SC02-08970,8.65,5.4,heavy,2
SC02-08971,5.83,1.55,delicate,32
SC02-08972,0.24,1.68,synthetic,32
SC02-08973,8.1,3.16,cotton,77
SC02-08974,4.35,1.19,heavy,7
SC02-08975,5.74,7.94,cotton,18
SC02-08976,8.42,6.07,heavy,3
SC02-08977,4.4,1.57,cotton,46
SC02-08978,6.68,7.2,delicate,90
SC02-08979,4.77,2.01,heavy,99
SC02-08980,0.57,1.49,delicate,83
SC02-08981,8.25,6.12,synthetic,31
SC02-08982,6.74,4.98,synthetic,34
SC02-08983,9.38,3.95,synthetic,19
SC02-08984,6.86,2.32,delicate,100
SC02-08985,8.51,4.94,synthetic,72
SC02-08986,4.14,2.47,synthetic,77
SC02-08987,6.99,7.22,synthetic,58
SC02-08988,7.33,7.07,cotton,57
SC02-08989,7.25,5.94,heavy,90
SC02-08990,8.74,5.61,cotton,56
SC02-08991,7.29,4.47,cotton,18
SC02-08992,9.32,2.6,delicate,20
SC02-08993,2.13,7.74,heavy,85
SC02-08994,9.14,4.07,delicate,59
SC02-08995,4.09,6.62,delicate,98
SC02-08996,6.66,7.84,synthetic,93
SC02-08997,9.23,3.02,synthetic,12
SC02-08998,0.81,4.64,cotton,64
SC02-08999,0.79,1.42,delicate,44
SC02-09000,0.07,1.52,cotton,68
SC02-09001,7.18,1.71,heavy,99
SC02-09002,6.5,5.59,synthetic,75
SC02-09003,3.57,6.45,cotton,56
SC02-09004,7.8,7.25,heavy,61
SC02-09005,7.95,1.87,cotton,40
SC02-09006,6.99,2.13,cotton,81
SC02-09007,9.95,3.93,cotton,91
SC02-09008,4.4,7.73,heavy,98
SC02-09009,7.46,1.9,synthetic,15
SC02-09010,0.41,1.53,delicate,62
SC02-09011,4.41,1.74,synthetic,24
SC02-09012,8.94,5.2,heavy,72
SC02-09013,6.66,3.37,synthetic,27
SC02-09014,8.75,1.01,synthetic,60
SC02-09015,2.49,7.77,synthetic,23
SC02-09016,0.04,4.76,cotton,8
SC02-09017,5.56,2.16,synthetic,6
SC02-09018,4.76,2.07,cotton,59
SC02-09019,4.49,6.72,cotton,13
SC02-09020,9.82,5.09,cotton,35
SC02-09021,9.41,6.07,synthetic,6
SC02-09022,8.94,6.25,heavy,85
SC02-09023,9.12,3.3,delicate,67
SC02-09024,1.49,4.58,delicate,0
SC02-09025,6.07,4.04,cotton,3
SC02-09026,5.61,5.21,delicate,20
SC02-09027,9.44,1.41,synthetic,44
SC02-09028,1.8,4.97,synthetic,72
SC02-09029,4.14,0.78,cotton,26
SC02-09030,0.75,2.96,heavy,44
SC02-09031,1.15,3.21,delicate,25
SC02-09032,1.67,0.6,delicate,55
SC02-09033,8.64,7.14,synthetic,8
SC02-09034,4.65,0.59,synthetic,15
SC02-09035,9.47,7.5,delicate,56
SC02-09036,5.13,4.6,heavy,83
SC02-09037,3.5,5.76,heavy,41
SC02-09038,3.41,4.56,delicate,75
SC02-09039,3.39,6.15,synthetic,42
SC02-09040,0.43,5.14,heavy,22
SC02-09041,9.01,3.43,synthetic,86
SC02-09042,3.93,3.84,heavy,43
SC02-09043,1.04,7.33,synthetic,98
SC02-09044,6.9,0.8,cotton,83
SC02-09045,5.53,6.24,synthetic,5
SC02-09046,6.82,5.67,heavy,18
SC02-09047,1.06,7.08,synthetic,84
SC02-09048,1.93,2.72,cotton,73
SC02-09049,9.04,1.3,heavy,57
SC02-09050,2.56,0.75,heavy,72
SC02-09051,5.11,6.75,synthetic,68
SC02-09052,3.15,2.53,delicate,96
SC02-09053,0.86,3.46,heavy,58
SC02-09054,6.41,7.84,synthetic,11
SC02-09055,5.04,5.19,heavy,68
SC02-09056,6.11,2.88,heavy,60
SC02-09057,0.52,7.75,synthetic,73
SC02-09058,2.13,6.83,heavy,94
SC02-09059,2.66,5.57,cotton,33
SC02-09060,9.82,7.9,heavy,69
SC02-09061,0.15,3.8,synthetic,5
SC02-09062,4.82,4.92,heavy,44
SC02-09063,0.68,4.32,heavy,47
SC02-09064,3.94,4.85,heavy,89
SC02-09065,9.03,1.55,delicate,99
SC02-09066,7.77,7.7,cotton,60
SC02-09067,9.53,7.73,heavy,15
SC02-09068,1.41,3.42,heavy,23
SC02-09069,9.89,1.66,cotton,0
SC02-09070,0.27,6.35,heavy,84
SC02-09071,5.06,4.82,delicate,47
SC02-09072,2.34,5.79,cotton,43
SC02-09073,7.76,3.35,delicate,74
SC02-09074,5.4,5.93,delicate,42
SC02-09075,9.17,6.58,cotton,52
SC02-09076,6.53,0.85,cotton,3
SC02-09077,2.02,7.33,delicate,31
SC02-09078,8.22,3.54,cotton,16
SC02-09079,5.88,2.92,synthetic,78
SC02-09080,8.9,5.02,heavy,92
SC02-09081,8.03,6.62,delicate,94
SC02-09082,4.98,0.83,delicate,3
SC02-09083,4.99,7.54,delicate,35
SC02-09084,7.87,2.36,heavy,4
SC02-09085,9.93,6.38,delicate,93
SC02-09086,8.68,4.16,synthetic,36
SC02-09087,1.97,4.7,delicate,84
SC02-09088,7.28,6.69,heavy,30
SC02-09089,5.04,5.77,heavy,23
SC02-09090,8.75,7.3,heavy,90
SC02-09091,4.9,2.76,delicate,94
SC02-09092,3.25,7.79,heavy,54
SC02-09093,1.22,1.62,heavy,39
SC02-09094,0.67,1.78,synthetic,29
SC02-09095,6.28,2.38,heavy,22
SC02-09096,4.18,5.82,cotton,10
SC02-09097,6.33,1.52,cotton,73
SC02-09098,8.7,6.76,cotton,15
SC02-09099,3.14,6.39,delicate,59
SC02-09100,6.99,1.42,cotton,84
SC02-09101,6.96,2.67,synthetic,65
SC02-09102,2.59,6.35,heavy,58
SC02-09103,9.24,4.12,synthetic,85
SC02-09104,2.66,6.01,heavy,83
SC02-09105,6.96,3.43,synthetic,40
SC02-09106,4.18,4.92,cotton,73
SC02-09107,0.85,1.24,synthetic,47
SC02-09108,4.4,3.51,heavy,96
SC02-09109,8.15,7.49,heavy,92
SC02-09110,4.33,3.51,synthetic,61
SC02-09111,9.73,0.85,synthetic,16
SC02-09112,0.08,5.53,synthetic,82
SC02-09113,1.4,3.77,synthetic,41
SC02-09114,9.27,1.03,synthetic,7
SC02-09115,2.88,5.17,heavy,67
SC02-09116,1.34,4.69,heavy,18
SC02-09117,4.68,2.74,synthetic,18
SC02-09118,1.67,3.73,synthetic,88
SC02-09119,0.41,7.18,cotton,76
SC02-09120,8.27,4.01,cotton,82
SC02-09121,5.26,6.39,synthetic,4
SC02-09122,0.62,6.5,cotton,39
SC02-09123,4.15,7.7,cotton,74
SC02-09124,0.37,1.72,delicate,32
SC02-09125,2.47,1.95,cotton,72
SC02-09126,8.21,2.29,delicate,10
SC02-09127,1.08,1.34,synthetic,85
SC02-09128,0.21,3.15,synthetic,43
SC02-09129,5.23,2.9,cotton,89
SC02-09130,2.9,1.65,heavy,13
SC02-09131,3.44,2.57,heavy,77
SC02-09132,4.57,2.4,heavy,90
SC02-09133,9.54,2.08,delicate,57
SC02-09134,9.58,7.1,cotton,83
SC02-09135,5.02,5.84,delicate,84
SC02-09136,2.42,3.12,heavy,54
SC02-09137,9.14,3.74,cotton,84
SC02-09138,9.87,6.56,synthetic,90
SC02-09139,8.85,4.53,synthetic,8
SC02-09140,4.64,4.5,cotton,41
SC02-09141,9.45,3.4,delicate,88
SC02-09142,1.23,5.11,delicate,99
SC02-09143,8.22,6.01,cotton,33
SC02-09144,8.61,7.51,synthetic,81
SC02-09145,4.71,5.78,cotton,75
SC02-09146,1.96,6.51,synthetic,17
SC02-09147,4.32,6.95,delicate,62
SC02-09148,9.66,3.93,heavy,61
SC02-09149,5.65,6.79,delicate,11
SC02-09150,8.13,0.53,heavy,9
SC02-09151,6.07,0.94,synthetic,92
SC02-09152,7.41,6.98,delicate,24
SC02-09153,5.4,5.45,cotton,12
SC02-09154,9.15,1.43,synthetic,81
SC02-09155,0.75,0.81,synthetic,45
SC02-09156,7.31,3.37,synthetic,92
SC02-09157,2.71,5.66,cotton,4
SC02-09158,0.94,3.02,heavy,27
SC02-09159,6.32,2.27,cotton,86
SC02-09160,3.53,4.41,synthetic,24
SC02-09161,7.32,3.37,synthetic,30
SC02-09162,6.74,1.19,synthetic,1
SC02-09163,2.35,5.32,synthetic,40
SC02-09164,9.44,4.96,synthetic,8
SC02-09165,6.73,7.2,delicate,18
SC02-09166,8.84,4.47,cotton,96
SC02-09167,9.48,0.87,synthetic,47
SC02-09168,0.14,7.66,cotton,94
SC02-09169,8.67,7.56,delicate,74
SC02-09170,6.4,7.11,heavy,3
SC02-09171,1.4,2.52,synthetic,100
SC02-09172,2.02,0.68,delicate,59
SC02-09173,4.84,5.52,cotton,30
SC02-09174,6.78,5.77,cotton,16
SC02-09175,7.56,4.17,cotton,62
SC02-09176,4.36,3.07,heavy,50
SC02-09177,0.65,1.45,synthetic,60
SC02-09178,9.47,3.03,synthetic,71
SC02-09179,9.27,2.66,delicate,23
SC02-09180,9.09,3.55,delicate,43
SC02-09181,8.91,2.35,cotton,98
SC02-09182,5.77,7.02,synthetic,22
SC02-09183,4.63,0.88,cotton,8
SC02-09184,3.46,7.5,delicate,26
SC02-09185,8.85,6.73,cotton,81
SC02-09186,2.5,0.88,cotton,60
SC02-09187,6.19,6.06,synthetic,64
SC02-09188,1.81,2.66,heavy,60
SC02-09189,1.89,5.79,delicate,16
SC02-09190,6.03,5.03,delicate,28
SC02-09191,4.5,1.34,delicate,18
SC02-09192,9.86,3.1,cotton,72
SC02-09193,6.97,3.22,heavy,85
SC02-09194,9.2,7.62,cotton,10
SC02-09195,7.9,1.17,cotton,22
SC02-09196,0.34,7.45,heavy,83
SC02-09197,7.22,2.94,delicate,5
SC02-09198,0.04,2.57,synthetic,24
SC02-09199,3.94,7.07,heavy,34
SC02-09200,2.9,2.08,cotton,95
SC02-09201,7.78,6.56,heavy,75
SC02-09202,0.93,1.61,delicate,80
SC02-09203,0.56,5.22,cotton,56
SC02-09204,3.98,4.25,synthetic,20
SC02-09205,4.62,0.85,heavy,69
SC02-09206,3.2,4.12,delicate,77
SC02-09207,9.16,1.91,synthetic,27
SC02-09208,0.39,0.83,delicate,7
SC02-09209,6.66,2.09,cotton,43
SC02-09210,5.14,6.95,heavy,57
SC02-09211,8.85,2.63,synthetic,70
SC02-09212,4.13,4.1,synthetic,59
SC02-09213,6.54,2.31,synthetic,53
SC02-09214,6.38,2.15,synthetic,48
SC02-09215,3.54,6.42,heavy,67
SC02-09216,2.85,6.67,delicate,42
SC02-09217,2.97,3.58,cotton,42
SC02-09218,1.21,2.84,cotton,40
SC02-09219,9.73,6.17,synthetic,13
SC02-09220,7.88,6.82,heavy,50
SC02-09221,5.69,3.4,synthetic,74
SC02-09222,4.08,6.42,delicate,5
SC02-09223,7.86,5.3,cotton,90
SC02-09224,2.19,6.08,cotton,23
SC02-09225,5.69,3.46,synthetic,66
SC02-09226,2.56,1.55,delicate,72
SC02-09227,1.6,7.78,cotton,41
SC02-09228,0.93,2.49,synthetic,61
SC02-09229,9.18,5.25,cotton,58
SC02-09230,6.41,2.22,heavy,52
SC02-09231,0.45,1.03,cotton,54
SC02-09232,3.07,0.93,heavy,5
SC02-09233,5.45,2.16,heavy,19
SC02-09234,1.79,4.7,delicate,2
SC02-09235,6.2,2.0,cotton,39
SC02-09236,8.92,5.53,cotton,21
SC02-09237,6.07,3.27,delicate,91
SC02-09238,9.89,5.5,synthetic,72
SC02-09239,3.94,1.5,synthetic,3
SC02-09240,4.61,3.74,synthetic,25
SC02-09241,6.03,7.41,heavy,68
SC02-09242,9.34,5.44,synthetic,96
SC02-09243,4.99,3.93,delicate,6
SC02-09244,9.51,3.79,cotton,39
SC02-09245,3.03,3.73,heavy,48
SC02-09246,6.08,5.66,cotton,55
SC02-09247,9.29,6.65,synthetic,26
SC02-09248,5.18,4.29,synthetic,93
SC02-09249,0.16,2.95,cotton,42
SC02-09250,7.87,3.7,heavy,23
SC02-09251,3.77,4.74,cotton,26
SC02-09252,8.07,6.34,synthetic,57
SC02-09253,7.34,1.69,cotton,80
SC02-09254,9.45,5.88,heavy,69
SC02-09255,8.2,5.04,cotton,60
SC02-09256,9.61,5.96,synthetic,59
SC02-09257,1.77,6.36,cotton,32
SC02-09258,6.38,7.06,heavy,53
SC02-09259,3.98,0.84,delicate,38
SC02-09260,5.99,6.08,delicate,69
SC02-09261,0.48,3.34,heavy,21
SC02-09262,5.02,4.62,heavy,78
SC02-09263,9.67,2.54,synthetic,77
SC02-09264,8.94,2.41,delicate,96
SC02-09265,2.46,7.51,synthetic,10
SC02-09266,5.2,3.7,synthetic,53
SC02-09267,8.0,2.22,synthetic,34
SC02-09268,0.47,4.71,cotton,89
SC02-09269,6.56,7.02,cotton,69
SC02-09270,0.28,3.46,cotton,34
SC02-09271,4.69,4.89,cotton,82
SC02-09272,8.33,7.39,heavy,63
SC02-09273,6.02,6.39,delicate,11
SC02-09274,7.76,7.07,cotton,3
SC02-09275,0.77,2.11,synthetic,23
SC02-09276,0.31,5.2,cotton,74
SC02-09277,0.99,1.64,delicate,24
SC02-09278,2.42,6.69,cotton,86
SC02-09279,0.67,6.26,cotton,10
SC02-09280,1.68,0.84,cotton,15
SC02-09281,5.49,7.36,heavy,23
SC02-09282,0.35,1.34,synthetic,77
SC02-09283,0.18,6.86,cotton,12
SC02-09284,6.63,3.92,synthetic,51
SC02-09285,9.04,5.73,delicate,0
SC02-09286,6.99,5.68,delicate,59
SC02-09287,3.76,3.07,cotton,96
SC02-09288,1.74,2.71,synthetic,67
SC02-09289,2.38,7.93,heavy,14
SC02-09290,3.73,1.05,synthetic,92
SC02-09291,4.93,3.77,delicate,14
SC02-09292,4.65,5.2,heavy,1
SC02-09293,1.33,1.55,cotton,4
SC02-09294,8.44,0.9,cotton,84
SC02-09295,9.91,5.89,delicate,69
SC02-09296,9.33,2.02,delicate,22
SC02-09297,8.37,1.76,heavy,85
SC02-09298,6.81,0.69,cotton,22
SC02-09299,2.65,1.07,cotton,17
SC02-09300,6.83,6.16,cotton,91
SC02-09301,4.51,1.7,cotton,83
SC02-09302,8.69,7.13,delicate,28
SC02-09303,1.12,3.77,synthetic,92
SC02-09304,2.9,4.47,cotton,21
SC02-09305,8.91,4.21,delicate,12
SC02-09306,7.49,1.13,heavy,64
SC02-09307,1.11,6.52,heavy,94
SC02-09308,5.37,6.03,delicate,22
SC02-09309,3.2,3.0,heavy,32
SC02-09310,7.54,3.74,cotton,99
SC02-09311,0.16,1.78,synthetic,10
SC02-09312,4.83,6.55,synthetic,26
SC02-09313,6.41,0.67,delicate,46
SC02-09314,7.92,1.08,synthetic,99
SC02-09315,0.74,5.49,delicate,57
SC02-09316,3.22,2.9,synthetic,64
SC02-09317,3.2,4.61,heavy,62
SC02-09318,4.47,2.25,heavy,64
SC02-09319,2.51,3.89,heavy,6
SC02-09320,7.34,4.69,cotton,3
SC02-09321,6.5,3.45,synthetic,5
SC02-09322,3.4,4.32,synthetic,41
SC02-09323,7.18,0.56,heavy,20
SC02-09324,4.42,3.91,heavy,31
SC02-09325,9.3,1.53,cotton,72
SC02-09326,0.26,6.85,cotton,16
SC02-09327,0.11,1.31,cotton,8
SC02-09328,8.26,2.42,heavy,25
SC02-09329,8.5,4.51,delicate,79
SC02-09330,5.97,3.23,cotton,38
SC02-09331,0.41,2.86,delicate,86
SC02-09332,4.69,5.85,synthetic,60
SC02-09333,8.02,5.89,heavy,6
SC02-09334,6.68,2.54,synthetic,56
SC02-09335,5.67,7.34,heavy,24
SC02-09336,6.31,1.17,synthetic,7
SC02-09337,4.48,5.45,delicate,39
SC02-09338,6.35,4.57,delicate,31
SC02-09339,5.42,5.43,delicate,73
SC02-09340,0.62,1.43,synthetic,42
SC02-09341,6.99,4.25,heavy,59
SC02-09342,4.39,7.27,synthetic,16
SC02-09343,2.68,3.49,delicate,12
SC02-09344,4.84,4.76,delicate,57
SC02-09345,4.22,2.98,heavy,59
SC02-09346,7.58,0.8,cotton,85
SC02-09347,2.06,0.53,synthetic,29
SC02-09348,3.05,4.29,cotton,56
SC02-09349,4.6,1.52,cotton,93
SC02-09350,1.49,5.13,synthetic,81
SC02-09351,5.88,5.67,synthetic,67
SC02-09352,5.64,4.06,cotton,46
SC02-09353,7.09,4.24,heavy,21
SC02-09354,6.19,7.07,cotton,27
SC02-09355,6.29,3.05,heavy,87
SC02-09356,6.27,1.73,synthetic,3
SC02-09357,8.94,5.09,heavy,85
SC02-09358,4.24,5.85,synthetic,98
SC02-09359,3.84,4.5,synthetic,17
SC02-09360,6.77,2.36,cotton,40
SC02-09361,7.23,3.45,synthetic,16
SC02-09362,7.1,5.02,heavy,84
SC02-09363,4.54,1.75,cotton,60
SC02-09364,2.49,7.8,cotton,30
SC02-09365,8.57,7.21,heavy,80
SC02-09366,1.58,6.89,heavy,54
SC02-09367,1.94,2.53,delicate,14
SC02-09368,2.62,7.08,delicate,47
SC02-09369,3.98,1.97,synthetic,22
SC02-09370,9.72,3.62,heavy,21
SC02-09371,8.0,4.46,heavy,23
SC02-09372,8.87,1.96,heavy,4
SC02-09373,2.83,2.5,synthetic,91
SC02-09374,1.17,7.31,synthetic,26
SC02-09375,2.71,2.68,cotton,10
SC02-09376,0.77,4.0,synthetic,73
SC02-09377,2.65,7.94,synthetic,61
SC02-09378,6.42,1.75,delicate,80
SC02-09379,5.54,5.89,cotton,80
SC02-09380,7.68,3.34,delicate,46
SC02-09381,0.75,5.18,delicate,52
SC02-09382,2.73,4.18,cotton,32
SC02-09383,6.61,2.66,heavy,22
SC02-09384,2.53,5.96,synthetic,27
SC02-09385,6.52,5.16,heavy,47
SC02-09386,7.65,4.77,delicate,46
SC02-09387,2.4,0.52,heavy,40
SC02-09388,8.1,2.46,delicate,67
SC02-09389,2.2,2.58,cotton,87
SC02-09390,8.98,0.87,heavy,71
SC02-09391,1.72,2.93,cotton,9
SC02-09392,0.26,4.27,cotton,32
SC02-09393,4.05,2.75,cotton,95
SC02-09394,4.78,5.3,heavy,21
SC02-09395,3.09,6.09,delicate,34
SC02-09396,6.32,0.6,heavy,94
SC02-09397,7.43,3.42,delicate,48
SC02-09398,8.09,4.96,heavy,31
SC02-09399,7.5,7.35,delicate,18
SC02-09400,7.99,6.47,heavy,76
SC02-09401,9.56,5.22,heavy,43
SC02-09402,0.09,1.08,synthetic,56
SC02-09403,0.84,4.86,delicate,13
SC02-09404,9.0,2.89,cotton,93
SC02-09405,9.91,1.11,delicate,0
SC02-09406,9.1,6.21,cotton,61
SC02-09407,1.65,7.46,heavy,65
SC02-09408,9.62,5.29,delicate,22
SC02-09409,0.6,3.43,delicate,33
SC02-09410,7.48,5.13,synthetic,18
SC02-09411,3.72,6.88,heavy,97
SC02-09412,3.81,5.03,heavy,64
SC02-09413,8.75,1.73,delicate,82
SC02-09414,0.67,1.14,synthetic,17
SC02-09415,2.57,0.6,heavy,28
SC02-09416,8.42,1.77,heavy,8
SC02-09417,7.18,3.15,synthetic,21
SC02-09418,5.19,7.45,synthetic,94
SC02-09419,5.99,7.0,synthetic,58
SC02-09420,9.75,5.45,heavy,27
SC02-09421,8.95,7.23,cotton,75
SC02-09422,2.3,3.05,heavy,61
SC02-09423,5.75,5.45,cotton,49
SC02-09424,4.44,0.62,synthetic,92
SC02-09425,6.26,0.8,cotton,77
SC02-09426,2.73,5.54,delicate,40
SC02-09427,0.04,2.61,cotton,72
SC02-09428,0.56,2.27,heavy,94
SC02-09429,0.25,1.5,synthetic,98
SC02-09430,5.52,3.57,heavy,54
SC02-09431,7.17,6.91,heavy,27
SC02-09432,3.57,5.57,heavy,2
SC02-09433,9.07,2.95,delicate,21
SC02-09434,0.87,1.16,synthetic,16
SC02-09435,3.89,5.47,heavy,39
SC02-09436,8.38,2.64,delicate,67
SC02-09437,0.23,6.39,synthetic,44
SC02-09438,5.82,0.96,synthetic,100
SC02-09439,6.07,2.26,heavy,47
SC02-09440,2.4,1.68,synthetic,82
SC02-09441,2.44,6.3,synthetic,4
SC02-09442,8.23,5.92,heavy,87
SC02-09443,9.27,6.3,synthetic,58
SC02-09444,8.96,4.14,synthetic,71
SC02-09445,8.12,6.49,synthetic,93
SC02-09446,9.2,1.66,delicate,21
SC02-09447,1.71,2.98,synthetic,53
SC02-09448,4.58,4.94,delicate,10
SC02-09449,6.6,6.54,cotton,20
SC02-09450,8.52,4.92,cotton,79
SC02-09451,2.74,5.64,heavy,41
SC02-09452,8.77,2.07,heavy,63
SC02-09453,2.55,7.05,delicate,18
SC02-09454,0.6,2.18,synthetic,34
SC02-09455,0.38,0.51,synthetic,97
SC02-09456,0.9,4.78,delicate,16
SC02-09457,2.83,3.61,synthetic,60
SC02-09458,8.89,2.16,synthetic,8
SC02-09459,7.07,2.01,heavy,48
SC02-09460,7.05,3.0,synthetic,53
SC02-09461,0.7,1.48,heavy,95
SC02-09462,1.68,2.53,synthetic,18
SC02-09463,0.22,6.43,cotton,33
SC02-09464,8.85,1.07,heavy,67
SC02-09465,4.96,3.87,cotton,83
SC02-09466,3.82,3.12,cotton,84
SC02-09467,2.19,4.31,synthetic,13
SC02-09468,7.12,5.1,heavy,10
SC02-09469,8.04,6.54,delicate,31
SC02-09470,2.02,6.71,cotton,7
SC02-09471,5.05,3.3,synthetic,11
SC02-09472,5.29,2.76,heavy,83
SC02-09473,8.04,3.72,cotton,86
SC02-09474,0.16,5.04,cotton,11
SC02-09475,2.23,7.33,delicate,93
SC02-09476,1.58,7.31,delicate,74
SC02-09477,2.4,3.62,heavy,63
SC02-09478,9.4,6.37,heavy,30
SC02-09479,8.53,3.07,heavy,48
SC02-09480,3.11,3.11,synthetic,79
SC02-09481,8.86,2.06,delicate,78
SC02-09482,3.31,6.96,synthetic,25
SC02-09483,3.58,6.04,delicate,13
SC02-09484,9.02,1.55,cotton,73
SC02-09485,3.15,2.04,delicate,68
SC02-09486,6.18,6.13,cotton,88
SC02-09487,2.49,5.4,delicate,26
SC02-09488,3.65,6.09,delicate,39
SC02-09489,9.74,4.4,synthetic,95
SC02-09490,7.85,3.98,cotton,48
SC02-09491,2.5,3.74,heavy,1
SC02-09492,3.86,2.61,delicate,40
SC02-09493,6.32,1.42,synthetic,39
SC02-09494,8.15,4.08,cotton,13
SC02-09495,9.33,7.28,heavy,36
SC02-09496,5.62,2.34,synthetic,84
SC02-09497,1.36,5.73,heavy,31
SC02-09498,0.55,4.87,delicate,55
SC02-09499,5.67,6.69,cotton,44
SC02-09500,1.68,0.75,cotton,94
SC02-09501,7.98,7.68,cotton,58
SC02-09502,4.62,1.34,synthetic,69
SC02-09503,1.81,2.48,delicate,75
SC02-09504,6.7,6.7,synthetic,77
SC02-09505,3.58,1.12,synthetic,79
SC02-09506,5.82,6.12,synthetic,40
SC02-09507,8.36,3.45,synthetic,38
SC02-09508,4.33,6.26,cotton,30
SC02-09509,8.25,0.54,synthetic,9
SC02-09510,9.69,1.77,cotton,94
SC02-09511,5.26,4.22,synthetic,42
SC02-09512,2.56,7.18,delicate,64
SC02-09513,5.88,6.22,synthetic,97
SC02-09514,0.45,7.2,synthetic,48
SC02-09515,4.51,0.83,cotton,54
SC02-09516,4.9,6.19,synthetic,5
SC02-09517,7.43,7.31,delicate,7
SC02-09518,7.97,2.82,delicate,59
SC02-09519,4.84,5.83,heavy,30
SC02-09520,2.7,6.88,delicate,86
SC02-09521,2.48,3.6,cotton,84
SC02-09522,2.98,6.1,cotton,87
SC02-09523,7.46,3.39,synthetic,44
SC02-09524,4.81,6.82,heavy,44
SC02-09525,2.89,1.84,cotton,16
SC02-09526,7.6,6.16,heavy,87
SC02-09527,8.99,3.04,delicate,45
SC02-09528,6.8,3.67,heavy,66
SC02-09529,9.36,1.03,synthetic,95
SC02-09530,4.68,5.69,synthetic,53
SC02-09531,6.77,1.11,heavy,53
SC02-09532,5.6,4.87,synthetic,5
SC02-09533,5.66,3.65,cotton,49
SC02-09534,2.51,5.29,synthetic,72
SC02-09535,8.83,2.85,heavy,14
SC02-09536,8.64,1.04,cotton,75
SC02-09537,3.34,7.88,cotton,16
SC02-09538,2.61,3.29,delicate,65
SC02-09539,1.49,3.46,heavy,8
SC02-09540,5.93,1.11,cotton,82
SC02-09541,7.09,7.28,heavy,94
SC02-09542,8.92,4.69,heavy,74
SC02-09543,4.86,2.78,heavy,73
SC02-09544,7.54,4.31,heavy,94
SC02-09545,1.98,4.79,cotton,7
SC02-09546,3.48,4.21,delicate,33
SC02-09547,7.09,3.42,cotton,23
SC02-09548,7.62,6.6,delicate,54
SC02-09549,2.5,2.26,delicate,17
SC02-09550,4.83,3.54,delicate,14
SC02-09551,4.88,2.03,delicate,96
SC02-09552,6.06,4.78,heavy,31
SC02-09553,4.67,5.62,delicate,67
SC02-09554,3.63,3.09,heavy,0
SC02-09555,4.2,1.62,cotton,1
SC02-09556,4.13,3.11,heavy,26
SC02-09557,6.41,3.15,heavy,47
SC02-09558,3.92,5.99,cotton,98
SC02-09559,6.08,2.82,delicate,0
SC02-09560,7.99,7.1,delicate,27
SC02-09561,8.55,1.7,cotton,2
SC02-09562,2.18,1.46,cotton,90
SC02-09563,4.44,6.99,heavy,26
SC02-09564,7.48,2.94,cotton,100
SC02-09565,3.42,3.6,delicate,71
SC02-09566,5.15,6.15,delicate,31
SC02-09567,8.35,4.55,heavy,86
SC02-09568,7.04,4.87,heavy,17
SC02-09569,6.61,4.72,cotton,83
SC02-09570,9.68,7.06,delicate,12
SC02-09571,6.56,1.73,delicate,59
SC02-09572,4.84,5.02,cotton,81
SC02-09573,3.91,3.39,cotton,50
SC02-09574,6.51,7.54,synthetic,61
SC02-09575,1.75,1.05,cotton,20
SC02-09576,4.14,6.87,synthetic,43
SC02-09577,0.1,2.01,heavy,78
SC02-09578,0.49,1.8,synthetic,3
SC02-09579,8.33,4.18,cotton,44
SC02-09580,6.33,1.98,delicate,84
SC02-09581,2.01,5.83,synthetic,16
SC02-09582,8.45,3.86,synthetic,53
SC02-09583,4.52,1.24,synthetic,6
SC02-09584,8.13,6.71,cotton,6
SC02-09585,3.69,4.26,delicate,58
SC02-09586,7.9,1.44,heavy,42
SC02-09587,1.52,6.87,synthetic,69
SC02-09588,6.04,4.25,cotton,92
SC02-09589,5.99,4.29,cotton,0
SC02-09590,9.07,1.05,delicate,35
SC02-09591,5.87,3.81,heavy,34
SC02-09592,5.74,2.35,delicate,52
SC02-09593,8.57,3.8,synthetic,17
SC02-09594,5.08,7.96,cotton,90
SC02-09595,9.47,6.13,delicate,72
SC02-09596,6.56,5.42,delicate,16
SC02-09597,5.63,4.71,synthetic,74
SC02-09598,7.79,1.92,synthetic,94
SC02-09599,8.58,3.94,heavy,50
SC02-09600,0.77,7.11,heavy,43
SC02-09601,6.25,0.62,delicate,90
SC02-09602,8.95,6.88,synthetic,76
SC02-09603,3.47,3.5,heavy,65
SC02-09604,1.88,7.6,synthetic,96
SC02-09605,5.91,1.91,delicate,14
SC02-09606,5.79,2.64,cotton,81
SC02-09607,4.6,3.61,delicate,71
SC02-09608,7.75,5.54,heavy,4
SC02-09609,7.05,4.2,delicate,56
SC02-09610,1.36,5.52,delicate,28
SC02-09611,9.26,5.84,delicate,8
SC02-09612,1.58,6.19,heavy,50
SC02-09613,8.52,3.71,cotton,56
SC02-09614,1.64,0.63,heavy,28
SC02-09615,2.95,2.38,cotton,48
SC02-09616,3.62,4.12,heavy,81
SC02-09617,1.01,5.22,delicate,44
SC02-09618,4.06,6.93,heavy,36
SC02-09619,8.39,6.85,heavy,62
SC02-09620,4.78,2.88,heavy,57
SC02-09621,2.01,2.33,heavy,32
SC02-09622,7.26,0.54,synthetic,34
SC02-09623,9.88,7.21,heavy,95
SC02-09624,9.67,5.89,delicate,96
SC02-09625,3.54,7.76,heavy,68
SC02-09626,1.25,6.87,synthetic,27
SC02-09627,9.81,1.52,cotton,54
SC02-09628,8.39,3.65,synthetic,34
SC02-09629,9.84,6.33,delicate,87
SC02-09630,0.33,2.96,delicate,39
SC02-09631,0.14,1.18,synthetic,49
SC02-09632,1.22,2.87,heavy,98
SC02-09633,7.33,0.81,delicate,74
SC02-09634,6.72,7.75,delicate,57
SC02-09635,2.1,4.3,synthetic,32
SC02-09636,3.92,7.38,cotton,80
SC02-09637,3.09,4.22,cotton,51
SC02-09638,7.53,2.24,delicate,70
SC02-09639,6.04,1.28,delicate,73
SC02-09640,5.31,7.6,heavy,63
SC02-09641,0.68,2.14,delicate,25
SC02-09642,9.59,3.13,cotton,84
SC02-09643,5.42,2.4,cotton,45
SC02-09644,6.3,1.28,delicate,25
SC02-09645,7.56,5.01,delicate,73
SC02-09646,2.94,5.46,synthetic,8
SC02-09647,8.26,2.85,heavy,79
SC02-09648,6.25,6.65,delicate,93
SC02-09649,6.83,6.2,cotton,31
SC02-09650,5.58,5.82,heavy,59
SC02-09651,3.89,3.73,heavy,21
SC02-09652,8.42,4.43,synthetic,9
SC02-09653,8.94,6.36,synthetic,2
SC02-09654,6.48,4.73,heavy,70
SC02-09655,2.18,3.96,synthetic,85
SC02-09656,7.0,1.96,delicate,65
SC02-09657,1.97,2.29,cotton,81
SC02-09658,6.23,5.63,heavy,90
SC02-09659,0.09,3.39,heavy,31
SC02-09660,5.1,7.08,heavy,15
SC02-09661,3.48,2.82,delicate,70
SC02-09662,3.26,2.17,delicate,9
SC02-09663,8.13,4.32,delicate,43
SC02-09664,4.38,3.87,heavy,63
SC02-09665,0.71,1.52,cotton,97
SC02-09666,0.33,2.21,cotton,67
SC02-09667,9.7,7.93,synthetic,56
SC02-09668,2.7,3.18,cotton,30
SC02-09669,6.8,0.6,heavy,1
SC02-09670,3.78,4.17,heavy,14
SC02-09671,5.95,5.33,synthetic,97
SC02-09672,5.97,5.47,cotton,48
SC02-09673,3.24,6.13,heavy,8
SC02-09674,1.89,3.54,heavy,61
SC02-09675,9.48,5.74,delicate,88
SC02-09676,7.45,2.87,heavy,45
SC02-09677,7.66,3.17,synthetic,38
SC02-09678,6.78,7.62,cotton,41
SC02-09679,1.39,3.64,delicate,90
SC02-09680,1.13,4.4,delicate,97
SC02-09681,9.25,6.64,synthetic,94
SC02-09682,4.33,7.2,cotton,69
SC02-09683,8.65,1.06,heavy,54
SC02-09684,2.87,3.65,delicate,83
SC02-09685,3.68,5.46,delicate,77
SC02-09686,5.45,4.28,cotton,8
SC02-09687,8.59,2.18,heavy,41
SC02-09688,7.03,1.83,heavy,40
SC02-09689,5.09,3.71,cotton,80
SC02-09690,2.99,6.09,synthetic,48
SC02-09691,2.03,2.31,cotton,99
SC02-09692,5.4,1.63,synthetic,79
SC02-09693,9.72,3.2,synthetic,98
SC02-09694,3.21,0.9,delicate,40
SC02-09695,8.64,7.05,heavy,67
SC02-09696,9.39,5.28,heavy,24
SC02-09697,5.35,0.56,cotton,21
SC02-09698,9.62,7.97,cotton,59
SC02-09699,0.89,1.33,heavy,98
SC02-09700,1.61,7.47,heavy,74
SC02-09701,9.36,7.69,synthetic,61
SC02-09702,4.18,6.54,cotton,80
SC02-09703,4.69,2.07,synthetic,83
SC02-09704,9.94,4.02,heavy,96
SC02-09705,8.7,1.89,delicate,73
SC02-09706,9.91,1.92,delicate,78
SC02-09707,1.55,5.93,synthetic,11
SC02-09708,7.72,5.85,cotton,89
SC02-09709,2.23,4.33,delicate,97
SC02-09710,9.99,3.44,synthetic,30
SC02-09711,6.85,2.38,delicate,64
SC02-09712,3.61,3.06,synthetic,8
SC02-09713,8.43,5.1,synthetic,68
SC02-09714,8.98,7.16,cotton,10
SC02-09715,2.61,0.53,cotton,44
SC02-09716,4.02,0.71,cotton,64
SC02-09717,1.51,4.06,synthetic,85
SC02-09718,3.03,5.09,synthetic,57
SC02-09719,5.8,6.16,heavy,46
SC02-09720,4.43,3.7,heavy,83
SC02-09721,1.39,1.96,synthetic,7
SC02-09722,5.25,1.79,heavy,68
SC02-09723,3.14,2.69,cotton,38
SC02-09724,4.38,0.88,cotton,26
SC02-09725,0.2,1.77,synthetic,69
SC02-09726,4.39,4.4,synthetic,50
SC02-09727,4.67,7.06,cotton,50
SC02-09728,2.09,3.47,cotton,2
SC02-09729,8.52,2.7,delicate,13
SC02-09730,4.69,6.08,cotton,65
SC02-09731,7.69,2.27,cotton,89
SC02-09732,8.91,2.84,delicate,65
SC02-09733,8.25,2.63,heavy,36
SC02-09734,5.71,5.24,heavy,30
SC02-09735,2.54,5.39,cotton,87
SC02-09736,0.35,7.57,delicate,91
SC02-09737,9.51,1.23,heavy,30
SC02-09738,7.69,3.74,cotton,67
SC02-09739,2.74,6.78,synthetic,9
SC02-09740,2.9,0.52,synthetic,58
SC02-09741,6.15,7.45,heavy,19
SC02-09742,1.63,4.81,delicate,97
SC02-09743,8.38,5.25,synthetic,67
SC02-09744,4.27,0.77,heavy,95
SC02-09745,0.44,5.45,delicate,23
SC02-09746,8.66,7.18,synthetic,53
SC02-09747,5.91,5.28,heavy,33
SC02-09748,6.12,3.02,delicate,92
SC02-09749,3.8,6.65,synthetic,35
SC02-09750,0.73,0.68,heavy,80
SC02-09751,4.92,4.58,synthetic,60
SC02-09752,8.74,2.16,cotton,9
SC02-09753,4.31,0.92,cotton,87
SC02-09754,2.74,7.23,cotton,44
SC02-09755,2.66,2.41,delicate,58
SC02-09756,0.76,1.01,delicate,87
SC02-09757,4.64,1.79,synthetic,3
SC02-09758,1.69,5.46,delicate,44
SC02-09759,6.39,6.12,heavy,55
SC02-09760,4.45,2.39,synthetic,29
SC02-09761,9.3,5.43,delicate,63
SC02-09762,7.64,2.41,synthetic,45
SC02-09763,2.55,6.58,cotton,72
SC02-09764,9.19,7.0,cotton,37
SC02-09765,7.54,4.84,cotton,0
SC02-09766,8.21,1.85,delicate,45
SC02-09767,7.86,1.86,synthetic,17
SC02-09768,1.11,3.8,heavy,70
SC02-09769,0.04,7.79,cotton,53
SC02-09770,6.07,1.75,delicate,41
SC02-09771,7.59,4.08,cotton,91
SC02-09772,1.36,6.12,delicate,29
SC02-09773,8.87,2.72,delicate,31
SC02-09774,8.18,5.66,cotton,46
SC02-09775,0.46,6.17,heavy,32
SC02-09776,6.0,6.61,cotton,71
SC02-09777,2.3,7.7,synthetic,6
SC02-09778,7.59,7.49,cotton,61
SC02-09779,6.42,3.16,cotton,76
SC02-09780,5.84,2.5,synthetic,94
SC02-09781,5.25,1.93,delicate,66
SC02-09782,4.11,2.41,delicate,36
SC02-09783,5.57,5.42,cotton,75
SC02-09784,6.49,4.37,delicate,42
SC02-09785,9.75,6.15,synthetic,85
SC02-09786,5.11,4.22,delicate,42
SC02-09787,5.85,6.77,delicate,71
SC02-09788,1.25,2.09,heavy,21
SC02-09789,1.05,5.11,heavy,32
SC02-09790,2.89,4.03,cotton,72
SC02-09791,1.07,1.04,delicate,62
SC02-09792,9.4,6.91,delicate,3
SC02-09793,2.0,2.42,heavy,67
SC02-09794,6.8,4.28,synthetic,67
SC02-09795,3.96,5.56,heavy,96
SC02-09796,2.08,2.7,synthetic,76
SC02-09797,3.78,3.33,delicate,56
SC02-09798,1.35,3.45,delicate,98
SC02-09799,2.92,7.11,heavy,33
SC02-09800,1.04,0.55,delicate,69
SC02-09801,0.02,3.77,cotton,64
SC02-09802,6.39,3.17,cotton,68
SC02-09803,6.78,4.89,synthetic,0
SC02-09804,3.06,4.86,synthetic,14
SC02-09805,4.02,1.53,synthetic,61
SC02-09806,9.74,3.3,heavy,53
SC02-09807,5.61,7.6,delicate,27
SC02-09808,6.66,1.24,cotton,51
SC02-09809,4.7,1.02,synthetic,19
SC02-09810,2.62,5.36,delicate,31
SC02-09811,3.38,4.16,synthetic,20
SC02-09812,6.1,7.09,cotton,96
SC02-09813,6.13,0.59,synthetic,30
SC02-09814,5.99,1.52,heavy,5
SC02-09815,5.22,4.53,synthetic,24
SC02-09816,1.81,6.54,heavy,30
SC02-09817,2.9,6.99,delicate,10
SC02-09818,2.54,6.57,heavy,92
SC02-09819,3.05,7.84,synthetic,93
SC02-09820,4.89,5.54,heavy,59
SC02-09821,0.37,6.21,delicate,73
SC02-09822,9.83,3.94,delicate,77
SC02-09823,3.1,6.67,heavy,43
SC02-09824,5.75,7.59,cotton,78
SC02-09825,3.85,6.35,delicate,84
SC02-09826,2.01,5.65,delicate,43
SC02-09827,4.7,7.31,heavy,69
SC02-09828,9.04,5.97,delicate,6
SC02-09829,5.19,6.09,synthetic,14
SC02-09830,7.06,4.23,synthetic,54
SC02-09831,6.25,2.58,cotton,4
SC02-09832,4.74,5.85,cotton,13
SC02-09833,8.98,4.27,heavy,84
SC02-09834,4.54,1.01,heavy,73
SC02-09835,5.88,3.4,heavy,23
SC02-09836,2.32,2.35,delicate,15
SC02-09837,0.32,4.54,synthetic,56
SC02-09838,9.97,7.38,heavy,57
SC02-09839,9.33,1.33,cotton,49
SC02-09840,3.28,4.08,cotton,70
SC02-09841,8.32,4.65,cotton,98
SC02-09842,5.87,1.38,heavy,97
SC02-09843,5.62,5.31,synthetic,83
SC02-09844,1.65,4.83,delicate,79
SC02-09845,8.79,0.69,synthetic,12
SC02-09846,7.19,3.11,synthetic,47
SC02-09847,1.93,5.85,delicate,90
SC02-09848,7.95,2.11,heavy,26
SC02-09849,1.24,2.91,heavy,63
SC02-09850,0.22,6.66,heavy,96
SC02-09851,6.22,2.42,delicate,34
SC02-09852,7.5,0.52,delicate,95
SC02-09853,7.34,0.77,heavy,47
SC02-09854,4.1,1.62,delicate,6
SC02-09855,7.27,2.84,delicate,56
SC02-09856,7.69,5.05,cotton,74
SC02-09857,4.11,6.05,cotton,93
SC02-09858,5.62,5.46,synthetic,95
SC02-09859,7.92,1.65,cotton,95
SC02-09860,2.67,7.96,heavy,73
SC02-09861,8.23,4.99,synthetic,14
SC02-09862,7.97,5.32,heavy,88
SC02-09863,1.95,3.58,synthetic,35
SC02-09864,4.45,7.55,heavy,71
SC02-09865,7.02,7.55,cotton,85
SC02-09866,4.84,1.0,delicate,89
SC02-09867,3.23,7.8,cotton,45
SC02-09868,6.48,4.93,heavy,88
SC02-09869,8.07,3.95,synthetic,24
SC02-09870,7.15,0.52,delicate,60
SC02-09871,2.89,2.18,delicate,32
SC02-09872,0.61,7.44,synthetic,48
SC02-09873,9.54,0.94,synthetic,15
SC02-09874,2.01,1.25,heavy,63
SC02-09875,4.65,1.61,delicate,56
SC02-09876,1.1,1.67,heavy,73
SC02-09877,9.93,6.01,heavy,13
SC02-09878,4.39,2.1,synthetic,1
SC02-09879,4.1,6.48,synthetic,22
SC02-09880,10.0,3.94,delicate,88
SC02-09881,2.94,4.34,delicate,62
SC02-09882,9.08,3.55,heavy,17
SC02-09883,9.33,1.76,heavy,4
SC02-09884,1.44,3.11,cotton,9
SC02-09885,3.96,7.88,cotton,73
SC02-09886,0.67,4.33,heavy,34
SC02-09887,8.86,1.45,heavy,6
SC02-09888,8.26,3.38,heavy,65
SC02-09889,1.58,5.4,cotton,55
SC02-09890,6.2,3.43,delicate,40
SC02-09891,7.1,5.77,delicate,84
SC02-09892,8.13,3.45,delicate,30
SC02-09893,2.57,5.76,heavy,28
SC02-09894,0.94,1.51,delicate,91
SC02-09895,4.32,3.79,heavy,41
SC02-09896,2.86,0.53,cotton,94
SC02-09897,6.35,2.58,delicate,88
SC02-09898,8.62,7.83,synthetic,28
SC02-09899,3.35,5.76,heavy,9
SC02-09900,4.66,5.49,synthetic,70
SC02-09901,8.89,2.3,delicate,42
SC02-09902,4.53,1.9,cotton,48
SC02-09903,7.76,3.83,heavy,37
SC02-09904,3.57,6.74,cotton,52
SC02-09905,1.1,1.39,heavy,1
SC02-09906,9.93,3.11,synthetic,63
SC02-09907,0.08,7.73,cotton,79
SC02-09908,9.46,0.77,heavy,68
SC02-09909,4.93,6.48,synthetic,11
SC02-09910,1.27,1.93,heavy,83
SC02-09911,1.73,7.5,heavy,76
SC02-09912,1.5,3.49,synthetic,55
SC02-09913,0.25,3.37,cotton,42
SC02-09914,6.66,0.97,delicate,61
SC02-09915,8.0,7.64,heavy,88
SC02-09916,9.52,1.07,cotton,60
SC02-09917,8.77,2.38,synthetic,27
SC02-09918,0.67,7.84,heavy,25
SC02-09919,2.67,7.01,synthetic,67
SC02-09920,6.46,5.52,heavy,54
SC02-09921,6.88,1.34,synthetic,53
SC02-09922,7.63,3.48,heavy,9
SC02-09923,3.2,7.54,heavy,98
SC02-09924,3.35,1.63,cotton,16
SC02-09925,8.47,6.43,heavy,5
SC02-09926,7.41,4.33,delicate,13
SC02-09927,2.7,5.68,cotton,74
SC02-09928,7.21,1.04,synthetic,5
SC02-09929,7.74,4.67,synthetic,31
SC02-09930,4.47,6.43,synthetic,70
SC02-09931,6.66,7.38,delicate,17
SC02-09932,8.94,4.36,heavy,96
SC02-09933,9.26,2.37,delicate,66
SC02-09934,8.52,2.93,delicate,42
SC02-09935,8.53,7.32,delicate,69
SC02-09936,1.21,0.62,cotton,36
SC02-09937,7.12,0.69,delicate,70
SC02-09938,8.39,1.34,delicate,43
SC02-09939,3.77,7.62,cotton,43
SC02-09940,9.57,4.39,heavy,75
SC02-09941,5.9,5.26,delicate,99
SC02-09942,2.36,1.01,heavy,89
SC02-09943,4.15,2.78,delicate,17
SC02-09944,9.61,1.06,synthetic,55
SC02-09945,9.63,6.72,synthetic,18
SC02-09946,5.06,1.62,synthetic,72
SC02-09947,5.24,1.93,cotton,6
SC02-09948,4.57,6.57,synthetic,74
SC02-09949,9.01,5.93,delicate,22
SC02-09950,3.89,6.96,cotton,0
SC02-09951,2.45,1.09,synthetic,95
SC02-09952,4.33,3.63,synthetic,63
SC02-09953,7.15,7.04,heavy,50
SC02-09954,3.54,6.88,delicate,27
SC02-09955,0.23,7.85,synthetic,7
SC02-09956,3.03,7.45,heavy,37
SC02-09957,6.49,3.48,synthetic,5
SC02-09958,5.28,1.58,synthetic,24
SC02-09959,7.94,1.48,cotton,28
SC02-09960,0.23,7.97,synthetic,93
SC02-09961,9.79,4.64,heavy,49
SC02-09962,2.55,7.38,heavy,12
SC02-09963,8.93,5.52,synthetic,99
SC02-09964,3.63,2.38,heavy,15
SC02-09965,5.04,0.6,synthetic,64
SC02-09966,2.0,2.34,delicate,66
SC02-09967,2.19,2.53,synthetic,18
SC02-09968,6.75,4.05,synthetic,72
SC02-09969,5.46,4.32,cotton,1
SC02-09970,4.33,3.37,heavy,78
SC02-09971,1.96,3.28,heavy,18
SC02-09972,9.52,3.77,cotton,17
SC02-09973,2.4,4.54,delicate,22
SC02-09974,4.7,2.23,synthetic,15
SC02-09975,5.32,5.1,synthetic,43
SC02-09976,6.35,4.03,delicate,20
SC02-09977,9.05,6.38,cotton,65
SC02-09978,0.18,6.96,heavy,10
SC02-09979,6.78,0.7,cotton,72
SC02-09980,2.96,7.01,delicate,17
SC02-09981,7.49,5.45,synthetic,34
SC02-09982,4.55,6.33,cotton,35
SC02-09983,0.95,7.1,synthetic,89
SC02-09984,2.47,1.05,cotton,23
SC02-09985,9.5,6.02,delicate,67
SC02-09986,4.31,5.47,heavy,59
SC02-09987,8.57,5.28,heavy,54
SC02-09988,6.4,7.7,synthetic,60
SC02-09989,4.82,5.26,delicate,91
SC02-09990,9.27,1.1,delicate,37
SC02-09991,0.02,2.23,synthetic,31
SC02-09992,7.42,6.85,cotton,50
SC02-09993,0.18,1.14,heavy,60
SC02-09994,7.12,6.39,synthetic,82
SC02-09995,2.22,7.0,synthetic,18
SC02-09996,1.33,2.09,cotton,78
SC02-09997,1.3,2.48,synthetic,97
SC02-09998,4.93,3.88,cotton,58
SC02-09999,4.56,3.22,synthetic,6
SC02-10000,1.65,1.3,synthetic,23
